Age,Avg Monthly GB Download,Avg Monthly Long Distance Charges,CLTV,Contract,Dependents,Device Protection Plan,Gender,Internet Service,Internet Type,Latitude,Longitude,Married,Monthly Charge,Multiple Lines,Number of Dependents,Number of Referrals,Offer,Online Backup,Online Security,Paperless Billing,Partner,Payment Method,Phone Service,Premium Tech Support,Referred a Friend,Satisfaction Score,Senior Citizen,Streaming Movies,Streaming Music,Streaming TV,Tenure in Months,Total Charges,Total Extra Data Charges,Total Long Distance Charges,Total Refunds,Total Revenue,Unlimited Data,Churn
72,4,19.44,4849,Two Year,0,1,Female,1,Fiber Optic,37.538309,-122.305109,1,88.4,0,0,1,,1,0,0,1,Bank Withdrawal,1,0,1,3,1,1,1,0,25,2191.15,0,486.0,0.0,2677.15,1,0
27,59,45.62,3715,Month-to-Month,0,1,Male,1,Fiber Optic,38.432145,-120.77069,0,95.5,1,0,0,,0,0,0,0,Bank Withdrawal,1,1,0,3,0,0,0,1,35,3418.2,0,1596.7,0.0,5014.9,1,0
59,0,16.07,5092,Month-to-Month,0,0,Male,0,,37.007882,-122.065975,1,19.6,0,0,3,,0,0,0,1,Bank Withdrawal,1,0,1,5,0,0,0,0,46,851.2,0,739.22,0.0,1590.42,0,0
25,27,0.0,2068,One Year,0,1,Male,1,DSL,33.924143,-117.79387,1,45.85,0,0,3,,1,0,1,1,Credit Card,0,0,1,4,0,1,1,0,27,1246.4,30,0.0,0.0,1276.4,0,0
31,21,17.22,4026,One Year,0,1,Male,1,Cable,37.311088,-121.961786,1,60.3,0,0,1,Offer B,1,1,0,1,Credit Card,1,0,1,2,0,0,0,0,58,3563.8,0,998.76,0.0,4562.56,1,1
32,30,11.94,5351,Month-to-Month,0,1,Male,1,Cable,38.033219,-121.297433,0,100.95,1,0,0,Offer E,0,0,1,0,Bank Withdrawal,1,0,0,1,0,1,1,1,3,329.95,10,35.82,0.0,375.77,0,1
36,8,10.23,5436,Month-to-Month,0,0,Male,1,Fiber Optic,37.942551,-122.491642,1,89.25,0,0,2,,0,1,1,1,Bank Withdrawal,1,1,1,3,0,1,1,0,24,2210.2,0,245.52,0.0,2455.72,1,0
48,16,8.98,5413,Month-to-Month,0,1,Female,1,Fiber Optic,37.380662,-122.086022,1,100.55,1,0,3,Offer B,1,1,1,1,Bank Withdrawal,1,0,1,2,0,0,0,1,63,6215.35,0,565.74,0.0,6781.09,0,1
72,14,44.81,5388,Two Year,0,1,Female,1,Fiber Optic,34.297628,-119.014627,0,111.65,1,0,0,Offer A,1,0,0,0,Bank Withdrawal,1,1,0,5,1,1,0,1,72,7943.45,0,3226.32,0.0,11169.77,1,0
54,12,14.88,3172,Month-to-Month,1,0,Male,1,DSL,32.957195,-117.202542,0,60.95,1,2,0,,1,1,0,0,Bank Withdrawal,1,0,0,4,0,0,0,0,2,134.6,0,29.76,0.0,164.36,1,0
67,22,44.26,2364,One Year,0,1,Female,1,Fiber Optic,35.151491,-117.927597,1,90.7,1,0,1,,0,0,1,1,Bank Withdrawal,1,0,1,3,1,0,0,1,31,2835.5,0,1372.06,0.0,4207.56,1,0
79,2,32.62,2901,Two Year,0,0,Female,1,Fiber Optic,34.199787,-118.68493,1,69.3,0,0,1,Offer E,0,0,1,1,Bank Withdrawal,1,0,1,4,1,0,0,0,2,153.8,0,65.24,0.0,219.04,1,0
20,71,26.64,4515,One Year,0,1,Male,1,DSL,40.949012,-123.655847,1,73.05,0,0,5,Offer B,0,1,1,1,Credit Card,1,0,1,3,0,1,1,1,64,4688.65,0,1704.96,0.0,6393.61,1,0
30,30,26.26,2876,Month-to-Month,0,0,Female,1,Fiber Optic,35.858054,-119.305858,0,69.55,0,0,0,,0,0,1,0,Bank Withdrawal,1,0,0,1,0,0,0,0,3,222.3,0,78.78,0.0,301.08,1,1
72,23,11.86,4143,Two Year,1,0,Male,1,Cable,38.184583,-119.286558,0,54.55,0,1,0,,1,0,1,0,Bank Withdrawal,1,1,0,4,1,0,0,0,11,601.25,0,130.46,0.0,731.71,1,0
62,7,30.61,3182,Month-to-Month,0,1,Male,1,Fiber Optic,39.933852,-121.584371,0,76.65,0,0,0,,0,0,1,0,Bank Withdrawal,1,0,0,2,0,0,0,0,17,1313.55,0,520.37,0.0,1833.92,1,1
71,13,19.14,5061,One Year,0,1,Female,1,Fiber Optic,33.548869,-117.334165,1,94.05,1,0,0,,1,1,1,1,Bank Withdrawal,1,1,0,3,1,0,0,0,59,5483.9,30,1129.26,0.0,6643.16,0,0
48,9,27.41,4114,Two Year,0,1,Female,1,DSL,34.489983,-120.091246,1,70.9,1,0,2,,1,1,0,1,Credit Card,1,1,1,4,0,0,0,0,68,4911.35,0,1863.88,49.37,6725.86,1,0
22,59,2.73,4237,Two Year,1,1,Male,1,DSL,37.965695,-121.260051,1,81.0,1,3,8,,1,1,0,1,Credit Card,1,1,1,3,0,1,1,0,72,5750.0,0,196.56,0.0,5946.56,1,0
38,20,27.89,2699,Month-to-Month,0,0,Male,1,Fiber Optic,34.17847,-118.459472,0,70.05,0,0,0,,0,0,1,0,Bank Withdrawal,1,0,0,2,0,0,0,0,1,70.05,0,27.89,0.0,97.94,1,1
46,0,43.8,4691,One Year,0,0,Female,0,,32.770393,-115.60915,0,19.75,0,0,0,,0,0,0,0,Bank Withdrawal,1,0,0,4,0,0,0,0,32,624.15,0,1401.6,0.0,2025.75,0,0
47,3,17.07,4592,Month-to-Month,0,0,Male,1,DSL,38.733714,-120.795213,0,61.15,1,0,0,Offer E,1,1,0,0,Bank Withdrawal,1,0,0,4,0,0,0,0,1,61.15,0,17.07,0.0,78.22,1,0
48,20,38.5,2651,Month-to-Month,1,0,Male,1,Fiber Optic,33.993991,-118.39704,1,69.8,0,3,9,,0,0,1,1,Bank Withdrawal,1,0,1,4,0,0,0,0,6,377.85,0,231.0,0.0,608.85,1,0
68,19,8.97,5166,Month-to-Month,0,1,Male,1,Fiber Optic,39.531028,-121.24807,1,100.05,1,0,1,,0,0,1,1,Bank Withdrawal,1,0,1,1,1,1,0,1,47,4871.05,0,421.59,0.0,5292.64,1,1
48,0,19.28,5190,Two Year,1,0,Female,0,,33.97803,-118.217141,1,20.3,0,3,3,,0,0,0,1,Bank Withdrawal,1,0,1,5,0,0,0,0,12,224.5,0,231.36,0.0,455.86,0,0
60,0,47.46,3142,Month-to-Month,0,0,Female,0,,40.243494,-121.154733,0,20.0,0,0,0,,0,0,0,0,Mailed Check,1,0,0,3,0,0,0,0,6,109.2,0,284.76,0.0,393.96,0,0
50,28,22.05,4017,Month-to-Month,0,0,Male,1,Cable,33.914775,-118.348083,0,59.85,1,0,0,,0,0,1,0,Bank Withdrawal,1,0,0,2,0,0,0,1,1,59.85,0,22.05,0.0,81.9,1,1
80,5,28.64,5345,Month-to-Month,0,0,Female,1,Fiber Optic,33.141265,-116.967221,0,71.0,0,0,0,,0,0,1,0,Bank Withdrawal,1,0,0,3,1,0,0,0,1,71.0,0,28.64,0.0,99.64,1,1
76,10,42.29,2677,One Year,0,0,Female,1,Fiber Optic,33.829583,-116.474131,1,95.05,1,0,10,,0,0,1,1,Bank Withdrawal,1,0,1,4,1,1,0,1,42,3944.5,100,1776.18,0.0,5820.68,0,0
34,0,40.91,4311,Two Year,0,0,Female,0,,34.438581,-119.685368,1,19.85,0,0,0,,0,0,0,1,Credit Card,1,0,0,4,0,0,0,0,70,1328.35,0,2863.7,33.29,4158.76,0,0
30,30,17.22,5944,Month-to-Month,0,0,Male,1,Fiber Optic,38.35363,-121.44195,0,76.5,1,0,0,Offer E,0,0,1,0,Bank Withdrawal,1,0,0,1,0,0,0,0,2,162.45,0,34.44,0.0,196.89,1,1
50,11,35.49,3585,Month-to-Month,1,1,Female,1,Cable,34.102119,-117.815532,0,72.9,0,2,0,,0,0,1,0,Credit Card,1,1,0,1,0,1,1,1,9,651.4,0,319.41,0.0,970.81,1,1
28,52,35.2,5605,Month-to-Month,1,0,Female,1,DSL,34.255203,-117.175654,1,58.5,1,3,9,,1,0,1,1,Credit Card,1,1,1,3,0,0,0,0,4,224.85,0,140.8,0.0,365.65,1,0
46,0,44.84,6334,Two Year,0,0,Female,0,,34.028735,-118.317236,1,25.05,1,0,0,,0,0,0,1,Credit Card,1,0,0,5,0,0,0,0,71,1873.7,0,3183.64,0.0,5057.34,0,0
69,19,45.88,2482,Month-to-Month,0,1,Female,1,Fiber Optic,32.961064,-117.134917,0,91.7,1,0,0,,1,1,0,0,Credit Card,1,0,0,1,1,0,0,0,30,2758.15,0,1376.4,0.0,4134.55,1,1
35,56,12.96,4480,Two Year,1,1,Female,1,DSL,38.489273,-120.891614,1,80.45,0,3,3,,0,1,1,1,Bank Withdrawal,1,1,1,3,0,1,1,1,72,5886.85,0,933.12,0.0,6819.97,1,0
37,14,2.72,2388,Month-to-Month,0,0,Male,1,Fiber Optic,38.33788,-120.954202,0,70.7,0,0,0,Offer E,0,0,0,0,Credit Card,1,0,0,4,0,0,0,0,2,129.2,10,5.44,0.0,144.64,0,0
60,0,18.64,3828,Two Year,1,0,Female,0,,41.444606,-123.471895,1,20.2,0,2,6,Offer B,0,0,0,1,Bank Withdrawal,1,0,1,5,0,0,0,0,48,1027.25,0,894.72,0.0,1921.97,0,0
39,6,14.07,2187,Month-to-Month,0,0,Female,1,Fiber Optic,37.171727,-122.142961,0,85.7,1,0,0,,0,0,1,0,Bank Withdrawal,1,0,0,2,0,1,1,0,2,169.8,0,28.14,0.0,197.94,1,1
35,13,22.33,2039,Month-to-Month,0,0,Female,1,DSL,34.002642,-118.287596,1,60.05,1,0,1,,1,0,1,1,Bank Withdrawal,1,1,1,2,0,0,0,0,26,1616.15,0,580.58,0.0,2196.73,1,1
20,27,26.63,5611,Month-to-Month,1,0,Male,1,DSL,38.834469,-122.127193,0,44.0,0,1,0,Offer D,0,0,0,0,Credit Card,1,0,0,3,0,0,1,0,13,659.35,0,346.19,0.0,1005.54,1,0
59,76,29.5,6123,One Year,1,1,Male,1,DSL,38.517295,-121.439819,1,75.1,0,3,0,Offer A,1,1,1,1,Bank Withdrawal,1,1,0,4,0,0,0,1,66,5013.0,0,1947.0,0.0,6960.0,1,0
27,0,43.5,3854,Month-to-Month,0,0,Male,0,,33.849263,-116.382778,0,19.9,0,0,0,Offer D,0,0,0,0,Credit Card,1,0,0,3,0,0,0,0,14,283.75,0,609.0,0.0,892.75,0,0
39,13,35.18,3972,Month-to-Month,0,0,Female,1,Fiber Optic,34.845861,-118.885163,1,74.75,1,0,1,Offer E,0,0,1,1,Credit Card,1,0,1,1,0,0,0,0,3,229.5,0,105.54,0.0,335.04,1,1
63,20,27.0,4634,Two Year,0,1,Female,1,Cable,37.504133,-122.032347,0,64.75,0,0,0,Offer B,1,0,1,0,Mailed Check,1,0,0,3,0,1,1,0,55,3617.1,0,1485.0,0.0,5102.1,1,0
71,21,0.0,6285,Month-to-Month,0,0,Male,1,DSL,40.160386,-120.835428,1,29.45,0,0,1,Offer B,1,0,1,1,Credit Card,0,0,1,4,1,0,0,0,51,1459.35,0,0.0,0.0,1459.35,1,0
38,30,0.0,4507,Two Year,0,1,Female,1,Cable,38.513484,-120.704613,0,43.6,0,0,0,Offer B,1,0,1,0,Credit Card,0,0,0,4,0,1,1,0,62,2748.7,0,0.0,0.0,2748.7,1,0
76,15,3.42,2768,Two Year,0,0,Female,1,Fiber Optic,34.167926,-118.267539,1,83.45,0,0,0,,0,1,1,1,Bank Withdrawal,1,0,0,3,1,1,0,0,38,3147.15,0,129.96,24.98,3252.13,1,0
76,9,0.0,5295,Two Year,0,1,Male,1,DSL,38.809175,-121.171375,1,64.45,0,0,9,,1,1,1,1,Credit Card,0,1,1,5,1,1,1,1,72,4641.1,0,0.0,0.0,4641.1,1,0
62,20,44.0,6202,Two Year,1,0,Male,1,Fiber Optic,34.183286,-117.221722,1,84.5,1,2,4,Offer A,0,0,1,1,Credit Card,1,0,1,5,0,1,1,0,72,6130.85,0,3168.0,0.0,9298.85,1,0
44,0,10.83,5946,Two Year,0,0,Female,0,,33.873395,-118.37019,0,20.5,0,0,0,Offer B,0,0,1,0,Credit Card,1,0,0,5,0,0,0,0,54,1035.7,0,584.82,0.0,1620.52,0,0
74,4,46.5,4990,Month-to-Month,0,0,Male,1,Cable,39.884395,-122.587513,1,86.65,1,0,2,,0,0,1,1,Bank Withdrawal,1,0,1,1,1,1,0,0,10,856.65,0,465.0,0.0,1321.65,1,1
66,28,45.37,6019,One Year,0,0,Female,1,Fiber Optic,38.784329,-121.373245,1,97.8,1,0,5,Offer B,1,0,1,1,Bank Withdrawal,1,0,1,3,1,1,0,1,58,5458.8,0,2631.46,0.0,8090.26,1,0
33,10,33.82,5870,One Year,1,1,Male,1,Fiber Optic,38.759751,-121.288545,1,105.05,1,2,2,,0,0,1,1,Bank Withdrawal,1,1,1,5,0,1,1,1,58,6004.85,0,1961.56,0.0,7966.41,1,0
58,21,1.88,4521,Month-to-Month,0,0,Male,1,DSL,32.76501,-117.19938,0,50.8,0,0,0,Offer E,0,0,1,0,Credit Card,1,1,0,5,0,0,0,0,4,202.3,0,7.52,0.0,209.82,1,0
59,26,0.0,5474,Month-to-Month,0,1,Male,1,DSL,38.554383,-122.474773,0,33.5,0,0,0,Offer D,1,0,1,0,Credit Card,0,0,0,2,0,0,0,0,18,600.0,0,0.0,0.0,600.0,1,1
60,0,47.33,5448,One Year,0,0,Male,0,,35.28952,-116.092214,0,24.6,1,0,0,Offer C,0,0,0,0,Bank Withdrawal,1,0,0,3,0,0,0,0,24,592.65,0,1135.92,0.0,1728.57,0,0
19,59,37.32,4081,One Year,0,1,Male,1,DSL,33.141265,-116.967221,0,88.8,1,0,0,Offer A,1,1,1,0,Bank Withdrawal,1,1,0,3,0,1,1,1,67,5903.15,0,2500.44,0.0,8403.59,1,0
47,26,4.34,2709,One Year,0,0,Male,1,Fiber Optic,37.902968,-119.667544,0,104.85,1,0,0,Offer C,1,1,1,0,Bank Withdrawal,1,0,0,4,0,1,1,1,38,3887.25,0,164.92,0.0,4052.17,1,0
54,0,15.51,5527,Month-to-Month,0,0,Female,0,,34.150354,-118.518292,0,20.9,0,0,0,Offer E,0,0,0,0,Credit Card,1,0,0,3,0,0,0,0,1,20.9,0,15.51,0.0,36.41,0,1
56,30,29.29,5219,Two Year,0,1,Male,1,DSL,36.594542,-119.905245,1,82.3,1,0,1,Offer A,1,1,1,1,Bank Withdrawal,1,1,1,3,0,1,1,0,72,5980.55,140,2108.88,0.0,8229.43,0,0
63,3,44.73,5861,Month-to-Month,0,0,Male,1,Fiber Optic,33.362575,-117.299644,1,74.6,1,0,1,Offer E,0,0,1,1,Bank Withdrawal,1,0,1,1,0,0,0,0,1,74.6,0,44.73,0.0,119.33,1,1
63,10,20.13,5056,Month-to-Month,1,0,Female,1,DSL,37.556094,-122.272437,0,64.1,0,1,0,,0,1,1,0,Credit Card,1,1,0,3,0,0,0,1,40,2460.35,0,805.2,0.0,3265.55,1,0
58,57,0.0,2898,Two Year,1,0,Male,1,DSL,40.336392,-122.448533,1,40.55,0,3,0,,1,1,0,1,Credit Card,0,1,0,3,0,0,0,0,13,590.35,0,0.0,0.0,590.35,1,0
26,85,21.45,4908,One Year,0,1,Male,1,Fiber Optic,38.113533,-122.11926,0,104.5,1,0,0,,1,1,0,0,Credit Card,1,1,0,4,0,0,0,1,63,6590.8,0,1351.35,0.0,7942.15,1,0
68,13,15.82,4032,Two Year,0,1,Female,1,DSL,39.657228,-121.37778,1,78.45,1,0,10,,1,1,0,1,Bank Withdrawal,1,1,1,3,1,1,1,0,72,5682.25,0,1139.04,0.0,6821.29,1,0
33,20,43.14,6183,Month-to-Month,0,1,Female,1,Fiber Optic,36.525703,-120.952122,0,103.1,1,0,0,Offer A,1,1,1,0,Bank Withdrawal,1,1,0,3,0,1,1,0,66,6595.0,0,2847.24,0.0,9442.24,1,0
49,28,0.0,4051,Two Year,1,1,Male,1,DSL,39.075694,-121.70606,1,54.65,0,3,0,,0,0,0,1,Bank Withdrawal,0,1,0,5,0,1,1,1,66,3632.0,0,0.0,46.75,3585.25,1,0
58,7,0.0,3100,Two Year,0,1,Female,1,DSL,33.719221,-118.073596,0,49.85,0,0,0,Offer D,0,1,0,0,Credit Card,0,1,0,3,0,1,1,0,12,552.1,0,0.0,0.0,552.1,1,0
20,85,42.59,5816,Two Year,0,1,Male,1,DSL,35.559617,-118.925185,0,71.9,1,0,0,Offer B,0,1,1,0,Bank Withdrawal,1,1,0,4,0,1,1,0,63,4479.2,0,2683.17,0.0,7162.37,1,0
42,27,38.53,3972,Two Year,0,1,Female,1,DSL,33.323705,-116.626907,1,78.8,0,0,1,,0,1,1,1,Bank Withdrawal,1,1,1,4,0,1,1,1,43,3460.3,0,1656.79,24.9,5092.19,1,0
30,59,31.67,4533,Month-to-Month,0,1,Male,1,Cable,37.990574,-120.261821,1,79.35,1,0,1,,0,0,1,1,Bank Withdrawal,1,0,1,3,0,0,0,0,9,661.25,10,285.03,0.0,956.28,0,1
50,12,13.69,2886,One Year,0,0,Male,1,Fiber Optic,38.672638,-121.147403,0,91.25,0,0,0,Offer C,1,0,1,0,Bank Withdrawal,1,1,0,5,0,0,0,1,28,2483.65,0,383.32,0.0,2866.97,1,0
56,19,39.07,5266,Two Year,1,0,Female,1,DSL,32.730583,-115.501083,1,61.4,1,2,10,,0,1,0,1,Credit Card,1,1,1,3,0,0,0,0,69,4059.85,0,2695.83,0.0,6755.68,1,0
76,19,38.85,5269,Two Year,0,1,Male,1,Fiber Optic,38.121601,-120.133915,0,101.4,1,0,0,,0,0,1,0,Credit Card,1,0,0,4,1,1,0,1,67,6841.05,0,2602.95,0.0,9444.0,1,0
23,0,16.42,4501,One Year,0,0,Male,0,,37.776718,-122.495781,1,24.15,1,0,1,Offer B,0,0,0,1,Bank Withdrawal,1,0,1,3,0,0,0,0,60,1505.9,0,985.2,0.0,2491.1,0,0
22,51,18.62,5870,Month-to-Month,0,0,Male,1,DSL,39.108252,-123.645121,0,50.3,0,0,0,Offer E,1,0,1,0,Credit Card,1,0,0,5,0,0,0,0,2,92.75,0,37.24,0.0,129.99,1,0
50,21,0.0,2933,Month-to-Month,0,1,Male,1,DSL,34.13658,-118.245839,0,39.65,0,0,0,,0,0,1,0,Bank Withdrawal,0,0,0,1,0,0,0,1,19,733.35,0,0.0,0.0,733.35,1,1
44,24,44.14,5962,Month-to-Month,1,1,Female,1,DSL,37.458367,-119.345011,0,59.8,0,1,0,Offer D,0,0,1,0,Credit Card,1,0,0,4,0,0,0,1,14,824.85,0,617.96,0.0,1442.81,1,0
41,19,14.64,5284,Month-to-Month,1,0,Female,1,DSL,35.303926,-120.256567,1,50.2,0,2,1,Offer B,1,0,0,1,Mailed Check,1,0,1,4,0,0,0,0,43,2169.4,0,629.52,0.0,2798.92,1,0
47,6,44.45,5870,One Year,0,0,Male,1,DSL,39.904002,-121.527823,1,70.5,0,0,7,,1,1,0,1,Credit Card,1,1,1,4,0,1,1,0,32,2201.75,0,1422.4,0.0,3624.15,1,0
61,0,33.92,5475,Two Year,1,0,Male,0,,37.218705,-121.762429,1,26.1,1,2,2,,0,0,0,1,Credit Card,1,0,1,3,0,0,0,0,72,1851.45,0,2442.24,0.0,4293.69,0,0
75,25,1.92,3728,Two Year,0,1,Male,1,Fiber Optic,35.186644,-120.728305,0,93.9,1,0,0,Offer D,0,0,0,0,Bank Withdrawal,1,1,0,4,1,0,0,1,18,1743.9,0,34.56,0.0,1778.46,1,0
43,12,31.31,4770,One Year,0,1,Male,1,Fiber Optic,33.475493,-117.219551,0,91.25,0,0,0,Offer B,0,1,0,0,Bank Withdrawal,1,0,0,3,0,0,0,1,52,4738.3,0,1628.12,0.0,6366.42,1,0
29,0,3.58,4761,One Year,0,0,Male,0,,33.887676,-118.127289,0,19.5,0,0,0,Offer C,0,0,1,0,Bank Withdrawal,1,0,0,4,0,0,0,0,25,516.3,0,89.5,0.0,605.8,0,0
75,18,26.82,4368,One Year,0,1,Female,1,Cable,32.64164,-116.985026,1,68.45,1,0,1,,1,1,1,1,Credit Card,1,1,1,4,1,0,0,0,56,4014.0,0,1501.92,0.0,5515.92,1,0
21,48,23.52,4799,Month-to-Month,0,0,Male,1,DSL,37.587494,-121.862856,0,70.3,0,0,0,,0,0,0,0,Bank Withdrawal,1,1,0,3,0,1,1,1,2,132.4,0,47.04,0.0,179.44,1,0
42,21,8.29,4080,Month-to-Month,0,1,Female,1,DSL,38.688764,-121.457596,0,62.8,0,0,0,,0,0,0,0,Bank Withdrawal,1,1,0,4,0,1,1,0,7,418.3,0,58.03,0.0,476.33,1,0
30,53,0.0,2967,Month-to-Month,0,0,Female,1,DSL,36.959731,-120.653519,0,23.9,0,0,0,,0,0,1,0,Bank Withdrawal,0,0,0,3,0,0,0,0,13,300.8,0,0.0,0.0,300.8,1,1
59,18,47.64,5087,Two Year,0,0,Male,1,Fiber Optic,33.905963,-118.08263,0,88.95,0,0,0,Offer C,0,1,1,0,Bank Withdrawal,1,1,0,3,0,0,0,1,33,3027.65,0,1572.12,0.0,4599.77,1,0
45,25,22.52,5154,One Year,0,0,Male,1,Fiber Optic,37.106902,-122.100006,0,106.65,1,0,0,,1,0,1,0,Bank Withdrawal,1,1,0,5,0,1,1,1,49,5168.1,130,1103.48,0.0,6401.58,0,0
77,19,6.97,5374,Month-to-Month,0,0,Male,1,Fiber Optic,40.704293,-122.803899,1,80.45,0,0,1,Offer D,0,0,1,1,Bank Withdrawal,1,0,1,2,1,1,0,0,12,950.2,0,83.64,0.0,1033.84,1,1
48,4,19.22,4968,One Year,0,1,Male,1,Fiber Optic,40.181279,-120.392967,1,102.5,1,0,8,Offer B,1,0,0,1,Bank Withdrawal,1,0,1,5,0,1,1,1,60,6157.6,0,1153.2,0.0,7310.8,1,0
42,26,10.9,6005,Two Year,1,0,Male,1,Cable,35.559617,-118.925185,1,54.2,0,2,1,Offer A,1,1,1,1,Bank Withdrawal,1,0,1,4,0,0,0,0,67,3838.2,10,730.3,0.0,4578.5,0,0
76,19,34.39,3104,One Year,0,0,Male,1,Fiber Optic,35.140938,-119.051348,0,104.65,1,0,0,Offer C,1,0,1,0,Bank Withdrawal,1,1,0,4,1,1,0,1,27,2964.0,0,928.53,0.0,3892.53,1,0
21,73,32.08,3700,Month-to-Month,0,0,Male,1,DSL,38.013825,-122.039144,1,44.7,0,0,1,,0,0,0,1,Credit Card,1,0,1,3,0,0,1,0,1,44.7,0,32.08,0.0,76.78,1,1
80,17,39.51,3711,Month-to-Month,0,0,Female,1,Fiber Optic,34.088017,-118.327168,1,74.6,0,0,3,Offer E,1,0,1,1,Bank Withdrawal,1,0,1,5,1,0,0,0,3,239.05,30,118.53,0.0,387.58,0,0
62,20,11.74,5804,Month-to-Month,1,1,Male,1,Fiber Optic,39.220368,-122.907693,1,90.4,0,3,10,Offer B,1,0,1,1,Credit Card,1,0,1,3,0,0,0,1,49,4494.65,0,575.26,0.0,5069.91,1,0
69,2,10.55,3172,Month-to-Month,0,0,Male,1,Fiber Optic,34.501452,-118.207862,1,79.3,1,0,0,,0,0,1,1,Bank Withdrawal,1,1,0,5,1,0,0,0,29,2414.55,0,305.95,0.0,2720.5,1,0
77,8,40.5,5610,Two Year,0,1,Male,1,DSL,33.994676,-117.372498,1,74.85,1,0,7,,0,0,0,1,Bank Withdrawal,1,0,1,5,1,1,0,1,30,2181.75,0,1215.0,0.0,3396.75,1,0
33,25,18.75,2061,Month-to-Month,0,0,Female,1,Fiber Optic,36.125529,-120.864443,0,86.55,1,0,0,Offer D,0,0,1,0,Bank Withdrawal,1,0,0,5,0,1,1,0,12,1066.9,110,225.0,0.0,1401.9,0,0
73,20,0.0,5372,One Year,0,0,Male,1,DSL,33.867593,-118.080637,0,56.45,0,0,0,Offer A,1,1,1,0,Bank Withdrawal,0,0,0,3,1,1,1,1,71,3985.35,0,0.0,0.0,3985.35,1,0
32,13,2.45,4543,One Year,0,1,Female,1,Fiber Optic,33.012751,-117.200617,0,103.7,0,0,0,Offer B,0,1,1,0,Bank Withdrawal,1,1,0,4,0,1,1,1,47,4730.6,0,115.15,0.0,4845.75,1,0
30,30,37.65,5665,One Year,0,1,Female,1,Fiber Optic,33.606336,-117.893042,0,94.75,1,0,0,Offer B,1,0,1,0,Bank Withdrawal,1,0,0,4,0,0,0,1,54,5121.75,70,2033.1,0.0,7224.85,0,0
64,17,32.87,5830,Month-to-Month,0,0,Female,1,Fiber Optic,37.834341,-122.26437,0,95.15,1,0,0,Offer D,1,1,1,0,Bank Withdrawal,1,0,0,3,0,1,1,0,19,1789.25,120,624.53,0.0,2533.78,0,1
37,0,48.14,3678,Month-to-Month,0,0,Male,0,,34.727529,-118.153098,0,20.8,0,0,0,Offer E,0,0,0,0,Credit Card,1,0,0,4,0,0,0,0,1,20.8,0,48.14,0.0,68.94,0,0
77,20,3.83,3689,Month-to-Month,0,0,Female,1,Fiber Optic,34.14649,-117.849815,1,92.55,1,0,9,,0,0,1,1,Bank Withdrawal,1,0,1,3,1,1,0,1,17,1614.7,0,65.11,0.0,1679.81,1,0
68,17,34.39,5507,One Year,0,1,Female,1,Fiber Optic,38.636102,-120.522149,0,106.0,1,0,0,,0,0,1,0,Bank Withdrawal,1,1,0,3,1,1,0,1,60,6441.4,110,2063.4,0.0,8614.8,0,1
25,69,0.0,3423,One Year,1,1,Male,1,DSL,37.990574,-120.261821,1,54.3,0,1,1,,0,0,1,1,Bank Withdrawal,0,1,1,5,0,1,1,1,44,2317.1,10,0.0,0.0,2327.1,0,0
39,19,18.74,5584,Two Year,1,0,Female,1,Fiber Optic,39.361283,-123.784599,1,95.1,1,2,8,,1,1,1,1,Bank Withdrawal,1,0,1,3,0,0,0,1,72,6843.15,0,1349.28,0.0,8192.43,1,0
24,0,8.21,2745,Two Year,1,0,Male,0,,33.992416,-117.807874,1,19.8,0,3,0,,0,0,0,1,Bank Withdrawal,1,0,0,3,0,0,0,0,37,726.1,0,303.77,0.0,1029.87,0,0
31,4,0.0,5493,One Year,0,1,Female,1,Cable,37.722727,-122.02157,1,50.05,0,0,7,Offer B,1,1,0,1,Bank Withdrawal,0,0,1,3,0,1,1,0,60,2911.5,0,0.0,0.0,2911.5,1,0
62,29,44.96,3443,Month-to-Month,0,1,Female,1,Fiber Optic,36.732694,-119.783786,0,80.05,1,0,0,Offer D,0,0,0,0,Bank Withdrawal,1,0,0,5,0,0,0,0,17,1345.65,0,764.32,0.0,2109.97,1,0
67,2,26.99,3443,Month-to-Month,0,0,Male,1,Fiber Optic,37.972662,-122.491452,1,80.45,0,0,2,,0,0,1,1,Credit Card,1,0,1,1,1,0,0,1,8,583.45,0,215.92,0.0,799.37,1,1
47,30,27.75,5649,Two Year,0,1,Male,1,Fiber Optic,35.930782,-121.189757,0,105.1,1,0,0,Offer B,1,0,0,0,Credit Card,1,0,0,3,0,1,1,1,65,6631.85,0,1803.75,0.0,8435.6,1,0
19,53,4.65,5361,Month-to-Month,0,0,Female,1,Fiber Optic,33.507255,-117.029473,1,90.35,0,0,10,,1,1,0,1,Bank Withdrawal,1,0,1,3,0,0,0,1,2,190.5,0,9.3,0.0,199.8,1,0
73,19,0.0,4694,Month-to-Month,0,0,Male,1,DSL,37.803883,-122.208417,0,25.2,0,0,0,Offer E,0,0,1,0,Bank Withdrawal,0,0,0,3,1,0,0,0,4,102.5,0,0.0,0.0,102.5,1,1
78,7,32.4,5638,Month-to-Month,0,0,Male,1,Fiber Optic,39.117537,-122.284654,0,73.75,1,0,0,,0,0,0,0,Credit Card,1,0,0,2,1,0,0,0,7,545.15,0,226.8,0.0,771.95,1,1
34,0,49.91,3009,Month-to-Month,0,0,Female,0,,33.890853,-118.297967,0,19.3,0,0,0,,0,0,0,0,Credit Card,1,0,0,3,0,0,0,0,2,44.4,0,99.82,0.0,144.22,0,0
48,23,26.3,6483,Two Year,0,1,Male,1,DSL,40.166028,-123.584144,0,77.8,1,0,0,,0,0,1,0,Bank Withdrawal,1,0,0,5,0,1,1,1,55,4323.35,0,1446.5,0.0,5769.85,1,0
50,19,0.0,3540,Month-to-Month,1,0,Female,1,Cable,37.724817,-122.224363,0,30.15,0,2,0,,1,0,0,0,Bank Withdrawal,0,0,0,5,0,0,0,0,13,382.2,10,0.0,0.0,392.2,0,0
72,28,0.0,5597,Two Year,0,1,Female,1,DSL,35.358953,-118.527064,0,56.25,0,0,0,,1,0,1,0,Bank Withdrawal,0,0,0,3,1,1,0,1,34,1765.95,0,0.0,0.0,1765.95,1,0
53,15,0.0,4969,Two Year,0,1,Male,1,DSL,39.292334,-121.320597,1,65.1,0,0,7,Offer A,1,1,1,1,Credit Card,0,1,1,4,0,1,1,1,72,4754.3,0,0.0,0.0,4754.3,1,0
62,27,0.0,2088,Month-to-Month,0,0,Female,1,DSL,40.656287,-121.428965,0,25.25,0,0,0,,0,0,0,0,Bank Withdrawal,0,0,0,1,0,0,0,0,3,58.9,0,0.0,0.0,58.9,1,1
61,28,0.0,5092,One Year,1,1,Male,1,DSL,37.416159,-122.131337,1,36.1,0,1,1,,1,0,1,1,Credit Card,0,0,1,3,0,0,0,0,56,1971.5,60,0.0,0.0,2031.5,0,0
19,0,19.38,4001,Month-to-Month,1,0,Male,0,,38.392821,-121.799917,0,21.05,0,2,0,Offer D,0,0,0,0,Credit Card,1,0,0,3,0,0,0,0,12,235.8,0,232.56,0.0,468.36,0,0
23,59,21.56,3038,Month-to-Month,0,1,Female,1,Fiber Optic,37.171727,-122.142961,0,114.5,1,0,0,Offer B,1,1,1,0,Bank Withdrawal,1,1,0,1,0,1,1,1,41,4527.45,0,883.96,0.0,5411.41,1,1
30,41,28.27,4882,Month-to-Month,0,0,Female,1,Fiber Optic,34.404544,-119.302118,0,87.55,1,0,0,,1,1,1,0,Bank Withdrawal,1,1,0,3,0,0,0,0,57,4884.85,0,1611.39,1.83,6494.41,1,0
43,4,42.41,3801,Month-to-Month,0,1,Female,1,DSL,36.974575,-121.991149,0,78.9,1,0,0,,1,1,1,0,Credit Card,1,1,0,4,0,0,0,1,37,2976.95,30,1569.17,0.0,4576.12,0,0
63,14,1.55,5795,Month-to-Month,0,0,Female,1,Fiber Optic,32.85723,-117.209774,0,73.95,0,0,0,Offer C,1,0,1,0,Credit Card,1,0,0,3,0,0,0,0,34,2524.45,0,52.7,0.0,2577.15,1,1
64,23,10.67,5700,Two Year,0,1,Female,1,Fiber Optic,33.867593,-118.080637,1,109.25,1,0,8,,1,0,1,1,Bank Withdrawal,1,1,1,4,0,1,1,1,63,6841.4,0,672.21,0.0,7513.61,1,0
62,17,2.12,4115,Month-to-Month,0,1,Male,1,Fiber Optic,34.165783,-118.399795,1,93.8,1,0,1,,1,0,0,1,Bank Withdrawal,1,0,1,1,0,0,0,1,31,3019.5,50,65.72,0.0,3135.22,0,1
31,0,22.12,3663,Month-to-Month,0,0,Female,0,,38.766036,-120.209673,0,20.4,0,0,0,Offer E,0,0,0,0,Mailed Check,1,0,0,3,0,0,0,0,1,20.4,0,22.12,0.0,42.52,0,1
30,26,44.57,3359,Month-to-Month,1,0,Male,1,Cable,34.174215,-118.345928,1,70.3,0,2,6,,1,1,1,1,Credit Card,1,1,1,3,0,1,1,0,24,1706.45,0,1069.68,0.0,2776.13,1,0
73,30,5.75,2645,One Year,0,1,Male,1,Cable,34.066303,-118.435479,0,70.15,0,0,0,Offer C,1,0,1,0,Credit Card,1,1,0,3,1,0,0,1,38,2497.35,0,218.5,0.0,2715.85,1,1
49,21,41.4,4029,Two Year,0,0,Female,1,Cable,38.183918,-120.898817,1,59.85,0,0,7,Offer B,1,1,0,1,Bank Withdrawal,1,1,1,3,0,0,0,0,60,3483.45,0,2484.0,0.0,5967.45,1,0
55,18,4.32,5444,Two Year,0,1,Male,1,Fiber Optic,38.888351,-123.239647,1,110.6,1,0,7,,1,0,1,1,Credit Card,1,1,1,3,0,1,1,1,72,7962.2,0,311.04,0.0,8273.24,1,0
71,27,40.19,2656,Two Year,1,0,Female,1,Fiber Optic,34.042286,-117.756106,1,85.35,1,1,7,Offer D,0,0,0,1,Bank Withdrawal,1,0,1,5,1,0,0,1,22,1961.6,0,884.18,0.0,2845.78,1,0
19,27,13.16,4983,One Year,0,1,Female,1,Fiber Optic,34.818227,-120.418784,0,110.45,1,0,0,,1,0,0,0,Credit Card,1,1,0,4,0,1,1,1,30,3327.05,0,394.8,0.0,3721.85,1,0
77,25,38.32,5348,One Year,0,1,Female,1,Fiber Optic,34.098275,-117.967399,1,94.4,0,0,2,,1,1,0,1,Bank Withdrawal,1,0,1,4,1,1,1,0,65,6126.15,0,2490.8,0.0,8616.95,1,0
40,15,9.72,6317,Two Year,1,1,Female,1,Cable,39.531028,-121.24807,1,80.85,1,2,5,Offer A,1,1,0,1,Bank Withdrawal,1,1,1,4,0,1,1,0,72,5824.75,10,699.84,0.0,6534.59,0,0
36,20,39.9,3443,Month-to-Month,0,0,Female,1,Cable,34.13946,-118.166649,0,45.3,0,0,0,Offer E,0,0,1,0,Credit Card,1,0,0,2,0,0,0,0,4,196.95,0,159.6,0.0,356.55,1,1
55,29,0.0,5941,One Year,1,1,Female,1,DSL,33.976678,-118.065875,0,49.45,0,2,0,,0,0,1,0,Credit Card,0,0,0,3,0,1,1,1,22,1031.4,0,0.0,0.0,1031.4,1,0
26,0,45.13,4868,Month-to-Month,0,0,Male,0,,37.720498,-122.443119,0,25.05,1,0,0,Offer E,0,0,1,0,Bank Withdrawal,1,0,0,5,0,0,0,0,7,152.95,0,315.91,0.0,468.86,0,0
31,0,27.7,5390,One Year,1,0,Female,0,,35.523991,-118.400432,1,19.15,0,1,0,Offer B,0,0,0,1,Credit Card,1,0,0,3,0,0,0,0,55,998.1,0,1523.5,0.0,2521.6,0,0
62,0,10.32,4116,Two Year,0,0,Female,0,,37.943954,-120.67108,0,18.7,0,0,0,Offer B,0,0,0,0,Mailed Check,1,0,0,5,0,0,0,0,53,1005.7,0,546.96,0.0,1552.66,0,0
64,13,22.41,4022,One Year,0,1,Male,1,Fiber Optic,33.655421,-117.391751,0,116.25,1,0,0,Offer C,1,1,0,0,Credit Card,1,1,0,3,0,1,1,1,34,3899.05,0,761.94,0.0,4660.99,1,0
20,48,8.3,3652,Month-to-Month,0,0,Female,1,DSL,38.233879,-120.861666,1,59.8,0,0,3,,1,0,1,1,Credit Card,1,0,1,3,0,1,1,0,19,1130.85,0,157.7,0.0,1288.55,1,0
32,18,42.55,4741,Month-to-Month,0,0,Female,1,Fiber Optic,33.794209,-118.317354,0,78.1,0,0,0,Offer D,0,0,0,0,Bank Withdrawal,1,0,0,3,0,1,1,0,12,947.3,0,510.6,0.0,1457.9,1,1
43,25,6.68,4135,One Year,0,1,Female,1,Fiber Optic,36.977025,-121.952864,1,110.5,0,0,1,,1,1,0,1,Bank Withdrawal,1,1,1,3,0,1,1,1,53,5835.5,0,354.04,0.0,6189.54,1,0
40,20,12.54,5964,Month-to-Month,0,0,Male,1,Fiber Optic,32.886925,-117.152162,0,80.85,0,0,0,,0,0,1,0,Bank Withdrawal,1,0,0,1,0,1,1,0,13,1008.7,0,163.02,0.0,1171.72,1,1
35,0,32.54,5535,Month-to-Month,0,0,Female,0,,33.762351,-117.488725,0,20.15,0,0,0,Offer E,0,0,0,0,Credit Card,1,0,0,4,0,0,0,0,4,84.5,0,130.16,0.0,214.66,0,0
21,0,35.46,2011,Two Year,0,0,Male,0,,34.424926,-117.184503,1,19.75,0,0,1,Offer B,0,0,1,1,Bank Withdrawal,1,0,1,4,0,0,0,0,41,899.45,0,1453.86,0.0,2353.31,0,0
40,15,41.03,3407,Month-to-Month,1,1,Female,1,Fiber Optic,34.205504,-118.993111,1,95.15,1,1,2,,1,0,1,1,Bank Withdrawal,1,0,1,3,0,1,1,0,37,3532.85,0,1518.11,0.0,5050.96,1,0
33,12,3.47,3459,Two Year,0,1,Female,1,DSL,37.394536,-120.890747,0,74.45,0,0,0,Offer B,0,0,0,0,Credit Card,1,1,0,3,0,1,1,1,47,3510.3,0,163.09,0.0,3673.39,1,0
27,48,10.4,5822,Month-to-Month,0,1,Male,1,Fiber Optic,34.028331,-118.354338,0,105.5,0,0,0,,0,1,1,0,Bank Withdrawal,1,1,0,3,0,1,1,1,25,2686.05,0,260.0,0.0,2946.05,1,0
73,6,30.17,5536,Month-to-Month,0,0,Male,1,Fiber Optic,32.825086,-117.199424,0,93.55,1,0,0,Offer E,0,0,1,0,Bank Withdrawal,1,0,0,1,1,1,0,1,1,93.55,0,30.17,0.0,123.72,1,1
39,0,31.37,2056,Two Year,0,0,Female,0,,34.238208,-118.55029,1,19.1,0,0,1,,0,0,0,1,Credit Card,1,0,1,3,0,0,0,0,40,780.1,0,1254.8,45.6,1989.3,0,0
44,22,17.18,4110,Month-to-Month,0,0,Female,1,DSL,38.71967,-121.862416,0,56.25,0,0,0,Offer E,1,1,0,0,Bank Withdrawal,1,0,0,1,0,0,0,0,6,389.1,0,103.08,0.0,492.18,1,1
28,48,46.9,4847,One Year,0,0,Male,1,Fiber Optic,39.748037,-122.302169,1,100.55,1,0,7,,0,1,1,1,Bank Withdrawal,1,0,1,3,0,1,1,1,56,5514.95,0,2626.4,0.0,8141.35,1,0
24,47,6.36,4736,One Year,0,0,Female,1,Fiber Optic,35.772244,-119.209689,1,103.25,1,0,1,Offer B,1,1,1,1,Credit Card,1,0,1,1,0,1,1,1,48,5037.55,0,305.28,0.0,5342.83,1,1
20,48,41.15,4620,One Year,0,1,Female,1,Fiber Optic,34.39583,-117.734568,1,107.0,1,0,7,Offer B,1,1,1,1,Credit Card,1,1,1,4,0,1,1,0,59,6152.3,0,2427.85,0.0,8580.15,0,0
36,17,13.14,4273,Two Year,0,1,Male,1,Fiber Optic,34.758699,-120.275839,0,109.2,0,0,0,,1,1,0,0,Credit Card,1,1,0,4,0,1,1,1,63,7049.75,0,827.82,0.0,7877.57,1,0
62,29,20.1,4830,Month-to-Month,0,0,Female,1,DSL,37.946282,-121.139499,0,60.25,1,0,0,,0,0,1,0,Bank Withdrawal,1,0,0,4,0,0,0,1,3,170.5,70,60.3,0.0,300.8,0,0
54,20,5.32,2683,Month-to-Month,0,1,Female,1,Fiber Optic,32.85723,-117.209774,0,80.6,1,0,0,,0,0,0,0,Credit Card,1,0,0,1,0,0,0,0,2,155.8,0,10.64,0.0,166.44,1,1
48,0,11.81,6440,Two Year,1,0,Female,0,,41.737962,-123.07557,1,19.85,0,3,9,Offer B,0,0,1,1,Credit Card,1,0,1,4,0,0,0,0,58,1158.85,0,684.98,0.0,1843.83,0,0
46,14,10.23,6034,Two Year,0,0,Female,1,Cable,36.696759,-119.024051,1,59.8,0,0,7,,0,0,1,1,Credit Card,1,1,1,5,0,0,0,1,65,3808.2,0,664.95,0.0,4473.15,1,0
40,8,36.47,2994,One Year,0,0,Female,1,DSL,33.798266,-118.300237,0,56.3,1,0,0,Offer B,1,0,1,0,Credit Card,1,0,0,5,0,0,0,0,41,2364.0,0,1495.27,0.0,3859.27,1,0
51,18,48.02,3363,Two Year,0,0,Female,1,Fiber Optic,39.58458,-121.093256,1,95.2,0,0,3,,0,0,1,1,Credit Card,1,1,1,5,0,1,1,1,45,4285.8,50,2160.9,43.95,6452.75,0,0
62,18,26.51,4971,Month-to-Month,0,0,Female,1,Fiber Optic,32.886925,-117.152162,1,89.45,0,0,3,Offer E,0,0,0,1,Bank Withdrawal,1,0,1,2,0,1,1,1,9,853.1,0,238.59,0.0,1091.69,1,1
27,42,49.88,5427,One Year,0,1,Female,1,DSL,38.671295,-121.388251,1,65.65,0,0,6,Offer B,1,0,1,1,Bank Withdrawal,1,0,1,3,0,1,1,0,48,3094.65,0,2394.24,0.0,5488.89,1,0
62,0,30.09,4836,Two Year,1,0,Female,0,,37.878554,-122.26609,1,20.35,0,3,9,,0,0,0,1,Credit Card,1,0,1,5,0,0,0,0,1,20.35,0,30.09,0.0,50.44,0,0
69,23,20.78,4309,Two Year,1,1,Female,1,Fiber Optic,32.707892,-117.05512,1,96.55,0,1,9,,0,0,1,1,Bank Withdrawal,1,0,1,5,1,1,1,1,24,2263.45,0,498.72,0.0,2762.17,1,0
39,27,24.51,4544,Month-to-Month,0,1,Female,1,Fiber Optic,37.351214,-121.952417,1,97.35,1,0,3,,1,0,1,1,Bank Withdrawal,1,0,1,2,0,0,0,1,36,3457.9,0,882.36,4.96,4335.3,1,1
62,0,32.05,4673,Two Year,1,0,Female,0,,34.142747,-117.300864,0,25.0,1,1,0,Offer B,0,0,1,0,Credit Card,1,0,0,4,0,0,0,0,61,1498.35,0,1955.05,0.0,3453.4,0,0
34,0,39.37,4865,One Year,0,0,Male,0,,38.196497,-120.61689,0,24.05,1,0,0,Offer B,0,0,0,0,Bank Withdrawal,1,0,0,3,0,0,0,0,53,1301.9,0,2086.61,0.0,3388.51,0,0
25,51,11.47,3654,Month-to-Month,1,0,Female,1,DSL,38.460517,-122.790335,1,58.7,0,2,9,Offer E,1,0,1,1,Credit Card,1,0,1,3,0,0,0,1,3,168.6,0,34.41,0.0,203.01,1,0
61,27,46.1,6468,Two Year,0,1,Male,1,DSL,34.202494,-118.448048,0,88.55,1,0,0,,1,1,0,0,Credit Card,1,1,0,4,0,1,1,1,72,6362.35,0,3319.2,0.0,9681.55,1,0
48,0,27.3,6094,Two Year,0,0,Male,0,,34.191842,-118.822796,0,20.0,0,0,0,Offer B,0,0,0,0,Credit Card,1,0,0,3,0,0,0,0,54,1149.65,0,1474.2,0.0,2623.85,0,0
74,16,11.32,3273,Month-to-Month,0,0,Female,1,Fiber Optic,38.749466,-121.184196,1,91.95,1,0,0,Offer C,1,0,1,1,Credit Card,1,0,0,5,1,0,0,1,36,3301.05,0,407.52,17.76,3690.81,1,0
58,30,46.17,2007,Month-to-Month,0,0,Female,1,Fiber Optic,37.147198,-121.120161,0,70.1,0,0,0,Offer E,0,0,1,0,Bank Withdrawal,1,0,0,3,0,0,0,0,1,70.1,0,46.17,0.0,116.27,1,1
34,53,8.69,3457,Month-to-Month,1,1,Female,1,Fiber Optic,33.923573,-118.200669,1,75.15,0,5,1,,0,0,1,1,Bank Withdrawal,1,0,1,1,0,0,0,0,7,496.9,0,60.83,0.0,557.73,1,1
41,6,0.0,3605,Month-to-Month,0,0,Male,1,DSL,38.047746,-121.030499,0,31.35,0,0,0,Offer E,1,0,1,0,Mailed Check,0,0,0,2,0,0,0,0,1,31.35,80,0.0,0.0,111.35,0,1
37,19,0.0,3424,One Year,0,0,Female,1,DSL,37.007882,-122.065975,0,40.3,0,0,0,,1,1,1,0,Bank Withdrawal,0,1,0,3,0,0,0,0,39,1630.4,0,0.0,0.0,1630.4,1,0
48,13,28.8,5897,Month-to-Month,0,0,Male,1,Cable,32.825086,-117.199424,0,74.95,1,0,0,,0,0,1,0,Bank Withdrawal,1,0,0,3,0,0,0,0,23,1710.45,0,662.4,0.0,2372.85,1,1
50,5,41.38,3167,Month-to-Month,0,0,Female,1,DSL,38.392686,-120.415951,0,54.2,0,0,0,,0,0,1,0,Bank Withdrawal,1,0,0,4,0,0,0,1,3,140.4,0,124.14,0.0,264.54,1,0
61,0,33.13,2024,One Year,0,0,Female,0,,34.129058,-118.759788,0,19.65,0,0,0,Offer D,0,0,0,0,Bank Withdrawal,1,0,0,3,0,0,0,0,13,244.8,0,430.69,0.0,675.49,0,0
63,17,25.17,4989,Month-to-Month,0,0,Female,1,Fiber Optic,34.070291,-118.349191,0,75.35,1,0,0,,0,0,1,0,Bank Withdrawal,1,0,0,3,0,0,0,0,7,564.65,0,176.19,0.0,740.84,1,0
57,12,25.79,4103,Month-to-Month,0,1,Female,1,Cable,37.863843,-122.275684,1,94.4,1,0,1,Offer D,0,1,0,1,Bank Withdrawal,1,0,1,1,0,0,0,1,17,1607.2,0,438.43,0.0,2045.63,1,1
68,9,0.0,4095,Month-to-Month,0,0,Female,1,Cable,38.493888,-122.777141,0,25.7,0,0,0,,0,0,1,0,Mailed Check,0,0,0,1,1,0,0,0,1,25.7,0,0.0,0.0,25.7,1,1
35,0,27.66,2717,Two Year,0,0,Male,0,,39.125311,-121.392283,0,19.15,0,0,0,,0,0,0,0,Credit Card,1,0,0,3,0,0,0,0,17,343.45,0,470.22,28.63,785.04,0,0
28,0,38.73,5586,One Year,0,0,Male,0,,35.852892,-118.397782,0,20.1,0,0,0,Offer D,0,0,0,0,Credit Card,1,0,0,5,0,0,0,0,18,401.85,0,697.14,0.0,1098.99,0,0
34,0,29.14,4580,Month-to-Month,0,0,Female,0,,36.78979,-119.929894,1,19.6,0,0,1,,0,0,0,1,Credit Card,1,0,1,4,0,0,0,0,4,93.45,0,116.56,0.0,210.01,0,0
40,13,40.28,4583,Month-to-Month,1,0,Male,1,Fiber Optic,32.852947,-114.850784,1,106.05,1,1,1,Offer A,1,1,1,1,Bank Withdrawal,1,0,1,4,0,1,1,1,70,7554.05,0,2819.6,0.0,10373.65,1,0
50,17,46.5,4093,Month-to-Month,0,0,Male,1,Fiber Optic,40.021787,-122.127576,0,93.2,0,0,0,,1,0,1,0,Credit Card,1,0,0,4,0,1,1,1,22,2157.3,0,1023.0,0.0,3180.3,1,0
33,56,26.09,5447,Month-to-Month,1,1,Female,1,Fiber Optic,39.449794,-121.936372,1,106.9,0,3,1,,0,1,1,1,Bank Withdrawal,1,1,1,3,0,1,1,1,35,3756.45,150,913.15,34.47,4785.13,0,0
37,0,20.96,2269,One Year,0,0,Female,0,,33.945318,-117.992066,1,20.55,0,0,10,,0,0,1,1,Credit Card,1,0,1,4,0,0,0,0,27,583.3,0,565.92,0.0,1149.22,0,0
47,0,46.91,3636,Month-to-Month,1,0,Female,0,,33.666301,-117.969501,1,20.2,0,2,6,,0,0,0,1,Mailed Check,1,0,1,4,0,0,0,0,19,382.2,0,891.29,0.0,1273.49,0,0
27,59,20.44,2827,Month-to-Month,0,0,Male,1,Fiber Optic,37.921034,-122.341798,0,94.25,0,0,0,,0,1,1,0,Bank Withdrawal,1,0,0,1,0,1,1,1,16,1483.25,140,327.04,0.0,1950.29,0,1
44,25,38.02,5176,Month-to-Month,0,0,Female,1,Fiber Optic,37.721052,-122.413573,0,75.1,0,0,0,,1,0,0,0,Bank Withdrawal,1,0,0,5,0,0,0,0,16,1212.85,0,608.32,0.0,1821.17,1,0
40,29,0.0,5224,Two Year,0,1,Female,1,Cable,35.591387,-121.032256,1,58.25,0,0,2,Offer A,1,0,0,1,Bank Withdrawal,0,1,1,5,0,1,1,1,71,4145.9,0,0.0,0.0,4145.9,1,0
41,6,30.04,3565,Month-to-Month,0,0,Male,1,DSL,34.119363,-117.855059,0,43.9,0,0,0,Offer E,0,0,0,0,Credit Card,1,0,0,5,0,0,0,0,7,278.4,0,210.28,0.0,488.68,1,0
47,53,26.35,4667,Two Year,1,1,Male,1,DSL,32.587557,-116.636816,1,86.9,1,3,9,,0,1,0,1,Bank Withdrawal,1,1,1,3,0,1,1,1,69,6194.1,0,1818.15,0.0,8012.25,1,0
50,17,14.35,2650,Month-to-Month,0,0,Female,1,Fiber Optic,37.388349,-122.075299,0,76.1,1,0,0,,0,0,0,0,Bank Withdrawal,1,0,0,4,0,0,0,0,3,257.6,0,43.05,0.0,300.65,1,0
33,10,29.03,3916,Month-to-Month,1,0,Female,1,Fiber Optic,35.349241,-116.770281,1,71.65,0,1,5,,0,0,1,1,Bank Withdrawal,1,0,1,3,0,0,0,0,2,135.75,0,58.06,0.0,193.81,1,0
21,59,14.86,5308,Two Year,0,1,Female,1,Cable,38.805481,-120.13287,0,82.45,0,0,0,Offer A,1,1,1,0,Credit Card,1,1,0,3,0,1,1,1,68,5646.6,90,1010.48,0.0,6747.08,0,0
63,26,5.65,3476,Month-to-Month,1,1,Male,1,Fiber Optic,36.600193,-120.153393,1,84.05,0,1,10,,0,0,1,1,Credit Card,1,0,1,3,0,0,0,1,34,2909.95,0,192.1,0.0,3102.05,1,0
71,6,21.67,5271,One Year,0,0,Male,1,Cable,37.327069,-121.916819,1,60.05,1,0,1,,0,1,1,1,Bank Withdrawal,1,1,1,1,1,0,0,0,53,3229.65,100,1148.51,0.0,4478.16,0,1
24,76,49.61,4705,One Year,0,0,Male,1,DSL,36.554618,-121.922239,0,75.0,0,0,0,,0,1,0,0,Bank Withdrawal,1,1,0,3,0,1,1,1,26,1908.35,0,1289.86,0.0,3198.21,1,0
46,3,0.0,2734,Month-to-Month,0,0,Male,1,Cable,37.736535,-122.45732,0,29.6,0,0,0,Offer E,1,0,1,0,Bank Withdrawal,0,0,0,1,0,0,0,0,3,79.45,0,0.0,0.0,79.45,1,1
20,0,38.97,2616,Month-to-Month,1,0,Female,0,,37.676249,-122.132415,0,25.45,1,3,0,Offer E,0,0,1,0,Credit Card,1,0,0,5,0,0,0,0,4,84.2,0,155.88,0.0,240.08,0,0
20,26,34.14,5720,Month-to-Month,0,1,Female,1,Fiber Optic,34.437945,-119.77191,1,105.5,1,0,7,,1,0,1,1,Bank Withdrawal,1,0,1,1,0,1,1,1,65,6985.65,0,2219.1,0.0,9204.75,1,1
21,30,42.98,4626,Month-to-Month,1,1,Female,1,DSL,37.556634,-122.317723,1,61.15,0,3,1,Offer D,1,1,0,1,Credit Card,1,0,1,1,0,0,0,0,22,1422.05,80,945.56,0.0,2447.61,0,1
48,0,4.09,2507,Month-to-Month,0,0,Female,0,,36.636638,-119.421842,0,20.3,0,0,0,,0,0,0,0,Credit Card,1,0,0,5,0,0,0,0,1,20.3,0,4.09,0.0,24.39,0,0
62,0,36.16,2654,Two Year,1,0,Male,0,,34.019323,-118.391902,0,20.85,0,2,0,,0,0,0,0,Credit Card,1,0,0,4,0,0,0,0,19,467.5,0,687.04,0.0,1154.54,0,0
30,76,12.59,3477,Month-to-Month,0,1,Male,1,Cable,34.1678,-116.86433,0,53.45,0,0,0,,0,1,0,0,Bank Withdrawal,1,0,0,4,0,0,0,0,2,119.5,0,25.18,0.0,144.68,1,0
47,6,1.13,5086,Month-to-Month,0,0,Male,1,Fiber Optic,38.911577,-120.106169,0,90.85,0,0,0,Offer E,0,0,1,0,Bank Withdrawal,1,0,0,3,0,1,1,1,1,90.85,0,1.13,0.0,91.98,1,1
48,30,47.45,4722,Month-to-Month,0,1,Female,1,DSL,34.420998,-119.60137,0,65.2,1,0,0,,0,0,1,0,Credit Card,1,0,0,1,0,1,1,0,16,1043.35,0,759.2,0.0,1802.55,1,1
61,30,21.84,4703,Two Year,1,0,Female,1,DSL,40.637105,-121.906949,1,74.55,1,3,9,,1,1,0,1,Credit Card,1,1,1,3,0,0,0,1,72,5430.65,0,1572.48,0.0,7003.13,1,0
52,19,6.85,4463,Two Year,1,1,Female,1,DSL,36.29223,-119.622676,1,70.45,1,1,8,Offer A,1,1,1,1,Bank Withdrawal,1,1,1,3,0,0,0,0,72,5165.7,0,493.2,0.0,5658.9,1,0
22,27,0.0,4283,Two Year,0,0,Male,1,Cable,38.434362,-122.86891,1,49.65,0,0,8,,1,0,0,1,Credit Card,0,0,1,4,0,1,1,1,49,2409.9,0,0.0,0.0,2409.9,1,0
24,73,39.92,2165,Month-to-Month,0,0,Female,1,Fiber Optic,34.19225,-118.776874,0,80.0,0,0,0,,0,0,1,0,Bank Withdrawal,1,0,0,4,0,0,0,1,8,624.6,0,319.36,0.0,943.96,1,0
30,0,8.21,5409,Two Year,0,0,Female,0,,34.072121,-117.698319,1,24.25,1,0,1,,0,0,1,1,Credit Card,1,0,1,5,0,0,0,0,71,1732.95,0,582.91,0.0,2315.86,0,0
44,3,10.13,4120,One Year,0,1,Male,1,Fiber Optic,41.737962,-123.07557,1,94.65,1,0,1,Offer B,1,0,1,1,Bank Withdrawal,1,0,1,4,0,0,0,1,46,4312.5,0,465.98,0.0,4778.48,1,0
44,53,0.0,5880,Month-to-Month,1,0,Female,1,DSL,35.746484,-121.223355,0,29.65,0,3,0,,1,0,0,0,Mailed Check,0,0,0,3,0,0,0,0,3,90.05,0,0.0,0.0,90.05,1,0
80,18,0.0,2061,Month-to-Month,1,0,Male,1,Cable,39.141934,-122.770679,1,40.05,0,2,5,,0,1,0,1,Mailed Check,0,0,1,1,1,1,0,0,22,880.2,0,0.0,0.0,880.2,1,1
56,0,2.15,3078,Month-to-Month,0,0,Male,0,,36.385818,-119.224243,1,20.35,0,0,3,,0,0,0,1,Bank Withdrawal,1,0,1,4,0,0,0,0,37,697.65,0,79.55,45.07,732.13,0,0
60,26,49.61,4446,One Year,0,0,Male,1,Fiber Optic,33.351059,-117.420557,0,89.2,0,0,0,Offer C,0,1,1,0,Bank Withdrawal,1,1,0,4,0,1,1,0,35,3251.3,0,1736.35,0.0,4987.65,1,0
40,20,38.32,5877,Month-to-Month,0,0,Female,1,DSL,34.983808,-117.239306,0,50.3,1,0,0,,0,0,1,0,Bank Withdrawal,1,0,0,3,0,0,0,0,18,913.3,0,689.76,0.0,1603.06,1,0
22,52,14.75,4271,Month-to-Month,1,0,Male,1,Fiber Optic,38.394091,-122.739814,1,105.5,1,1,8,Offer B,1,1,1,1,Bank Withdrawal,1,0,1,4,0,1,1,1,62,6487.2,150,914.5,0.0,7551.7,0,0
45,0,30.07,2687,Month-to-Month,0,0,Female,0,,34.102119,-117.815532,1,19.55,0,0,1,,0,0,1,1,Credit Card,1,0,1,3,0,0,0,0,31,658.95,0,932.17,0.0,1591.12,0,1
35,53,45.61,3202,Month-to-Month,1,0,Male,1,DSL,37.444314,-122.149996,0,50.3,0,3,0,,0,1,1,0,Credit Card,1,0,0,3,0,0,0,0,17,846.8,0,775.37,0.0,1622.17,1,0
61,16,44.97,5755,Month-to-Month,0,0,Male,1,Fiber Optic,37.212191,-119.749323,0,82.3,0,0,0,,0,1,1,0,Credit Card,1,1,0,4,0,0,0,0,3,214.4,20,134.91,0.0,369.31,0,0
48,0,34.79,3040,Two Year,1,0,Male,0,,33.830099,-118.182239,1,25.1,1,1,9,,0,0,0,1,Credit Card,1,0,1,3,0,0,0,0,36,930.95,0,1252.44,0.0,2183.39,0,0
21,42,1.28,2142,Month-to-Month,0,0,Female,1,Fiber Optic,34.049841,-118.33846,0,74.6,1,0,0,Offer E,0,0,1,0,Credit Card,1,0,0,5,0,0,0,0,8,548.9,0,10.24,0.0,559.14,1,0
63,0,10.46,6059,Two Year,1,0,Male,0,,34.097863,-116.594561,1,25.35,1,1,6,Offer A,0,0,0,1,Credit Card,1,0,1,3,0,0,0,0,70,1715.15,0,732.2,0.0,2447.35,0,0
25,71,33.88,4495,Two Year,0,1,Male,1,Fiber Optic,40.142256,-123.852927,0,116.2,1,0,0,Offer A,1,1,0,0,Credit Card,1,1,0,2,0,1,1,1,67,7752.3,0,2269.96,0.0,10022.26,1,1
31,9,0.0,4909,Month-to-Month,0,0,Female,1,DSL,33.507255,-117.029473,0,24.45,0,0,0,Offer E,0,0,1,0,Bank Withdrawal,0,0,0,1,0,0,0,0,4,86.6,0,0.0,0.0,86.6,1,1
64,9,13.64,5148,Month-to-Month,0,0,Female,1,Fiber Optic,32.825086,-117.199424,1,90.9,1,0,1,Offer D,1,0,1,1,Bank Withdrawal,1,0,1,2,0,1,1,0,14,1259.0,0,190.96,0.0,1449.96,1,1
33,9,47.89,3981,Month-to-Month,0,0,Male,1,Fiber Optic,37.311088,-121.961786,1,98.85,1,0,3,,1,0,1,1,Credit Card,1,0,1,4,0,1,1,1,32,3145.9,0,1532.48,0.0,4678.38,1,0
49,0,2.85,5566,Month-to-Month,0,0,Female,0,,37.716186,-121.025836,0,19.4,0,0,0,,0,0,0,0,Credit Card,1,0,0,3,0,0,0,0,1,19.4,0,2.85,0.0,22.25,0,0
24,0,20.29,3926,Month-to-Month,0,0,Male,0,,37.380662,-122.086022,0,19.75,0,0,0,Offer D,0,0,0,0,Credit Card,1,0,0,3,0,0,0,0,10,208.25,0,202.9,0.0,411.15,0,0
56,10,30.35,2444,Month-to-Month,0,0,Male,1,Fiber Optic,33.362575,-117.299644,0,78.85,1,0,0,Offer D,1,0,1,0,Credit Card,1,0,0,5,0,0,0,0,22,1600.25,50,667.7,0.0,2317.95,0,0
55,9,33.37,5115,Two Year,0,1,Male,1,DSL,38.227285,-121.02789,1,76.1,1,0,4,Offer A,1,0,0,1,Credit Card,1,1,1,4,0,0,0,1,70,5264.25,110,2335.9,0.0,7710.15,0,0
38,25,32.22,6378,Two Year,1,1,Male,1,Fiber Optic,34.965648,-117.001509,1,104.9,1,3,6,Offer A,1,1,1,1,Credit Card,1,1,1,4,0,1,1,0,72,7732.65,0,2319.84,0.0,10052.49,1,0
77,25,30.11,4140,Two Year,0,0,Male,1,Fiber Optic,41.232128,-123.194748,0,69.35,0,0,0,,0,0,0,0,Bank Withdrawal,1,0,0,3,1,0,0,0,4,261.65,0,120.44,0.0,382.09,1,0
57,11,11.32,4131,One Year,0,0,Female,1,DSL,33.571259,-117.731917,0,59.9,0,0,0,Offer C,1,1,1,0,Bank Withdrawal,1,1,0,3,0,0,0,0,28,1654.7,0,316.96,0.0,1971.66,1,0
64,0,23.81,6019,Two Year,1,0,Male,0,,38.954144,-121.482536,0,25.3,1,3,0,Offer A,0,0,1,0,Credit Card,1,0,0,4,0,0,0,0,66,1673.8,0,1571.46,0.0,3245.26,0,0
44,13,15.76,2451,Month-to-Month,0,0,Male,1,DSL,34.238802,-118.482296,0,44.9,0,0,0,Offer E,0,0,1,0,Credit Card,1,0,0,3,0,0,0,0,1,44.9,0,15.76,0.0,60.66,1,0
21,71,14.6,4415,Month-to-Month,1,0,Male,1,Fiber Optic,33.940619,-117.9513,0,74.4,1,2,0,Offer E,0,0,1,0,Bank Withdrawal,1,0,0,1,0,0,1,0,3,229.55,0,43.8,8.74,264.61,1,1
22,0,36.37,2299,Two Year,1,0,Male,0,,33.739412,-117.173334,1,25.35,1,2,3,,0,0,0,1,Credit Card,1,0,1,4,0,0,0,0,10,253.5,0,363.7,0.0,617.2,0,0
36,0,14.27,3977,One Year,0,0,Male,0,,33.098018,-117.258203,1,18.8,0,0,5,,0,0,0,1,Credit Card,1,0,1,4,0,0,0,0,15,294.95,0,214.05,0.0,509.0,0,0
46,17,0.0,5041,Two Year,0,1,Male,1,DSL,34.191842,-118.822796,1,45.25,0,0,11,Offer A,1,1,0,1,Credit Card,0,1,1,4,0,0,0,0,72,3139.8,0,0.0,0.0,3139.8,1,0
22,0,31.93,5730,Two Year,1,0,Male,0,,36.624641,-121.647195,0,19.9,0,1,0,,0,0,0,0,Credit Card,1,0,0,4,0,0,0,0,72,1529.65,0,2298.96,0.0,3828.61,0,0
50,18,44.76,2667,One Year,0,0,Male,1,DSL,40.497283,-123.93037,0,70.95,1,0,0,Offer B,0,1,1,0,Bank Withdrawal,1,1,0,3,0,1,1,0,48,3629.2,0,2148.48,0.0,5777.68,1,0
30,59,41.78,2632,Month-to-Month,0,0,Female,1,DSL,37.672906,-120.946594,0,44.9,0,0,0,Offer E,0,0,1,0,Bank Withdrawal,1,0,0,2,0,0,0,0,1,44.9,0,41.78,0.0,86.68,1,1
32,13,33.62,4780,Month-to-Month,1,0,Female,1,Fiber Optic,33.840399,-118.353714,1,87.8,0,2,1,,0,0,1,1,Credit Card,1,0,1,4,0,1,1,1,29,2621.75,0,974.98,0.0,3596.73,1,0
29,73,36.75,5530,Month-to-Month,0,0,Male,1,Fiber Optic,32.825086,-117.199424,1,91.85,1,0,0,,1,0,1,1,Bank Withdrawal,1,0,0,3,0,0,1,1,65,5940.85,0,2388.75,0.0,8329.6,1,1
37,21,39.85,4525,Month-to-Month,0,0,Female,1,Fiber Optic,38.432145,-120.77069,0,75.75,1,0,0,,0,0,1,0,Mailed Check,1,0,0,5,0,0,0,0,10,777.3,0,398.5,0.0,1175.8,1,0
51,4,44.31,5213,Two Year,0,1,Female,1,Fiber Optic,36.220761,-120.980777,0,115.1,1,0,0,,1,1,1,0,Bank Withdrawal,1,1,0,3,0,1,1,1,64,7334.05,0,2835.84,0.0,10169.89,1,0
74,18,32.9,6084,Two Year,1,1,Male,1,DSL,33.970661,-117.255039,1,75.15,1,2,3,,1,1,1,1,Bank Withdrawal,1,0,1,4,1,1,1,0,50,3822.45,0,1645.0,0.0,5467.45,1,0
25,85,26.51,5220,One Year,0,0,Male,1,Cable,34.083086,-117.737997,0,65.4,0,0,0,,1,0,1,0,Credit Card,1,1,0,1,0,1,1,0,36,2498.4,0,954.36,0.0,3452.76,1,1
30,59,9.37,6107,Month-to-Month,0,1,Female,1,DSL,33.760458,-118.129725,0,59.45,0,0,0,,0,0,1,0,Bank Withdrawal,1,0,0,3,0,1,1,0,52,3043.7,0,487.24,0.0,3530.94,1,0
58,0,40.0,3047,Two Year,1,0,Male,0,,34.983808,-117.239306,1,21.25,0,3,6,,0,0,0,1,Credit Card,1,0,1,3,0,0,0,0,30,711.9,0,1200.0,0.0,1911.9,0,0
29,0,7.32,4801,Month-to-Month,0,0,Male,0,,33.351059,-117.420557,0,20.55,0,0,0,Offer E,0,0,0,0,Credit Card,1,0,0,4,0,0,0,0,1,20.55,0,7.32,0.0,27.87,0,0
46,14,46.21,3818,One Year,0,1,Male,1,Cable,34.145695,-117.95982,0,62.3,0,0,0,,0,0,1,0,Credit Card,1,1,0,3,0,1,1,0,38,2354.8,0,1755.98,0.0,4110.78,1,1
41,14,0.0,3752,One Year,0,1,Male,1,DSL,39.457388,-121.818201,0,35.55,0,0,0,,0,0,0,0,Credit Card,0,1,0,3,0,0,0,0,39,1309.15,0,0.0,0.0,1309.15,1,0
58,21,17.9,4296,Two Year,0,1,Female,1,Fiber Optic,34.238162,-117.534306,0,118.65,1,0,0,Offer A,1,1,1,0,Bank Withdrawal,1,1,0,3,0,1,1,1,71,8477.6,0,1270.9,0.0,9748.5,1,0
20,59,29.41,3458,Month-to-Month,0,0,Female,1,Fiber Optic,37.375816,-119.739935,0,78.05,0,0,0,,0,0,0,0,Bank Withdrawal,1,0,0,1,0,0,1,1,1,78.05,10,29.41,0.0,117.46,0,1
57,0,45.75,4722,Two Year,0,0,Male,0,,37.885629,-122.46858,0,19.3,0,0,0,,0,0,0,0,Bank Withdrawal,1,0,0,4,0,0,0,0,72,1414.8,0,3294.0,0.0,4708.8,0,0
43,24,8.69,3271,Month-to-Month,0,0,Male,1,Fiber Optic,33.873395,-118.37019,0,73.15,1,0,0,Offer C,0,0,1,0,Credit Card,1,0,0,5,0,0,0,0,39,2730.85,0,338.91,0.0,3069.76,1,0
33,0,16.81,5747,Month-to-Month,0,0,Male,0,,33.362575,-117.299644,0,20.1,0,0,0,Offer E,0,0,0,0,Credit Card,1,0,0,1,0,0,0,0,1,20.1,0,16.81,0.0,36.91,0,1
54,0,30.82,3948,Two Year,0,0,Female,0,,34.296813,-118.685703,0,24.0,1,0,0,Offer B,0,0,0,0,Credit Card,1,0,0,3,0,0,0,0,48,1183.05,0,1479.36,0.0,2662.41,0,0
69,11,3.76,4053,One Year,0,1,Female,1,Fiber Optic,33.323705,-116.626907,1,97.0,0,0,9,,1,1,0,1,Bank Withdrawal,1,0,1,3,1,1,0,0,64,6430.9,0,240.64,0.0,6671.54,1,0
31,0,7.72,5346,Month-to-Month,0,0,Female,0,,33.818477,-118.038307,0,20.7,0,0,0,Offer E,0,0,0,0,Credit Card,1,0,0,5,0,0,0,0,6,112.75,0,46.32,0.0,159.07,0,0
58,16,8.39,5979,Two Year,1,0,Female,1,DSL,32.698964,-115.886656,1,59.75,0,2,9,Offer A,0,1,1,1,Bank Withdrawal,1,0,1,3,0,0,0,1,66,3996.8,0,553.74,0.0,4550.54,1,0
43,20,0.0,2578,Two Year,0,1,Female,1,Cable,34.084909,-117.258107,1,52.55,0,0,2,,0,1,1,1,Bank Withdrawal,0,1,1,3,0,0,0,1,10,525.5,0,0.0,0.0,525.5,1,0
65,6,16.36,5203,Month-to-Month,0,0,Female,1,Fiber Optic,37.83323,-121.601461,0,78.95,1,0,0,Offer D,1,0,1,0,Bank Withdrawal,1,0,0,1,1,0,0,0,14,1101.85,0,229.04,0.0,1330.89,1,1
77,18,26.95,4419,Month-to-Month,1,0,Female,1,Fiber Optic,34.159007,-118.087353,0,76.45,0,2,0,Offer E,0,1,0,0,Bank Withdrawal,1,0,0,2,1,0,0,0,7,503.6,0,188.65,11.05,681.2,0,1
30,71,42.4,5364,One Year,0,1,Male,1,Fiber Optic,33.867593,-118.080637,0,107.75,1,0,0,Offer B,1,1,1,0,Bank Withdrawal,1,0,0,3,0,1,1,1,61,6521.9,0,2586.4,0.0,9108.3,1,0
36,0,20.56,5335,Two Year,1,0,Female,0,,36.624641,-121.647195,1,24.45,1,1,4,Offer A,0,0,0,1,Bank Withdrawal,1,0,1,3,0,0,0,0,72,1709.1,0,1480.32,0.0,3189.42,0,0
19,0,5.7,4974,Two Year,1,0,Male,0,,39.176595,-121.291692,1,21.0,0,1,3,Offer A,0,0,0,1,Bank Withdrawal,1,0,1,5,0,0,0,0,72,1493.75,0,410.4,0.0,1904.15,0,0
28,59,42.99,5494,Month-to-Month,1,0,Male,1,Fiber Optic,38.619049,-121.517552,1,74.6,0,1,5,,1,0,0,1,Credit Card,1,0,1,5,0,0,0,0,1,74.6,0,42.99,0.0,117.59,1,0
32,28,20.52,2786,Month-to-Month,1,0,Male,1,Cable,33.783047,-118.1486,0,95.0,1,4,0,Offer E,0,0,0,0,Credit Card,1,0,0,1,0,1,1,1,7,655.5,10,143.64,36.6,772.54,0,1
77,19,49.21,4848,One Year,1,0,Female,1,Fiber Optic,38.192608,-120.957842,1,100.4,1,2,1,Offer C,1,0,1,1,Bank Withdrawal,1,0,1,3,1,1,0,1,32,3217.65,0,1574.72,0.0,4792.37,1,0
43,20,36.55,4454,Two Year,0,1,Male,1,Fiber Optic,36.175255,-119.813805,1,96.6,1,0,5,,1,1,0,1,Credit Card,1,1,1,3,0,0,0,0,66,6424.25,0,2412.3,0.0,8836.55,1,0
25,51,24.77,5056,Month-to-Month,0,0,Female,1,Fiber Optic,34.04597,-117.011825,0,106.6,1,0,0,Offer B,1,1,1,0,Credit Card,1,0,0,4,0,1,1,1,56,5893.95,0,1387.12,0.0,7281.07,1,0
31,0,23.43,4626,Two Year,0,0,Male,0,,39.00978,-120.978273,0,20.8,0,0,0,Offer A,0,0,1,0,Credit Card,1,0,0,5,0,0,0,0,72,1521.2,0,1686.96,0.0,3208.16,0,0
67,27,26.1,3110,Month-to-Month,0,0,Female,1,DSL,34.321621,-118.399841,0,57.15,0,0,0,,1,1,1,0,Credit Card,1,0,0,1,1,0,0,0,38,2250.65,0,991.8,0.0,3242.45,1,1
52,76,2.96,2871,Month-to-Month,1,0,Male,1,DSL,37.257063,-121.923037,1,69.2,1,3,8,Offer D,1,1,0,1,Credit Card,1,0,1,3,0,1,1,0,14,944.65,0,41.44,0.0,986.09,1,0
70,22,21.9,5039,Two Year,0,0,Female,1,Fiber Optic,33.954017,-118.402447,0,84.05,1,0,0,Offer E,0,0,1,0,Bank Withdrawal,1,0,0,3,1,1,0,0,2,186.05,0,43.8,0.0,229.85,1,0
40,0,27.59,3167,Month-to-Month,0,0,Female,0,,35.013299,-116.834092,0,20.15,0,0,0,,0,0,0,0,Mailed Check,1,0,0,4,0,0,0,0,1,20.15,0,27.59,0.0,47.74,0,0
55,4,46.36,4852,Month-to-Month,0,0,Female,1,Fiber Optic,34.130992,-118.894673,0,83.75,0,0,0,Offer E,1,0,0,0,Bank Withdrawal,1,0,0,2,0,0,0,1,3,247.25,0,139.08,0.0,386.33,1,1
50,23,47.91,5001,Two Year,1,1,Female,1,DSL,34.049172,-118.115022,1,89.05,1,1,4,Offer A,1,1,1,1,Bank Withdrawal,1,1,1,3,0,1,1,1,68,6185.8,0,3257.88,0.0,9443.68,1,0
53,14,9.46,2583,Month-to-Month,0,1,Male,1,Fiber Optic,33.822295,-118.26411,0,79.9,1,0,0,,0,0,0,0,Bank Withdrawal,1,0,0,4,0,0,0,0,42,3313.4,0,397.32,23.47,3687.25,1,0
39,16,31.15,5641,Two Year,0,1,Male,1,Cable,38.93496,-122.792243,1,85.45,1,0,10,,1,0,1,1,Credit Card,1,1,1,4,0,1,1,1,72,6227.5,0,2242.8,0.0,8470.3,1,0
57,24,42.67,5591,Two Year,0,1,Female,1,DSL,34.183286,-117.221722,1,65.3,1,0,1,Offer A,0,1,0,1,Credit Card,1,1,1,1,0,0,0,0,70,4759.75,0,2986.9,0.0,7746.65,1,1
69,6,7.94,5884,Month-to-Month,0,0,Male,1,Fiber Optic,33.833699,-118.314387,1,101.9,1,0,1,Offer B,1,0,1,1,Bank Withdrawal,1,0,1,1,1,1,0,1,53,5549.4,0,420.82,0.0,5970.22,1,1
62,10,32.12,5056,Month-to-Month,0,0,Female,1,Fiber Optic,33.507255,-117.029473,0,96.25,0,0,0,Offer E,1,0,1,0,Bank Withdrawal,1,0,0,2,0,1,1,1,5,512.45,0,160.6,0.0,673.05,1,1
58,19,1.1,3334,Month-to-Month,0,0,Female,1,Cable,34.159534,-116.425984,0,64.4,1,0,0,,0,0,1,0,Credit Card,1,1,0,4,0,0,0,1,4,253.0,0,4.4,0.0,257.4,1,0
53,26,14.48,3940,Month-to-Month,0,0,Female,1,Fiber Optic,38.965804,-122.631779,0,75.8,0,0,0,,1,0,0,0,Bank Withdrawal,1,0,0,1,0,0,0,0,1,75.8,0,14.48,0.0,90.28,1,1
22,85,1.74,5146,One Year,0,1,Female,1,DSL,36.995162,-120.955099,0,65.25,0,0,0,,1,0,0,0,Bank Withdrawal,1,0,0,5,0,0,0,1,22,1441.8,0,38.28,0.0,1480.08,1,0
38,14,47.95,5601,Two Year,0,0,Female,1,DSL,37.890145,-119.184087,1,79.6,0,0,7,Offer A,1,1,1,1,Bank Withdrawal,1,1,1,4,0,1,1,1,68,5515.8,0,3260.6,0.0,8776.4,1,0
44,0,4.42,2236,Two Year,0,0,Male,0,,33.739415,-116.968339,1,20.05,0,0,6,Offer C,0,0,0,1,Credit Card,1,0,1,3,0,0,0,0,34,679.0,0,150.28,0.0,829.28,0,0
61,53,25.85,5237,One Year,1,0,Female,1,Cable,40.7666,-123.80458,0,49.45,0,3,0,Offer D,0,0,1,0,Bank Withdrawal,1,1,0,3,0,0,0,0,23,1119.35,0,594.55,0.0,1713.9,1,0
49,22,43.51,5436,Two Year,1,1,Female,1,DSL,34.088017,-118.327168,1,88.0,1,1,10,,1,1,0,1,Credit Card,1,1,1,3,0,1,1,1,68,6161.9,40,2958.68,0.0,9160.58,0,0
27,71,42.37,4606,One Year,0,1,Female,1,Fiber Optic,33.850504,-118.039892,1,99.8,1,0,1,,0,0,1,1,Credit Card,1,0,1,4,0,1,1,1,56,5515.45,0,2372.72,0.0,7888.17,1,0
67,15,16.78,3715,Month-to-Month,0,1,Male,1,Fiber Optic,37.963995,-122.288296,0,79.85,1,0,0,,0,0,1,0,Bank Withdrawal,1,0,0,3,1,0,0,0,19,1471.75,0,318.82,0.0,1790.57,1,1
26,42,14.0,5667,Two Year,0,1,Female,1,Cable,33.600987,-117.862734,1,80.6,0,0,5,,1,0,1,1,Bank Withdrawal,1,1,1,5,0,1,1,1,60,4946.7,0,840.0,0.0,5786.7,1,0
38,0,49.5,5234,Two Year,0,0,Male,0,,33.840399,-118.353714,1,19.4,0,0,1,Offer A,0,0,0,1,Credit Card,1,0,1,5,0,0,0,0,72,1363.25,0,3564.0,0.0,4927.25,0,0
38,0,18.86,5998,Two Year,1,0,Female,0,,34.101608,-118.055848,1,24.3,1,3,5,,0,0,0,1,Bank Withdrawal,1,0,1,4,0,0,0,0,35,821.6,0,660.1,0.0,1481.7,0,0
32,28,24.3,2454,Month-to-Month,0,0,Male,1,DSL,37.34667,-121.910019,1,50.15,0,0,7,,1,0,1,1,Credit Card,1,0,1,4,0,0,0,0,40,2058.5,0,972.0,37.03,2993.47,1,0
31,10,37.76,2928,Month-to-Month,0,0,Female,1,Fiber Optic,37.421633,-122.009613,0,70.0,0,0,0,Offer E,0,0,0,0,Bank Withdrawal,1,0,0,3,0,0,0,0,2,153.05,0,75.52,0.0,228.57,1,1
60,26,42.04,2761,One Year,0,0,Female,1,Cable,33.976753,-117.897367,1,54.15,0,0,1,,1,0,1,1,Credit Card,1,1,1,2,0,0,0,0,45,2319.8,0,1891.8,0.0,4211.6,1,1
33,23,0.0,4652,Two Year,1,0,Male,1,Cable,37.791998,-122.408653,1,50.55,0,4,9,Offer A,0,0,0,1,Bank Withdrawal,0,1,1,4,0,1,1,1,66,3364.55,110,0.0,0.0,3474.55,0,0
29,52,31.14,4403,Month-to-Month,0,1,Female,1,Cable,33.930931,-117.361788,0,65.25,1,0,0,Offer C,0,1,0,0,Credit Card,1,1,0,1,0,0,0,0,31,1994.3,120,965.34,0.0,3079.64,0,1
43,53,13.45,4162,Month-to-Month,1,0,Male,1,Fiber Optic,38.602723,-121.279913,1,79.4,0,3,9,,1,0,0,1,Bank Withdrawal,1,1,1,4,0,0,0,0,55,4238.45,0,739.75,0.0,4978.2,1,0
45,9,32.33,3473,Month-to-Month,0,0,Female,1,Fiber Optic,36.993451,-122.098858,0,95.65,1,0,0,Offer E,0,0,0,0,Credit Card,1,0,0,2,0,1,1,1,1,95.65,0,32.33,0.0,127.98,1,1
20,0,2.68,2360,Month-to-Month,1,0,Female,0,,37.901371,-122.572024,1,19.35,0,2,1,,0,0,0,1,Bank Withdrawal,1,0,1,5,0,0,0,0,37,683.75,0,99.16,0.0,782.91,0,0
25,52,0.0,2270,Month-to-Month,0,0,Female,1,Cable,36.523619,-119.386868,0,45.0,0,0,0,Offer E,0,0,0,0,Credit Card,0,0,0,5,0,1,1,1,6,298.7,0,0.0,0.0,298.7,1,0
44,0,47.19,4476,Month-to-Month,0,0,Male,0,,40.648024,-123.465088,0,20.75,0,0,0,Offer E,0,0,0,0,Mailed Check,1,0,0,5,0,0,0,0,7,141.1,0,330.33,0.0,471.43,0,0
75,15,34.31,5581,One Year,0,1,Male,1,Fiber Optic,35.480896,-120.469476,1,80.35,1,0,7,Offer A,0,0,1,1,Credit Card,1,0,1,4,1,0,0,0,68,5589.3,0,2333.08,0.0,7922.38,1,0
39,0,49.13,6025,Two Year,0,0,Male,0,,37.921034,-122.341798,0,25.1,1,0,0,Offer A,0,0,0,0,Credit Card,1,0,0,4,0,0,0,0,66,1697.7,0,3242.58,0.0,4940.28,0,0
64,17,16.67,4701,Month-to-Month,1,0,Male,1,Cable,33.897122,-118.164432,1,69.4,1,1,10,Offer B,1,1,1,1,Bank Withdrawal,1,0,1,3,0,0,0,1,42,3058.3,0,700.14,0.0,3758.44,1,0
62,0,18.81,6338,Two Year,0,0,Female,0,,36.625792,-119.672483,0,19.85,0,0,0,,0,0,0,0,Credit Card,1,0,0,3,0,0,0,0,53,1049.6,0,996.93,0.0,2046.53,0,0
47,12,31.08,3859,Month-to-Month,0,1,Female,1,DSL,34.074572,-118.831181,0,74.65,1,0,0,Offer B,0,1,1,0,Bank Withdrawal,1,1,0,4,0,1,1,0,41,3090.65,100,1274.28,0.0,4464.93,0,0
80,19,39.88,5443,Month-to-Month,0,0,Male,1,Fiber Optic,33.475493,-117.219551,0,73.65,1,0,0,,0,0,1,0,Bank Withdrawal,1,0,0,3,1,0,0,0,1,73.65,0,39.88,0.0,113.53,1,1
69,2,22.56,3357,Month-to-Month,0,0,Female,1,Cable,37.421299,-120.599587,0,50.55,1,0,0,,0,0,0,0,Credit Card,1,0,0,1,1,0,0,0,1,50.55,0,22.56,0.0,73.11,1,1
63,2,27.04,4145,Two Year,0,1,Male,1,DSL,34.205504,-118.993111,0,69.5,1,0,0,,0,0,0,0,Bank Withdrawal,1,1,0,5,0,1,1,0,50,3418.2,0,1352.0,5.73,4764.47,1,0
72,13,2.18,4899,Two Year,0,1,Female,1,Fiber Optic,40.557314,-124.081662,0,74.05,0,0,0,,0,0,1,0,Bank Withdrawal,1,0,0,3,1,0,0,0,8,600.15,0,17.44,0.0,617.59,1,0
46,26,0.0,5460,Two Year,0,1,Female,1,Cable,33.752591,-117.993661,1,49.85,0,0,8,,0,1,1,1,Bank Withdrawal,0,1,1,3,0,1,1,0,70,3370.2,0,0.0,0.0,3370.2,1,0
19,52,1.24,5787,Month-to-Month,0,0,Female,1,DSL,32.636792,-117.054989,0,55.35,0,0,0,,1,1,0,0,Bank Withdrawal,1,0,0,2,0,0,1,0,3,165.2,0,3.72,0.0,168.92,1,1
45,9,27.69,4220,Month-to-Month,0,0,Female,1,Fiber Optic,38.311609,-121.554034,0,73.85,1,0,0,,0,0,1,0,Credit Card,1,0,0,4,0,0,0,0,6,401.3,0,166.14,0.0,567.44,1,0
38,16,5.62,4769,Month-to-Month,0,1,Male,1,Fiber Optic,33.362575,-117.299644,0,80.0,1,0,0,,0,0,0,0,Credit Card,1,0,0,3,0,0,0,0,51,4242.35,0,286.62,0.0,4528.97,1,1
29,85,27.37,2200,Month-to-Month,1,0,Female,1,DSL,38.636052,-119.489162,1,55.15,0,3,7,,0,1,0,1,Bank Withdrawal,1,1,1,3,0,0,0,0,24,1319.85,0,656.88,0.0,1976.73,1,0
25,59,21.96,5551,Two Year,0,1,Female,1,Fiber Optic,38.471049,-123.015549,1,105.5,1,0,0,,0,1,1,1,Bank Withdrawal,1,0,0,3,0,1,1,1,72,7544.0,0,1581.12,0.0,9125.12,1,0
20,0,18.28,4925,Month-to-Month,0,0,Male,0,,37.954089,-121.329761,0,19.65,0,0,0,Offer E,0,0,1,0,Credit Card,1,0,0,3,0,0,0,0,4,67.55,0,73.12,0.0,140.67,0,0
37,26,46.33,4614,One Year,0,1,Male,1,Fiber Optic,38.733714,-120.795213,0,98.9,0,0,0,Offer D,0,1,1,0,Bank Withdrawal,1,0,0,3,0,1,1,1,10,1064.95,0,463.3,0.0,1528.25,1,0
41,27,8.31,3365,Month-to-Month,0,0,Female,1,Fiber Optic,40.053684,-120.743116,0,69.5,0,0,0,,0,0,1,0,Bank Withdrawal,1,0,0,1,0,0,0,0,1,69.5,0,8.31,0.0,77.81,1,1
61,24,13.39,4579,Month-to-Month,1,0,Male,1,Fiber Optic,33.807864,-117.923782,0,80.35,1,2,0,Offer D,0,1,0,0,Bank Withdrawal,1,0,0,3,0,0,0,0,21,1747.2,0,281.19,0.0,2028.39,1,0
40,25,0.0,4116,Month-to-Month,1,1,Female,1,Cable,33.88151,-118.234451,1,48.7,0,3,5,,1,1,1,1,Bank Withdrawal,0,0,1,4,0,1,1,0,53,2495.2,0,0.0,0.0,2495.2,1,0
78,23,46.65,4845,One Year,0,0,Male,1,Fiber Optic,34.757783,-117.33997,1,85.55,1,0,5,Offer B,1,0,1,1,Bank Withdrawal,1,1,1,4,1,0,0,0,61,5251.75,0,2845.65,0.0,8097.4,1,0
55,2,0.0,2863,Month-to-Month,0,1,Female,1,DSL,37.937082,-122.532369,0,39.5,0,0,0,Offer E,0,0,0,0,Bank Withdrawal,0,0,0,2,0,1,1,0,5,210.75,0,0.0,39.27,171.48,1,1
57,0,7.91,5972,One Year,0,0,Female,0,,37.013471,-121.877877,1,20.85,0,0,5,Offer A,0,0,1,1,Bank Withdrawal,1,0,1,5,0,0,0,0,67,1327.4,0,529.97,0.0,1857.37,0,0
80,30,31.91,4322,Month-to-Month,0,0,Female,1,Cable,34.037037,-118.705803,0,79.6,0,0,0,Offer E,0,0,1,0,Bank Withdrawal,1,0,0,3,1,1,0,0,2,195.05,0,63.82,0.0,258.87,1,1
25,76,7.31,6494,One Year,1,0,Female,1,DSL,33.728273,-118.085304,1,68.75,1,1,7,,1,1,0,1,Bank Withdrawal,1,0,1,3,0,1,1,0,56,3815.4,110,409.36,0.0,4334.76,0,0
33,53,2.31,3607,One Year,1,1,Male,1,Cable,37.84771,-120.486589,1,56.25,0,3,7,,0,1,1,1,Credit Card,1,0,1,4,0,0,0,0,24,1454.25,0,55.44,0.0,1509.69,1,0
43,0,23.18,2028,One Year,0,0,Male,0,,35.710244,-118.881679,1,24.4,1,0,6,,0,0,0,1,Mailed Check,1,0,1,5,0,0,0,0,8,203.95,0,185.44,0.0,389.39,0,0
67,20,0.0,3766,Month-to-Month,0,0,Male,1,DSL,39.172777,-121.805845,1,36.45,0,0,1,Offer E,0,0,1,1,Credit Card,0,0,1,1,1,0,0,1,3,93.7,0,0.0,0.0,93.7,1,1
58,0,11.74,4879,Two Year,0,0,Male,0,,37.394411,-120.127262,1,25.6,1,0,1,Offer A,0,0,0,1,Credit Card,1,0,1,3,0,0,0,0,67,1784.9,0,786.58,0.0,2571.48,0,0
23,73,48.03,4094,Month-to-Month,0,0,Male,1,Cable,39.361283,-123.784599,0,45.05,0,0,0,,0,0,0,0,Credit Card,1,0,0,1,0,0,1,0,1,45.05,0,48.03,0.0,93.08,1,1
27,59,8.5,5799,Month-to-Month,0,0,Female,1,Fiber Optic,34.031441,-117.936436,1,73.55,0,0,1,,1,0,1,1,Bank Withdrawal,1,0,1,1,0,0,1,0,2,145.4,0,17.0,0.0,162.4,1,1
26,73,38.99,5656,Two Year,1,1,Female,1,Cable,37.031404,-121.981865,1,71.45,1,1,8,Offer A,0,1,1,1,Bank Withdrawal,1,0,1,3,0,0,1,1,72,5025.85,0,2807.28,0.0,7833.13,1,0
54,0,8.02,3753,Month-to-Month,0,0,Male,0,,40.665952,-124.240051,0,19.5,0,0,0,,0,0,1,0,Credit Card,1,0,0,5,0,0,0,0,1,19.5,0,8.02,0.0,27.52,0,0
30,0,10.0,6072,One Year,0,0,Female,0,,37.004068,-119.930027,0,19.7,0,0,0,,0,0,0,0,Bank Withdrawal,1,0,0,4,0,0,0,0,70,1341.5,0,700.0,0.0,2041.5,0,0
46,13,9.22,4756,Month-to-Month,0,0,Female,1,Fiber Optic,39.342587,-121.249833,1,92.6,1,0,10,Offer D,0,0,0,1,Bank Withdrawal,1,0,1,4,0,1,1,1,17,1579.7,0,156.74,0.0,1736.44,1,0
67,6,45.72,2718,Month-to-Month,0,0,Male,1,Fiber Optic,37.233034,-121.947427,0,89.5,0,0,0,,0,0,1,0,Bank Withdrawal,1,0,0,2,1,1,0,1,5,477.7,0,228.6,0.0,706.3,1,1
29,59,47.64,5893,One Year,0,1,Female,1,Fiber Optic,37.722727,-122.02157,1,97.05,0,0,4,,1,0,1,1,Bank Withdrawal,1,0,1,5,0,1,1,1,48,4692.95,0,2286.72,0.0,6979.67,1,0
28,0,15.68,3629,Two Year,1,0,Male,0,,36.727418,-120.123526,1,24.55,1,2,3,Offer B,0,0,0,1,Credit Card,1,0,1,4,0,0,0,0,47,1160.45,0,736.96,0.0,1897.41,0,0
56,18,36.74,2215,One Year,1,1,Female,1,Cable,38.63153,-120.842609,1,64.5,0,1,4,Offer C,0,0,1,1,Bank Withdrawal,1,1,1,5,0,0,0,1,30,1985.15,0,1102.2,0.0,3087.35,1,0
68,28,48.43,4826,Month-to-Month,0,0,Female,1,DSL,39.955587,-123.681175,0,54.9,1,0,0,,1,0,0,0,Bank Withdrawal,1,0,0,4,1,0,0,0,67,3725.5,0,3244.81,0.0,6970.31,1,0
49,23,26.58,5251,Month-to-Month,0,0,Female,1,Fiber Optic,38.499302,-122.92444,1,80.15,0,0,0,Offer E,0,1,1,1,Bank Withdrawal,1,1,0,3,0,0,0,0,2,194.55,0,53.16,0.0,247.71,1,0
51,8,42.41,4834,Month-to-Month,0,0,Female,1,Fiber Optic,34.039224,-118.266293,0,76.85,1,0,0,Offer E,0,0,1,0,Bank Withdrawal,1,0,0,5,0,0,0,0,9,663.55,0,381.69,0.0,1045.24,1,0
38,28,0.0,4146,Two Year,0,1,Female,1,DSL,34.147149,-118.463365,0,64.35,0,0,0,Offer A,1,1,0,0,Credit Card,0,1,0,3,0,1,1,1,68,4539.6,130,0.0,0.0,4669.6,0,0
38,6,48.86,4738,Two Year,0,1,Female,1,Fiber Optic,34.445239,-117.894868,0,112.95,1,0,0,,1,1,1,0,Bank Withdrawal,1,0,0,1,0,1,1,1,57,6465.0,0,2785.02,0.0,9250.02,1,1
48,6,11.09,4464,Month-to-Month,0,0,Female,1,Fiber Optic,32.787836,-117.232376,0,94.55,1,0,0,,0,0,1,0,Mailed Check,1,0,0,2,0,1,1,1,27,2724.6,0,299.43,0.0,3024.03,1,1
47,21,32.94,5432,Month-to-Month,1,1,Female,1,Fiber Optic,34.065108,-118.082791,0,105.35,0,3,0,,1,1,1,0,Bank Withdrawal,1,0,0,4,0,1,1,1,34,3688.6,110,1119.96,0.0,4918.56,0,0
20,82,41.22,4800,One Year,0,1,Male,1,Cable,38.629618,-122.593216,1,75.3,1,0,1,Offer D,0,0,1,1,Credit Card,1,0,1,3,0,1,1,1,13,989.45,0,535.86,0.0,1525.31,1,1
53,25,6.2,2426,Month-to-Month,0,0,Male,1,Fiber Optic,33.141265,-116.967221,0,87.65,1,0,0,,0,1,0,0,Bank Withdrawal,1,1,0,3,0,0,0,0,32,2766.4,150,198.4,47.87,3066.93,0,0
59,30,7.99,2578,Month-to-Month,0,0,Male,1,Fiber Optic,39.182916,-123.552571,0,93.3,1,0,0,Offer E,0,0,1,0,Bank Withdrawal,1,0,0,3,0,1,1,1,1,93.3,0,7.99,0.0,101.29,1,1
49,30,37.51,5379,Month-to-Month,0,0,Female,1,Fiber Optic,38.788898,-121.608624,0,69.05,0,0,0,,0,0,1,0,Credit Card,1,0,0,3,0,0,0,0,26,1815.65,0,975.26,0.0,2790.91,1,0
66,0,10.48,6136,Two Year,0,0,Male,0,,33.384345,-117.072619,0,20.0,0,0,0,Offer A,0,0,1,0,Credit Card,1,0,0,5,1,0,0,0,68,1396.0,0,712.64,0.0,2108.64,0,0
21,41,15.35,6114,Two Year,0,0,Female,1,DSL,38.9386,-120.785514,1,86.4,1,0,6,,1,1,1,1,Bank Withdrawal,1,1,1,3,0,1,1,1,72,6058.95,0,1105.2,0.0,7164.15,1,0
55,7,45.56,3445,One Year,0,0,Female,1,DSL,41.769709,-121.92063,0,64.35,0,0,0,,1,1,0,0,Bank Withdrawal,1,0,0,3,0,1,1,0,34,2053.05,0,1549.04,46.39,3555.7,1,0
68,19,30.59,5775,Month-to-Month,0,1,Male,1,Fiber Optic,32.605012,-116.97595,1,107.5,1,0,7,,1,1,1,1,Bank Withdrawal,1,0,1,3,1,1,0,1,71,7713.55,140,2171.89,0.0,10025.44,0,0
39,0,36.39,2165,Two Year,0,0,Male,0,,38.156971,-120.849231,1,20.45,0,0,10,Offer C,0,0,1,1,Bank Withdrawal,1,0,1,5,0,0,0,0,39,790.0,0,1419.21,0.0,2209.21,0,0
23,82,47.68,2755,Month-to-Month,0,0,Male,1,DSL,34.005439,-118.477507,0,53.4,0,0,0,,0,0,0,0,Credit Card,1,0,0,2,0,0,1,1,3,188.7,0,143.04,0.0,331.74,1,1
78,19,26.19,5527,Month-to-Month,0,0,Male,1,Fiber Optic,37.343846,-121.039391,0,91.0,1,0,0,,0,1,0,0,Credit Card,1,0,0,3,1,1,0,0,35,3180.5,40,916.65,0.0,4137.15,0,0
50,17,2.05,4561,Month-to-Month,0,0,Male,1,Fiber Optic,37.956963,-120.863055,0,94.2,0,0,0,,0,0,1,0,Bank Withdrawal,1,1,0,5,0,1,1,1,29,2607.6,20,59.45,0.0,2687.05,0,0
45,0,49.51,4248,Month-to-Month,0,0,Female,0,,34.445239,-117.894868,0,19.9,0,0,0,,0,0,0,0,Mailed Check,1,0,0,2,0,0,0,0,1,19.9,0,49.51,0.0,69.41,0,1
44,16,44.94,5622,Month-to-Month,0,0,Female,1,Fiber Optic,37.40122,-120.514191,0,81.95,0,0,0,Offer E,0,0,1,0,Bank Withdrawal,1,0,0,1,0,1,1,0,1,81.95,0,44.94,0.0,126.89,1,1
23,59,14.14,6101,One Year,1,1,Male,1,Fiber Optic,35.735694,-118.738483,1,104.65,0,3,1,Offer A,1,1,1,1,Bank Withdrawal,1,0,1,4,0,1,1,1,71,7288.4,0,1003.94,0.0,8292.34,1,0
40,0,28.96,5974,Two Year,1,0,Male,0,,41.505916,-120.152505,1,19.55,0,1,1,Offer B,0,0,0,1,Credit Card,1,0,1,4,0,0,0,0,51,1086.75,0,1476.96,0.0,2563.71,0,0
51,12,6.16,4176,One Year,0,1,Female,1,DSL,38.235021,-122.557332,0,80.55,1,0,0,,1,0,1,0,Bank Withdrawal,1,0,0,3,0,1,1,1,41,3263.9,0,252.56,0.0,3516.46,1,0
56,14,23.89,4846,Month-to-Month,1,0,Female,1,DSL,33.634626,-117.874882,0,46.0,0,1,0,,0,0,0,0,Mailed Check,1,0,0,1,0,0,0,0,5,221.7,0,119.45,0.0,341.15,1,1
47,4,41.38,4226,One Year,0,0,Female,1,DSL,38.683605,-120.811852,0,71.0,1,0,0,,0,0,1,0,Credit Card,1,0,0,5,0,1,1,1,29,2080.1,0,1200.02,0.0,3280.12,1,0
62,0,24.57,3302,One Year,0,0,Male,0,,37.871416,-122.246597,0,19.7,0,0,0,,0,0,0,0,Mailed Check,1,0,0,4,0,0,0,0,30,625.05,0,737.1,0.0,1362.15,0,0
39,30,6.05,6212,Two Year,0,1,Male,1,Cable,34.2112,-118.230625,1,89.05,1,0,7,Offer A,1,1,1,1,Bank Withdrawal,1,1,1,4,0,1,1,1,72,6254.45,0,435.6,0.0,6690.05,1,0
53,19,16.34,4196,Month-to-Month,1,0,Female,1,DSL,37.070177,-122.010077,0,49.5,1,1,0,,0,0,1,0,Credit Card,1,0,0,5,0,0,0,0,26,1265.65,150,424.84,0.0,1840.49,0,0
74,7,8.81,4556,Two Year,0,0,Male,1,Fiber Optic,34.130992,-118.894673,0,84.85,1,0,0,,0,0,1,0,Bank Withdrawal,1,0,0,4,1,0,0,1,43,3645.6,0,378.83,0.0,4024.43,1,0
63,10,13.18,3235,Month-to-Month,1,1,Male,1,Cable,33.787298,-117.320676,1,49.6,0,1,5,,0,0,1,1,Bank Withdrawal,1,0,1,3,0,0,0,0,20,939.8,0,263.6,0.0,1203.4,1,0
29,59,44.7,4844,One Year,0,1,Female,1,DSL,37.750822,-121.238423,0,89.65,1,0,0,,0,1,1,0,Credit Card,1,1,0,3,0,1,1,1,36,3348.1,0,1609.2,0.0,4957.3,1,0
37,8,16.64,5029,One Year,0,1,Male,1,Fiber Optic,36.636638,-119.421842,0,103.1,1,0,0,,1,0,1,0,Bank Withdrawal,1,0,0,4,0,1,1,1,47,4889.3,0,782.08,0.0,5671.38,1,0
41,16,36.44,5554,Month-to-Month,0,0,Male,1,Fiber Optic,34.432843,-118.730106,1,74.5,1,0,0,,0,0,1,1,Bank Withdrawal,1,0,0,3,0,0,0,0,1,74.5,0,36.44,0.0,110.94,1,1
40,30,35.87,6006,Month-to-Month,0,0,Female,1,DSL,32.790282,-115.689559,0,59.75,1,0,0,Offer B,1,1,1,0,Credit Card,1,0,0,1,0,0,0,0,49,2934.3,0,1757.63,0.0,4691.93,1,1
75,5,28.5,4680,Two Year,0,1,Male,1,Fiber Optic,33.475493,-117.219551,1,102.65,1,0,5,,1,1,1,1,Credit Card,1,0,1,3,1,1,0,0,72,7550.3,0,2052.0,0.0,9602.3,1,0
46,0,2.74,3366,Month-to-Month,0,0,Female,0,,37.556094,-122.272437,0,19.9,0,0,0,,0,0,0,0,Mailed Check,1,0,0,4,0,0,0,0,15,320.45,0,41.1,0.0,361.55,0,0
78,3,12.26,4964,Two Year,0,1,Female,1,Fiber Optic,39.806141,-123.531098,1,99.4,0,0,2,Offer A,1,1,1,1,Bank Withdrawal,1,1,1,3,1,0,0,1,71,7168.25,0,870.46,0.0,8038.71,1,0
31,21,24.14,3493,Month-to-Month,0,0,Male,1,Fiber Optic,34.188339,-118.300942,0,99.0,1,0,0,,0,0,1,0,Credit Card,1,1,0,1,0,1,1,1,13,1301.7,0,313.82,0.0,1615.52,1,1
27,52,42.51,4830,Month-to-Month,0,1,Male,1,Cable,36.799648,-119.801247,0,79.2,0,0,0,Offer C,0,1,1,0,Credit Card,1,1,0,3,0,1,1,1,36,2854.95,40,1530.36,0.0,4425.31,0,0
28,0,4.02,3643,One Year,0,0,Male,0,,33.990646,-117.663025,0,19.9,0,0,0,,0,0,1,0,Bank Withdrawal,1,0,0,4,0,0,0,0,9,164.6,0,36.18,0.0,200.78,0,0
54,6,40.17,3997,Month-to-Month,0,1,Female,1,Fiber Optic,34.050322,-118.147037,0,84.8,1,0,0,,1,0,1,0,Bank Withdrawal,1,0,0,2,0,0,0,0,44,3862.55,0,1767.48,0.0,5630.03,1,1
33,0,35.88,4629,Month-to-Month,0,0,Male,0,,34.145695,-117.95982,0,19.2,0,0,0,,0,0,0,0,Credit Card,1,0,0,3,0,0,0,0,1,19.2,0,35.88,0.0,55.08,0,0
47,21,22.42,5722,Month-to-Month,0,0,Male,1,Fiber Optic,37.897753,-122.279391,1,90.55,1,0,4,Offer C,1,1,1,1,Credit Card,1,1,1,4,0,0,0,0,31,2929.75,0,695.02,0.0,3624.77,1,0
53,6,0.0,5265,Two Year,0,1,Female,1,DSL,34.711224,-114.702256,1,64.45,0,0,0,Offer A,1,1,0,1,Bank Withdrawal,0,1,0,4,0,1,1,1,72,4528.0,0,0.0,0.0,4528.0,1,0
27,52,0.0,5575,Month-to-Month,0,0,Male,1,DSL,38.107441,-120.230625,1,49.8,0,0,1,,1,0,1,1,Credit Card,0,0,1,5,0,1,1,1,17,836.35,0,0.0,0.0,836.35,1,0
68,22,8.88,2044,Two Year,0,0,Female,1,DSL,37.687264,-122.15728,0,58.55,1,0,0,Offer C,1,1,1,0,Bank Withdrawal,1,0,0,3,1,0,0,0,29,1718.95,0,257.52,33.1,1943.37,1,0
20,59,5.54,4115,Month-to-Month,0,1,Male,1,Fiber Optic,32.787836,-117.232376,0,88.7,1,0,0,Offer D,0,0,1,0,Bank Withdrawal,1,0,0,1,0,0,0,1,20,1761.45,0,110.8,0.0,1872.25,1,1
48,8,8.4,2935,One Year,0,0,Female,1,DSL,35.735694,-118.738483,0,62.55,0,0,0,Offer B,1,1,1,0,Credit Card,1,1,0,3,0,0,0,0,45,2796.45,0,378.0,0.0,3174.45,1,0
72,16,48.9,5153,One Year,0,1,Female,1,Cable,34.037251,-118.423573,1,74.85,0,0,9,Offer B,1,1,1,1,Credit Card,1,1,1,3,1,1,0,0,60,4456.35,0,2934.0,0.0,7390.35,1,0
62,0,15.41,2896,Two Year,0,0,Female,0,,39.176595,-121.291692,0,19.6,0,0,0,,0,0,1,0,Mailed Check,1,0,0,5,0,0,0,0,27,561.15,0,416.07,13.07,964.15,0,0
40,0,47.51,4117,Two Year,0,0,Male,0,,35.55647,-118.244914,0,20.75,0,0,0,,0,0,0,0,Credit Card,1,0,0,3,0,0,0,0,24,487.05,0,1140.24,0.0,1627.29,0,0
48,0,19.48,3535,Month-to-Month,0,0,Female,0,,33.830209,-117.906099,1,19.0,0,0,1,Offer D,0,0,0,1,Credit Card,1,0,1,1,0,0,0,0,12,233.55,0,233.76,0.0,467.31,0,1
52,28,17.01,2813,Month-to-Month,0,0,Female,1,Fiber Optic,39.225634,-121.156163,0,95.4,0,0,0,,1,0,0,0,Bank Withdrawal,1,0,0,3,0,1,1,1,3,293.15,0,51.03,0.0,344.18,1,0
21,26,25.69,5264,Two Year,1,0,Male,1,DSL,37.999406,-121.686241,1,73.85,1,1,9,Offer B,1,1,0,1,Credit Card,1,1,1,3,0,0,0,1,45,3371.0,0,1156.05,0.0,4527.05,1,0
21,69,3.61,5476,Month-to-Month,0,0,Female,1,DSL,38.556306,-121.495817,0,54.2,0,0,0,,0,1,0,0,Bank Withdrawal,1,1,0,1,0,0,0,0,5,308.25,0,18.05,0.0,326.3,1,1
69,7,15.16,3392,Month-to-Month,0,1,Male,1,Fiber Optic,34.065108,-118.082791,1,98.75,1,0,1,,0,0,1,1,Bank Withdrawal,1,0,1,2,1,1,0,1,16,1587.55,0,242.56,0.0,1830.11,1,1
42,8,32.16,5387,Month-to-Month,0,1,Female,1,DSL,34.201108,-116.593456,0,54.55,0,0,0,Offer B,0,1,0,0,Credit Card,1,0,0,3,0,0,0,0,42,2455.05,0,1350.72,0.0,3805.77,1,0
61,0,16.02,5811,Month-to-Month,1,0,Female,0,,38.419525,-122.521585,1,20.05,0,3,3,,0,0,0,1,Credit Card,1,0,1,5,0,0,0,0,1,20.05,0,16.02,0.0,36.07,0,0
25,41,4.82,3698,Month-to-Month,0,0,Female,1,Fiber Optic,33.527605,-116.666551,1,85.0,1,0,1,Offer C,0,0,1,1,Bank Withdrawal,1,0,1,2,0,1,1,0,30,2624.25,0,144.6,0.0,2768.85,1,1
20,0,8.04,4573,Month-to-Month,1,0,Male,0,,38.505995,-123.187019,1,19.45,0,1,10,,0,0,0,1,Credit Card,1,0,1,3,0,0,0,0,5,86.05,0,40.2,0.0,126.25,0,0
35,10,41.16,2087,Month-to-Month,0,0,Male,1,Cable,39.134075,-123.23422,0,44.75,0,0,0,,0,0,0,0,Bank Withdrawal,1,0,0,2,0,0,0,0,6,270.95,10,246.96,0.0,527.91,0,1
48,20,7.63,2358,Month-to-Month,0,1,Male,1,Fiber Optic,37.252057,-119.95783,1,86.1,0,0,10,Offer B,1,1,1,1,Credit Card,1,0,1,3,0,0,0,0,43,3551.65,0,328.09,0.0,3879.74,1,0
73,13,34.36,4241,Two Year,0,0,Female,1,Fiber Optic,37.945288,-122.383941,0,99.65,1,0,0,Offer A,1,0,1,0,Credit Card,1,0,0,4,1,1,0,1,71,6951.15,0,2439.56,3.33,9387.38,1,0
42,10,7.97,3043,Month-to-Month,0,0,Male,1,Cable,38.035707,-122.196821,0,56.65,0,0,0,,0,1,0,0,Credit Card,1,1,0,1,0,0,0,0,12,654.85,0,95.64,0.0,750.49,1,1
47,16,20.15,4156,One Year,1,1,Female,1,DSL,32.770393,-115.60915,1,73.0,1,2,8,,1,1,1,1,Credit Card,1,0,1,4,0,0,0,1,68,5163.0,0,1370.2,0.0,6533.2,1,0
24,0,41.02,3942,One Year,1,0,Male,0,,33.721917,-118.043237,1,20.05,0,1,4,Offer C,0,0,0,1,Bank Withdrawal,1,0,1,3,0,0,0,0,35,746.75,0,1435.7,0.0,2182.45,0,0
48,8,45.59,2545,Month-to-Month,0,0,Female,1,Fiber Optic,38.733908,-120.453416,0,87.05,1,0,0,Offer E,0,0,1,0,Bank Withdrawal,1,0,0,1,0,0,0,1,8,762.1,0,364.72,0.0,1126.82,1,1
50,14,2.7,3270,Month-to-Month,0,0,Female,1,Fiber Optic,33.879983,-117.895482,0,95.85,0,0,0,,0,0,1,0,Bank Withdrawal,1,1,0,4,0,1,1,1,1,95.85,0,2.7,0.0,98.55,1,0
66,7,37.38,5679,One Year,0,1,Female,1,Fiber Optic,36.654614,-119.903674,0,100.0,1,0,0,,0,0,1,0,Bank Withdrawal,1,0,0,3,1,1,1,1,55,5509.3,100,2055.9,0.0,7665.2,0,1
56,21,6.47,2699,Month-to-Month,0,0,Male,1,DSL,38.486938,-121.395805,0,45.15,0,0,0,Offer E,0,0,1,0,Bank Withdrawal,1,0,0,2,0,0,0,0,2,98.5,0,12.94,0.0,111.44,1,1
60,0,40.98,3889,Month-to-Month,0,0,Female,0,,38.156971,-120.849231,0,19.55,0,0,0,,0,0,0,0,Bank Withdrawal,1,0,0,4,0,0,0,0,3,61.05,0,122.94,0.0,183.99,0,0
48,23,22.97,4931,Month-to-Month,0,1,Female,1,Fiber Optic,36.719141,-119.202677,0,85.45,0,0,0,Offer E,0,0,1,0,Bank Withdrawal,1,0,0,2,0,0,0,1,1,85.45,0,22.97,0.0,108.42,1,1
54,4,9.88,4969,Month-to-Month,0,0,Female,1,Fiber Optic,35.846067,-119.004073,1,90.25,1,0,4,Offer E,0,0,1,1,Bank Withdrawal,1,1,1,3,0,1,1,0,8,743.75,0,79.04,0.0,822.79,0,0
20,71,10.7,4105,Month-to-Month,0,1,Female,1,Fiber Optic,34.248061,-117.29028,0,105.9,1,0,0,,1,0,1,0,Bank Withdrawal,1,0,0,2,0,1,1,1,60,6396.45,0,642.0,0.0,7038.45,1,1
48,13,28.5,4668,Month-to-Month,1,0,Female,1,Fiber Optic,34.10097,-117.57882,0,71.05,0,1,0,Offer E,0,0,1,0,Bank Withdrawal,1,0,0,5,0,0,0,0,7,472.65,10,199.5,0.0,682.15,0,0
70,20,28.09,5153,Two Year,0,1,Female,1,Fiber Optic,33.958134,-118.330905,1,96.6,1,0,10,,1,1,1,1,Bank Withdrawal,1,1,1,4,1,0,0,0,72,6827.5,0,2022.48,0.0,8849.98,1,0
47,0,17.2,3967,Two Year,0,0,Male,0,,39.333737,-120.858667,0,21.45,0,0,0,,0,0,0,0,Bank Withdrawal,1,0,0,3,0,0,0,0,35,705.45,0,602.0,0.0,1307.45,0,0
22,0,19.04,4275,Two Year,1,0,Male,0,,38.590035,-121.412455,1,25.0,1,2,3,Offer A,0,0,0,1,Bank Withdrawal,1,0,1,4,0,0,0,0,72,1738.9,0,1370.88,0.0,3109.78,0,0
58,17,29.51,2754,One Year,0,1,Female,1,Cable,39.559709,-120.345639,0,69.95,0,0,0,Offer E,0,0,1,0,Bank Withdrawal,1,0,0,5,0,1,1,1,3,220.45,30,88.53,0.0,338.98,0,0
47,0,49.16,5084,One Year,1,0,Male,0,,38.227285,-121.02789,0,19.45,0,2,0,,0,0,0,0,Credit Card,1,0,0,3,0,0,0,0,7,136.75,0,344.12,0.0,480.87,0,0
26,48,21.67,3955,Month-to-Month,0,0,Female,1,DSL,37.461251,-122.235414,0,76.15,0,0,0,,0,1,1,0,Credit Card,1,1,0,3,0,1,1,1,25,1992.95,0,541.75,0.0,2534.7,1,0
58,0,1.61,5809,Month-to-Month,0,0,Male,0,,37.127386,-120.506422,0,19.75,0,0,0,Offer E,0,0,1,0,Credit Card,1,0,0,5,0,0,0,0,1,19.75,0,1.61,0.0,21.36,0,0
29,52,41.89,6411,Month-to-Month,1,0,Male,1,Fiber Optic,33.739412,-117.173334,1,85.5,1,2,1,Offer B,0,0,0,1,Bank Withdrawal,1,0,1,4,0,1,1,0,55,4713.4,0,2303.95,0.0,7017.35,1,0
22,59,0.0,5973,Month-to-Month,1,0,Female,1,DSL,34.031441,-117.936436,1,30.5,0,1,1,,1,0,1,1,Bank Withdrawal,0,0,1,3,0,0,0,0,5,167.2,0,0.0,0.0,167.2,1,0
75,10,35.07,5342,Month-to-Month,0,0,Female,1,Fiber Optic,33.936827,-118.359824,0,74.3,1,0,0,,0,0,1,0,Bank Withdrawal,1,0,0,3,1,0,0,0,14,1096.25,0,490.98,0.0,1587.23,1,1
58,0,7.37,5865,Two Year,1,0,Male,0,,38.129308,-122.834815,1,24.2,1,3,1,,0,0,0,1,Credit Card,1,0,1,5,0,0,0,0,24,609.05,0,176.88,0.0,785.93,0,0
38,19,9.91,4192,One Year,0,1,Male,1,Cable,36.29223,-119.622676,1,78.8,0,0,6,Offer B,1,1,0,1,Bank Withdrawal,1,0,1,4,0,1,1,1,45,3597.5,0,445.95,23.28,4020.17,1,0
32,9,44.77,3430,Month-to-Month,0,0,Female,1,Fiber Optic,38.809804,-122.241383,0,70.35,0,0,0,,0,0,0,0,Bank Withdrawal,1,0,0,5,0,0,0,0,2,139.25,0,89.54,0.0,228.79,1,0
21,30,0.0,4031,Two Year,0,1,Male,1,DSL,37.32886,-121.834567,1,59.5,0,0,7,Offer A,0,1,0,1,Bank Withdrawal,0,1,1,4,0,1,1,1,70,4144.8,0,0.0,23.72,4121.08,1,0
69,0,22.19,4367,Two Year,0,0,Male,0,,36.878709,-119.7645,1,24.85,1,0,0,Offer A,0,0,0,1,Bank Withdrawal,1,0,0,5,1,0,0,0,71,1901.0,0,1575.49,0.0,3476.49,0,0
62,16,39.5,2568,Month-to-Month,0,1,Male,1,Fiber Optic,38.883224,-121.15918,1,85.8,1,0,4,,1,0,1,1,Bank Withdrawal,1,0,1,3,0,0,0,0,29,2440.25,150,1145.5,0.0,3735.75,0,0
66,0,30.72,4329,Two Year,0,0,Male,0,,33.719221,-118.073596,1,23.95,1,0,7,Offer A,0,0,0,1,Bank Withdrawal,1,0,1,3,1,0,0,0,71,1756.2,0,2181.12,0.0,3937.32,0,0
23,52,15.59,5793,One Year,1,1,Male,1,Fiber Optic,41.962127,-122.527696,1,96.1,0,2,1,Offer B,1,1,1,1,Bank Withdrawal,1,0,1,3,0,1,1,0,47,4391.45,0,732.73,0.0,5124.18,1,0
55,15,11.58,5518,Month-to-Month,0,0,Male,1,Fiber Optic,32.825086,-117.199424,0,75.45,1,0,0,,0,0,1,0,Bank Withdrawal,1,0,0,3,0,0,0,0,1,75.45,0,11.58,0.0,87.03,1,1
36,9,17.46,5047,Month-to-Month,0,1,Female,1,Fiber Optic,34.002642,-118.287596,0,89.4,0,0,0,Offer D,0,0,1,0,Bank Withdrawal,1,1,0,1,0,1,1,0,12,1095.65,0,209.52,0.0,1305.17,1,1
40,14,38.37,6216,Month-to-Month,0,0,Male,1,Fiber Optic,39.225634,-121.156163,1,84.1,0,0,1,,0,1,0,1,Bank Withdrawal,1,0,1,1,0,0,0,1,52,4348.65,0,1995.24,0.0,6343.89,1,1
51,0,17.01,5594,Month-to-Month,0,0,Female,0,,33.976753,-117.897367,0,24.5,1,0,0,Offer D,0,0,1,0,Credit Card,1,0,0,3,0,0,0,0,10,270.15,0,170.1,0.0,440.25,0,0
23,30,2.12,3707,One Year,1,0,Male,1,Fiber Optic,33.60693,-117.644253,1,101.9,0,1,8,,0,1,0,1,Bank Withdrawal,1,1,1,3,0,1,1,1,15,1667.25,120,31.8,0.0,1819.05,0,0
60,18,16.8,5687,Month-to-Month,0,1,Male,1,Cable,33.611945,-117.665867,0,64.65,0,0,0,,0,0,1,0,Bank Withdrawal,1,1,0,3,0,0,0,1,59,3735.45,0,991.2,0.0,4726.65,1,0
42,5,13.59,5136,Two Year,0,1,Male,1,DSL,33.92128,-118.274186,1,92.3,1,0,5,Offer A,1,1,0,1,Credit Card,1,1,1,4,0,1,1,1,72,6719.9,0,978.48,0.0,7698.38,0,0
33,19,12.92,5731,Two Year,0,1,Female,1,Fiber Optic,37.527497,-122.230941,0,105.55,1,0,0,Offer B,1,0,0,0,Bank Withdrawal,1,0,0,5,0,1,1,1,53,5682.25,0,684.76,0.0,6367.01,1,0
44,19,38.48,2004,Month-to-Month,1,0,Male,1,Fiber Optic,36.303666,-119.825657,1,90.6,0,1,9,Offer D,0,0,0,1,Bank Withdrawal,1,0,1,5,0,1,1,1,11,1020.2,0,423.28,0.0,1443.48,1,0
60,13,21.17,5356,Two Year,0,1,Male,1,Cable,34.169706,-118.323548,1,60.4,0,0,1,,0,1,1,1,Bank Withdrawal,1,1,1,3,0,0,0,0,67,3953.7,40,1418.39,0.0,5412.09,0,0
35,0,31.33,4467,One Year,0,0,Female,0,,36.64152,-121.622188,0,26.05,1,0,0,,0,0,0,0,Credit Card,1,0,0,5,0,0,0,0,70,1856.4,0,2193.1,0.0,4049.5,0,0
47,0,25.08,5682,One Year,0,0,Male,0,,39.141934,-122.770679,1,20.95,0,0,3,,0,0,1,1,Bank Withdrawal,1,0,1,4,0,0,0,0,25,495.15,0,627.0,0.0,1122.15,0,0
29,29,0.0,4851,Month-to-Month,0,0,Female,1,DSL,34.182378,-118.262922,1,24.8,0,0,4,Offer E,0,0,1,1,Bank Withdrawal,0,0,1,1,0,0,1,0,1,24.8,0,0.0,0.0,24.8,1,1
40,75,33.67,5952,Two Year,1,0,Male,1,Fiber Optic,34.091829,-118.491244,1,84.8,1,3,9,,1,0,1,1,Bank Withdrawal,1,1,1,3,0,0,0,0,71,6152.4,0,2390.57,0.0,8542.97,1,0
62,0,11.86,3612,Month-to-Month,0,0,Female,0,,34.139402,-118.128658,0,24.7,1,0,0,,0,0,0,0,Bank Withdrawal,1,0,0,5,0,0,0,0,19,465.85,0,225.34,1.65,689.54,0,0
80,8,37.3,4011,Two Year,0,1,Female,1,DSL,37.572273,-121.964583,0,73.25,1,0,0,,0,1,0,0,Bank Withdrawal,1,1,0,3,1,1,0,0,56,4054.2,0,2088.8,17.16,6125.84,1,0
44,30,24.94,5045,Two Year,1,1,Female,1,Fiber Optic,41.027281,-120.669427,1,84.4,1,1,3,,1,0,1,1,Credit Card,1,0,1,5,0,0,0,0,68,5746.75,0,1695.92,0.0,7442.67,1,0
46,10,10.69,5414,Month-to-Month,0,0,Male,1,Cable,34.162515,-118.203869,0,59.9,1,0,0,,0,0,0,0,Credit Card,1,0,0,5,0,1,1,0,9,542.4,10,96.21,38.33,610.28,0,0
35,6,0.0,3215,Month-to-Month,0,0,Male,1,Cable,40.363446,-123.835041,0,34.0,0,0,0,Offer D,1,0,0,0,Credit Card,0,1,0,3,0,0,0,0,12,442.45,0,0.0,0.0,442.45,1,0
73,11,31.27,2394,Month-to-Month,0,0,Female,1,Fiber Optic,33.362575,-117.299644,1,74.45,1,0,1,,0,0,1,1,Bank Withdrawal,1,0,1,2,1,0,0,0,1,74.45,10,31.27,0.0,115.72,0,1
25,42,38.78,5536,One Year,0,1,Female,1,Fiber Optic,39.564113,-120.868836,0,118.6,1,0,0,Offer B,1,1,1,0,Bank Withdrawal,1,1,0,3,0,1,1,1,61,7365.7,0,2365.58,0.0,9731.28,1,0
58,0,29.25,4335,Two Year,0,0,Male,0,,36.008958,-118.891593,0,20.3,0,0,0,Offer B,0,0,0,0,Credit Card,1,0,0,4,0,0,0,0,58,1131.5,0,1696.5,0.0,2828.0,0,0
78,3,34.0,5085,Two Year,0,1,Female,1,DSL,37.972662,-122.491452,0,59.85,1,0,0,Offer B,0,1,0,0,Bank Withdrawal,1,0,0,3,1,0,0,0,52,3103.25,0,1768.0,19.16,4852.09,1,0
78,10,27.79,6423,One Year,0,1,Female,1,Fiber Optic,33.766004,-117.786763,1,105.0,1,0,1,Offer A,1,0,0,1,Credit Card,1,0,1,5,1,1,0,1,72,7578.05,0,2000.88,0.0,9578.93,1,0
61,26,27.56,4903,Month-to-Month,1,0,Male,1,Cable,37.352911,-122.093002,1,71.85,1,3,0,Offer B,0,1,0,1,Bank Withdrawal,1,1,0,4,0,1,1,0,53,3827.9,0,1460.68,0.0,5288.58,1,0
46,28,0.0,2750,Two Year,1,1,Male,1,DSL,34.712708,-117.889656,1,49.65,0,2,4,,0,1,0,1,Credit Card,0,1,1,3,0,1,1,0,7,305.55,0,0.0,0.0,305.55,1,0
59,22,24.04,3149,Month-to-Month,1,0,Female,1,Fiber Optic,33.929812,-116.76058,1,98.85,1,1,2,,1,0,1,1,Bank Withdrawal,1,0,1,4,0,1,1,1,32,3089.6,0,769.28,0.0,3858.88,1,0
22,85,37.57,5835,Two Year,1,1,Female,1,DSL,38.546999,-120.271114,1,89.9,1,1,9,Offer A,1,1,0,1,Bank Withdrawal,1,1,1,5,0,1,1,1,71,6342.7,150,2667.47,0.0,9160.17,0,0
40,15,0.0,4831,Month-to-Month,0,0,Female,1,DSL,40.949012,-123.655847,0,25.25,0,0,0,Offer E,0,0,0,0,Bank Withdrawal,0,0,0,5,0,0,0,0,1,25.25,10,0.0,0.0,35.25,0,0
69,14,18.58,5232,Two Year,0,0,Male,1,Fiber Optic,34.195386,-118.238508,0,90.05,1,0,0,,1,0,1,0,Bank Withdrawal,1,0,0,5,1,1,0,0,54,4931.8,0,1003.32,0.0,5935.12,1,0
42,0,47.6,5897,Two Year,1,0,Female,0,,38.685069,-121.543709,1,24.25,1,3,8,,0,0,0,1,Credit Card,1,0,1,4,0,0,0,0,72,1784.5,0,3427.2,49.76,5161.94,0,0
38,29,43.39,5989,Month-to-Month,1,1,Female,1,Fiber Optic,37.736535,-122.45732,1,108.25,0,2,1,,1,0,1,1,Bank Withdrawal,1,1,1,4,0,1,1,1,53,5935.1,0,2299.67,0.0,8234.77,1,0
22,48,2.88,4644,One Year,0,1,Male,1,Fiber Optic,38.912881,-121.082766,0,116.3,1,0,0,,1,1,1,0,Bank Withdrawal,1,1,0,4,0,1,1,1,71,8309.55,0,204.48,0.0,8514.03,1,0
46,0,36.76,4982,Two Year,0,0,Male,0,,38.687367,-121.34848,0,20.15,0,0,0,,0,0,0,0,Credit Card,1,0,0,3,0,0,0,0,41,802.35,0,1507.16,29.95,2279.56,0,0
75,17,48.33,5296,Two Year,0,0,Male,1,DSL,38.184583,-119.286558,0,60.25,1,0,0,,1,1,0,0,Bank Withdrawal,1,0,0,3,1,0,0,0,11,662.95,120,531.63,0.0,1314.58,0,0
34,0,35.5,4261,One Year,0,0,Female,0,,38.883224,-121.15918,0,20.75,0,0,0,Offer C,0,0,0,0,Credit Card,1,0,0,4,0,0,0,0,35,700.45,0,1242.5,0.0,1942.95,0,0
68,12,3.91,5448,One Year,0,0,Female,1,Fiber Optic,34.067932,-117.785168,0,99.65,1,0,0,Offer A,1,1,1,0,Credit Card,1,1,0,4,1,0,0,1,71,7181.25,0,277.61,0.0,7458.86,1,0
78,24,28.44,5521,One Year,0,1,Male,1,DSL,40.210895,-123.86,0,53.5,0,0,0,Offer B,0,0,1,0,Bank Withdrawal,1,1,0,4,1,0,0,0,57,3035.8,0,1621.08,0.0,4656.88,1,0
51,11,7.99,3704,Month-to-Month,0,0,Female,1,Cable,36.391777,-119.372842,0,48.6,0,0,0,Offer E,1,0,1,0,Bank Withdrawal,1,0,0,5,0,0,0,0,1,48.6,0,7.99,0.0,56.59,1,0
70,8,6.03,4444,Two Year,0,0,Male,1,Fiber Optic,38.232389,-122.324944,1,70.2,0,0,5,,0,0,1,1,Bank Withdrawal,1,0,1,5,1,0,0,0,4,280.35,0,24.12,30.75,273.72,1,0
33,13,21.23,5838,Month-to-Month,0,0,Male,1,Fiber Optic,33.86532,-118.396336,1,75.5,1,0,4,,0,0,1,1,Bank Withdrawal,1,0,1,1,0,0,0,0,6,438.0,0,127.38,0.0,565.38,1,1
74,10,39.31,6238,One Year,1,1,Female,1,DSL,37.773147,-122.411287,1,65.2,1,1,9,Offer B,0,0,1,1,Bank Withdrawal,1,0,1,4,1,0,0,1,61,3965.05,0,2397.91,0.0,6362.96,1,0
28,51,4.13,3244,Month-to-Month,0,0,Female,1,Fiber Optic,33.83796,-117.870494,0,75.3,0,0,0,,0,1,0,0,Mailed Check,1,0,0,1,0,0,0,0,1,75.3,0,4.13,0.0,79.43,1,1
66,23,38.78,4843,Month-to-Month,0,0,Male,1,Fiber Optic,36.863303,-121.781632,1,86.05,1,0,0,,0,0,1,1,Bank Withdrawal,1,0,0,1,1,0,0,1,1,86.05,0,38.78,0.0,124.83,1,1
52,19,0.0,4534,One Year,1,1,Female,1,Cable,38.42528,-119.475741,1,51.0,0,2,10,,1,0,0,1,Bank Withdrawal,0,1,1,4,0,1,1,0,45,2264.5,0,0.0,0.0,2264.5,1,0
62,12,15.69,2860,Month-to-Month,0,0,Female,1,DSL,37.621458,-121.012295,1,66.35,1,0,1,Offer D,0,0,1,1,Bank Withdrawal,1,1,1,1,0,1,1,0,11,740.8,0,172.59,0.0,913.39,1,1
38,29,16.43,4753,Month-to-Month,0,0,Male,1,Fiber Optic,32.886925,-117.152162,0,85.45,1,0,0,,0,0,0,0,Bank Withdrawal,1,0,0,1,0,0,0,1,53,4517.25,0,870.79,0.0,5388.04,1,1
44,27,35.54,3207,Month-to-Month,0,0,Female,1,Fiber Optic,33.907361,-117.109972,0,74.25,1,0,0,,0,0,1,0,Bank Withdrawal,1,0,0,3,0,0,0,0,3,210.3,0,106.62,0.0,316.92,1,1
25,82,48.49,4444,Month-to-Month,1,0,Female,1,Fiber Optic,33.143826,-115.497485,1,89.6,1,3,6,,0,1,0,1,Bank Withdrawal,1,0,1,4,0,0,0,1,32,2901.8,0,1551.68,0.0,4453.48,1,0
42,11,13.95,5133,One Year,1,0,Female,1,Fiber Optic,34.214054,-118.88109,1,104.4,1,2,4,,0,1,1,1,Bank Withdrawal,1,1,1,4,0,1,1,1,64,6721.6,0,892.8,0.0,7614.4,1,0
50,0,35.35,5997,One Year,0,0,Male,0,,32.847336,-116.997605,0,20.5,0,0,0,,0,0,0,0,Credit Card,1,0,0,5,0,0,0,0,63,1328.15,0,2227.05,15.62,3539.58,0,0
24,48,24.86,2113,Month-to-Month,0,0,Female,1,Fiber Optic,36.497895,-119.285484,0,99.85,1,0,0,,1,0,1,0,Credit Card,1,0,0,3,0,1,1,1,21,1992.55,0,522.06,0.0,2514.61,1,0
37,0,17.89,3383,Month-to-Month,1,0,Male,0,,40.440636,-124.098739,0,19.2,0,3,0,,0,0,1,0,Credit Card,1,0,0,3,0,0,0,0,1,19.2,0,17.89,0.0,37.09,0,0
79,12,42.07,5792,One Year,0,0,Male,1,Cable,38.581354,-122.296283,1,60.95,0,0,7,Offer A,1,1,1,1,Bank Withdrawal,1,1,1,3,1,0,0,0,67,4119.4,0,2818.69,17.19,6920.9,1,0
38,10,6.45,5785,Two Year,0,1,Female,1,Fiber Optic,32.886925,-117.152162,1,107.95,1,0,1,,1,0,1,1,Bank Withdrawal,1,1,1,2,0,1,1,1,49,5293.2,0,316.05,0.0,5609.25,1,1
68,19,1.98,5957,One Year,0,0,Female,1,Fiber Optic,37.004068,-119.930027,1,96.55,1,0,5,,1,1,1,1,Credit Card,1,0,1,1,1,1,0,0,68,6581.9,0,134.64,0.0,6716.54,1,1
42,17,19.02,3344,One Year,0,1,Male,1,Fiber Optic,37.939768,-120.188002,1,110.85,1,0,1,Offer B,0,1,1,1,Credit Card,1,1,1,1,0,1,1,1,47,5275.8,0,893.94,4.93,6164.81,1,1
24,82,1.36,5420,Two Year,0,0,Female,1,DSL,34.109775,-117.378904,1,75.5,1,0,5,Offer A,0,1,1,1,Bank Withdrawal,1,0,1,3,0,1,1,1,67,5229.45,0,91.12,0.0,5320.57,1,0
67,25,12.52,2189,Month-to-Month,0,0,Female,1,Fiber Optic,40.057784,-123.679461,0,70.65,0,0,0,,0,0,1,0,Bank Withdrawal,1,0,0,1,1,0,0,0,2,142.35,0,25.04,0.0,167.39,1,1
21,59,48.32,4957,Two Year,0,0,Male,1,DSL,32.89325,-117.087091,1,54.5,0,0,5,,0,1,0,1,Bank Withdrawal,1,1,1,3,0,0,0,0,71,3778.2,0,3430.72,0.0,7208.92,1,0
59,0,48.29,4755,Two Year,1,0,Female,0,,41.336354,-124.044354,1,24.05,1,3,4,,0,0,1,1,Bank Withdrawal,1,0,1,4,0,0,0,0,72,1709.15,0,3476.88,0.0,5186.03,0,0
67,4,33.21,4291,Two Year,0,1,Female,1,Fiber Optic,38.838088,-122.73203,1,88.8,0,0,5,,0,0,0,1,Credit Card,1,1,1,3,1,0,0,1,55,4805.3,0,1826.55,0.0,6631.85,1,0
29,69,44.95,3764,One Year,1,0,Male,1,DSL,36.462671,-118.997291,1,63.7,0,3,10,,0,1,0,1,Credit Card,1,1,1,4,0,1,1,0,42,2763.35,0,1887.9,0.0,4651.25,1,0
76,18,46.06,5597,Two Year,0,0,Male,1,Fiber Optic,38.135897,-122.563683,1,89.45,1,0,5,Offer C,0,1,0,1,Bank Withdrawal,1,0,1,4,1,0,0,1,31,2807.65,0,1427.86,31.58,4203.93,1,0
42,18,40.11,3080,Month-to-Month,0,0,Male,1,Fiber Optic,38.105733,-122.186338,0,69.75,0,0,0,Offer C,0,0,0,0,Bank Withdrawal,1,0,0,4,0,0,0,0,25,1729.35,100,1002.75,0.0,2832.1,0,0
57,0,2.41,4574,Two Year,1,0,Female,0,,37.724817,-122.224363,1,20.3,0,2,1,,0,0,0,1,Bank Withdrawal,1,0,1,5,0,0,0,0,62,1296.15,0,149.42,0.0,1445.57,0,0
45,15,17.03,2478,One Year,0,1,Female,1,DSL,38.123544,-121.159078,1,69.55,1,0,3,,0,0,1,1,Credit Card,1,1,1,4,0,1,1,0,48,3435.6,0,817.44,0.0,4253.04,1,0
22,0,3.12,5634,Month-to-Month,0,0,Female,0,,36.560498,-117.962461,0,19.85,0,0,0,,0,0,0,0,Credit Card,1,0,0,4,0,0,0,0,3,57.2,0,9.36,0.0,66.56,0,0
50,0,30.28,2692,Month-to-Month,0,0,Female,0,,39.346898,-121.759537,0,19.05,0,0,0,Offer C,0,0,0,0,Mailed Check,1,0,0,5,0,0,0,0,25,461.3,0,757.0,0.0,1218.3,0,0
32,75,13.86,3718,Month-to-Month,1,1,Male,1,DSL,32.622999,-116.687855,1,74.55,1,3,5,Offer B,0,0,1,1,Bank Withdrawal,1,0,1,5,0,1,1,1,40,3015.75,0,554.4,0.0,3570.15,1,0
35,18,0.0,3007,One Year,0,1,Male,1,DSL,33.313828,-116.940501,0,33.7,0,0,0,Offer B,0,0,0,0,Credit Card,0,1,0,3,0,0,0,0,46,1537.85,0,0.0,0.0,1537.85,1,0
71,2,41.3,2715,Month-to-Month,0,1,Male,1,Fiber Optic,34.090925,-118.128164,1,105.9,1,0,1,,1,0,1,1,Bank Withdrawal,1,0,1,2,1,1,0,1,3,334.65,0,123.9,0.0,458.55,1,1
22,52,29.81,3273,Month-to-Month,0,0,Female,1,Fiber Optic,34.402343,-119.094824,1,95.15,0,0,0,,0,0,1,1,Bank Withdrawal,1,1,0,3,0,1,1,1,25,2395.7,80,745.25,0.0,3220.95,0,0
52,15,42.64,6091,Two Year,0,1,Female,1,DSL,41.764869,-122.671316,1,90.95,1,0,6,,1,1,1,1,Bank Withdrawal,1,1,1,3,0,1,1,1,72,6468.6,0,3070.08,0.0,9538.68,1,0
39,15,14.07,3160,Month-to-Month,1,0,Male,1,Fiber Optic,40.839958,-124.003757,1,100.75,1,1,0,,1,1,0,1,Bank Withdrawal,1,1,0,3,0,0,0,1,27,2793.55,0,379.89,0.0,3173.44,1,0
23,82,9.07,4200,One Year,1,1,Female,1,DSL,33.362575,-117.299644,1,78.0,0,1,10,,1,0,0,1,Credit Card,1,0,1,5,0,1,1,1,49,3824.2,0,444.43,0.0,4268.63,1,0
69,14,43.96,5203,Month-to-Month,0,1,Female,1,Fiber Optic,34.297628,-119.014627,0,78.55,1,0,0,Offer E,0,0,1,0,Bank Withdrawal,1,0,0,2,1,0,0,0,2,149.55,0,87.92,0.0,237.47,1,1
50,7,39.62,5100,Month-to-Month,0,1,Female,1,Fiber Optic,39.279068,-120.414275,0,91.4,1,0,0,,0,0,1,0,Bank Withdrawal,1,0,0,1,0,0,0,1,2,193.6,0,79.24,0.0,272.84,1,1
52,13,4.22,5616,One Year,0,1,Female,1,DSL,41.962127,-122.527696,0,74.65,0,0,0,,1,1,0,0,Credit Card,1,1,0,3,0,0,0,1,30,2308.6,50,126.6,0.0,2485.2,0,0
47,18,31.59,3555,One Year,1,1,Female,1,Cable,33.21846,-117.116916,1,79.15,1,2,2,,0,0,1,1,Bank Withdrawal,1,1,1,5,0,1,1,1,33,2531.4,20,1042.47,0.0,3593.87,0,0
48,5,26.86,2032,Month-to-Month,0,0,Female,1,Fiber Optic,34.089927,-118.095645,0,80.5,0,0,0,,0,0,1,0,Bank Withdrawal,1,0,0,5,0,0,0,1,3,232.35,0,80.58,0.0,312.93,0,0
59,21,8.83,4893,One Year,0,0,Female,1,Fiber Optic,40.408796,-121.579609,1,106.55,1,0,2,,1,1,0,1,Bank Withdrawal,1,0,1,1,0,1,1,1,54,5763.3,0,476.82,0.0,6240.12,1,1
27,42,15.18,4030,Month-to-Month,0,0,Male,1,Fiber Optic,34.159534,-116.425984,0,75.6,1,0,0,Offer D,0,0,1,0,Bank Withdrawal,1,0,0,5,0,0,0,0,18,1395.05,0,273.24,0.0,1668.29,1,0
78,17,28.71,5721,Month-to-Month,0,0,Female,1,Fiber Optic,33.716136,-117.752574,1,84.35,1,0,1,,0,0,1,1,Bank Withdrawal,1,0,1,3,1,1,0,0,6,474.9,0,172.26,0.0,647.16,1,1
74,8,26.12,2076,Month-to-Month,0,0,Male,1,Fiber Optic,37.375156,-121.795867,1,74.3,0,0,1,Offer D,1,0,1,1,Credit Card,1,0,1,1,1,0,0,0,16,1178.25,0,417.92,0.0,1596.17,1,1
79,2,43.34,5242,Month-to-Month,0,0,Female,1,Fiber Optic,38.060264,-122.830646,0,80.85,0,0,0,,0,0,1,0,Bank Withdrawal,1,0,0,2,1,0,0,1,9,751.65,0,390.06,0.0,1141.71,1,1
35,10,0.0,2539,Two Year,0,0,Female,1,DSL,33.999992,-117.535395,0,49.85,0,0,0,,1,1,1,0,Bank Withdrawal,0,1,0,3,0,1,1,0,31,1520.1,0,0.0,0.0,1520.1,1,0
57,14,0.0,3163,Month-to-Month,1,0,Female,1,Cable,34.083086,-117.737997,1,35.15,0,1,3,,1,1,1,1,Bank Withdrawal,0,0,1,4,0,0,0,0,32,1051.05,0,0.0,0.0,1051.05,1,0
62,0,41.51,4336,One Year,0,0,Female,0,,37.721052,-122.413573,0,19.05,0,0,0,Offer D,0,0,0,0,Credit Card,1,0,0,5,0,0,0,0,16,326.65,0,664.16,0.0,990.81,0,0
38,0,20.44,6050,One Year,1,0,Male,0,,36.819628,-119.440414,1,20.2,0,3,1,,0,0,0,1,Credit Card,1,0,1,4,0,0,0,0,53,1068.15,0,1083.32,0.0,2151.47,0,0
76,30,15.28,3964,Month-to-Month,1,0,Female,1,Fiber Optic,33.79499,-118.065591,1,70.45,0,2,1,Offer E,0,0,1,1,Mailed Check,1,0,1,2,1,0,0,0,1,70.45,0,15.28,0.0,85.73,1,1
38,4,0.0,3051,One Year,0,1,Male,1,Cable,38.646096,-121.442433,0,53.95,0,0,0,Offer B,1,0,1,0,Credit Card,0,0,0,2,0,1,1,1,44,2375.4,0,0.0,0.0,2375.4,1,1
58,16,32.81,3319,Month-to-Month,0,0,Male,1,Fiber Optic,35.746484,-121.223355,0,74.65,0,0,0,,1,0,1,0,Bank Withdrawal,1,0,0,3,0,0,0,0,5,383.65,0,164.05,0.0,547.7,1,0
57,7,20.79,6100,One Year,0,1,Female,1,Fiber Optic,33.521447,-117.602555,1,104.4,1,0,7,Offer B,0,1,1,1,Mailed Check,1,0,1,3,0,1,1,1,50,5232.9,0,1039.5,0.0,6272.4,1,0
64,24,41.34,4628,One Year,0,1,Male,1,Cable,38.377165,-123.037957,1,81.4,1,0,6,Offer B,1,1,1,1,Credit Card,1,1,1,4,0,1,1,0,52,4354.45,0,2149.68,0.0,6504.13,1,0
31,30,4.41,5955,Month-to-Month,0,0,Female,1,DSL,34.066303,-118.435479,0,44.1,0,0,0,Offer E,0,0,1,0,Bank Withdrawal,1,0,0,3,0,0,0,0,1,44.1,0,4.41,0.0,48.51,1,1
50,10,37.6,5168,Month-to-Month,0,0,Female,1,Fiber Optic,37.5923,-120.853288,1,79.3,1,0,5,,1,0,0,1,Bank Withdrawal,1,0,1,3,0,0,0,0,26,2015.8,0,977.6,0.0,2993.4,1,0
30,51,7.41,4870,One Year,0,1,Female,1,DSL,33.828289,-117.201666,0,60.25,0,0,0,,0,1,1,0,Bank Withdrawal,1,1,0,4,0,0,0,0,21,1258.35,0,155.61,0.0,1413.96,1,0
32,26,0.0,3844,One Year,0,1,Male,1,DSL,40.854512,-123.450097,1,45.1,0,0,6,,1,0,1,1,Credit Card,0,0,1,4,0,1,1,0,42,2049.05,0,0.0,0.0,2049.05,1,0
39,6,0.0,6395,Two Year,0,0,Male,1,DSL,41.505916,-120.152505,1,50.95,0,0,10,,1,1,1,1,Bank Withdrawal,0,1,1,3,0,1,1,0,67,3521.7,0,0.0,0.0,3521.7,1,0
60,16,39.83,5722,Month-to-Month,0,1,Female,1,Cable,36.527243,-118.594938,1,54.7,0,0,1,Offer D,1,0,1,1,Credit Card,1,0,1,3,0,0,0,0,22,1178.75,0,876.26,0.0,2055.01,1,0
70,53,19.68,4353,One Year,1,0,Male,1,Fiber Optic,36.749403,-119.787574,1,93.25,1,3,4,,1,1,1,1,Bank Withdrawal,1,0,1,3,1,1,0,0,60,5774.55,0,1180.8,0.0,6955.35,1,0
27,52,0.0,4829,Month-to-Month,1,0,Female,1,DSL,38.349195,-121.902943,1,35.05,0,2,9,,1,1,0,1,Bank Withdrawal,0,0,1,3,0,0,1,0,46,1620.25,0,0.0,0.0,1620.25,1,0
28,59,4.08,5756,Month-to-Month,1,1,Female,1,Fiber Optic,37.255479,-121.889838,0,84.8,1,2,0,,0,0,1,0,Bank Withdrawal,1,1,0,3,0,0,0,0,46,3958.85,0,187.68,0.0,4146.53,1,0
56,27,22.62,6063,Two Year,1,0,Female,1,Cable,33.141265,-116.967221,1,66.75,1,3,8,,1,1,0,1,Credit Card,1,1,1,3,0,0,0,0,72,4760.3,0,1628.64,0.0,6388.94,1,0
43,10,42.34,4131,Month-to-Month,0,0,Female,1,DSL,33.830453,-118.384565,0,45.15,0,0,0,,0,0,0,0,Credit Card,1,0,0,3,0,0,0,0,1,45.15,0,42.34,0.0,87.49,1,0
56,0,35.8,5689,One Year,0,0,Male,0,,34.089953,-118.294824,1,20.1,0,0,9,Offer C,0,0,0,1,Credit Card,1,0,1,3,0,0,0,0,24,533.9,0,859.2,0.0,1393.1,0,0
24,47,0.0,4810,Month-to-Month,1,0,Male,1,DSL,35.236549,-120.727344,1,39.2,0,2,8,Offer B,0,1,1,1,Bank Withdrawal,0,0,1,4,0,1,1,0,49,1838.15,0,0.0,0.0,1838.15,1,0
49,2,32.43,6161,One Year,0,1,Female,1,Fiber Optic,39.745712,-121.84333,0,106.8,1,0,0,,1,0,1,0,Bank Withdrawal,1,0,0,3,0,1,1,1,56,5914.4,30,1816.08,0.0,7760.48,0,0
48,0,7.96,2723,Month-to-Month,0,0,Male,0,,38.41935,-120.469545,0,26.35,1,0,0,,0,0,1,0,Bank Withdrawal,1,0,0,3,0,0,0,0,15,378.6,0,119.4,0.0,498.0,0,0
66,30,27.0,5831,Month-to-Month,0,1,Female,1,Cable,37.669516,-120.626964,0,55.65,1,0,0,,0,0,0,0,Bank Withdrawal,1,0,0,4,1,0,0,0,42,2421.75,0,1134.0,0.0,3555.75,1,0
43,0,24.65,2360,Month-to-Month,1,0,Female,0,,36.456091,-119.486225,1,20.1,0,1,3,,0,0,1,1,Credit Card,1,0,1,3,0,0,0,0,12,232.4,0,295.8,0.0,528.2,0,0
40,3,6.6,5590,Month-to-Month,0,1,Male,1,Cable,37.316807,-120.855753,0,55.7,1,0,0,,0,0,1,0,Bank Withdrawal,1,0,0,4,0,0,0,0,41,2237.55,0,270.6,0.0,2508.15,1,0
29,59,30.58,5038,Two Year,1,1,Male,1,Fiber Optic,38.823278,-121.281856,0,111.15,0,3,0,,1,1,1,0,Bank Withdrawal,1,1,0,5,0,1,1,1,41,4507.15,0,1253.78,0.0,5760.93,1,0
64,0,20.96,6444,Two Year,1,0,Male,0,,35.233745,-120.626442,1,20.05,0,1,5,Offer B,0,0,0,1,Credit Card,1,0,1,5,0,0,0,0,62,1263.9,0,1299.52,0.0,2563.42,0,0
46,18,18.26,6280,Two Year,0,0,Male,1,DSL,33.606336,-117.893042,1,76.95,1,0,1,Offer A,0,1,1,1,Credit Card,1,1,1,3,0,1,1,1,70,5289.8,0,1278.2,0.0,6568.0,1,0
21,41,33.55,5891,Month-to-Month,0,1,Male,1,Fiber Optic,41.232128,-123.194748,1,100.85,1,0,8,,0,0,0,1,Bank Withdrawal,1,0,1,5,0,1,1,1,34,3527.3,0,1140.7,0.0,4668.0,1,0
66,8,5.21,3676,Month-to-Month,0,1,Female,1,Fiber Optic,33.973616,-118.24902,0,94.45,0,0,0,Offer E,0,0,1,0,Credit Card,1,0,0,1,1,1,0,1,8,742.95,0,41.68,0.0,784.63,1,1
21,41,8.71,6322,Two Year,0,1,Female,1,DSL,33.864622,-118.179626,0,85.25,1,0,0,Offer A,0,1,1,0,Mailed Check,1,1,0,4,0,1,1,1,67,5714.2,0,583.57,1.31,6296.46,1,0
24,82,0.0,2873,Month-to-Month,0,1,Female,1,Cable,37.04584,-118.397236,1,49.85,0,0,10,Offer D,0,0,1,1,Bank Withdrawal,0,0,1,3,0,1,1,1,12,617.15,0,0.0,0.0,617.15,1,0
66,28,4.06,3412,Two Year,1,0,Male,1,Fiber Optic,38.237018,-122.77872,1,79.85,1,2,6,Offer C,0,1,1,1,Bank Withdrawal,1,0,1,3,1,0,0,0,24,1857.75,0,97.44,0.0,1955.19,1,0
55,0,38.74,3575,One Year,0,0,Male,0,,35.480896,-120.469476,0,19.8,0,0,0,,0,0,0,0,Bank Withdrawal,1,0,0,3,0,0,0,0,42,849.9,0,1627.08,0.0,2476.98,0,0
60,76,32.47,4558,Two Year,1,1,Male,1,Fiber Optic,38.055562,-120.456298,1,114.0,1,3,1,,1,1,1,1,Bank Withdrawal,1,1,1,3,0,1,1,1,72,8093.15,0,2337.84,0.0,10430.99,1,0
35,0,22.37,2577,Month-to-Month,0,0,Female,0,,32.68674,-117.186612,0,19.15,0,0,0,,0,0,0,0,Credit Card,1,0,0,5,0,0,0,0,1,19.15,0,22.37,0.0,41.52,0,0
54,26,5.43,5347,Month-to-Month,0,0,Male,1,Fiber Optic,34.038983,-117.991372,0,91.1,0,0,0,Offer D,0,0,1,0,Bank Withdrawal,1,0,0,2,0,1,1,1,13,1135.7,80,70.59,0.0,1286.29,0,1
36,26,0.0,2327,Two Year,1,1,Male,1,DSL,38.748316,-120.675512,0,40.1,0,3,0,,0,1,0,0,Credit Card,0,1,0,4,0,0,0,0,23,857.75,0,0.0,0.0,857.75,1,0
19,59,18.74,5895,One Year,1,0,Female,1,Fiber Optic,38.489273,-120.891614,0,106.6,1,2,0,Offer A,1,0,1,0,Bank Withdrawal,1,1,0,4,0,1,1,1,67,7244.7,0,1255.58,0.0,8500.28,1,0
63,5,14.21,2445,Month-to-Month,0,0,Female,1,Fiber Optic,34.19829,-118.602203,1,85.35,1,0,1,Offer E,0,0,1,1,Bank Withdrawal,1,0,1,3,0,0,0,1,9,754.65,50,127.89,0.0,932.54,0,1
25,82,44.74,3358,Month-to-Month,0,0,Female,1,DSL,32.733564,-117.033713,1,53.1,1,0,1,Offer B,0,1,0,1,Bank Withdrawal,1,0,1,3,0,0,1,0,46,2459.8,0,2058.04,0.0,4517.84,1,0
57,27,31.33,4444,Two Year,1,1,Male,1,Cable,40.274302,-124.210902,1,89.9,1,3,6,Offer A,1,1,0,1,Credit Card,1,1,1,3,0,1,1,1,71,6457.15,0,2224.43,0.0,8681.58,1,0
35,23,12.12,5483,Two Year,0,1,Male,1,Cable,33.833686,-117.513063,1,86.65,1,0,1,,0,1,0,1,Credit Card,1,1,1,3,0,1,1,1,72,6094.25,0,872.64,3.2,6963.69,1,0
76,23,22.4,2136,One Year,0,0,Male,1,DSL,38.265899,-121.939461,1,60.9,0,0,9,Offer E,0,1,0,1,Bank Withdrawal,1,0,1,3,1,0,0,1,8,551.95,0,179.2,16.58,714.57,1,0
39,19,0.0,5795,Two Year,0,1,Female,1,DSL,34.70434,-120.02609,0,45.05,0,0,0,,1,1,0,0,Bank Withdrawal,0,1,0,3,0,0,0,0,56,2560.1,0,0.0,0.0,2560.1,1,0
37,17,43.81,5880,Two Year,0,0,Female,1,DSL,39.220368,-122.907693,1,80.6,1,0,5,,0,1,1,1,Bank Withdrawal,1,1,1,3,0,1,1,1,70,5460.2,0,3066.7,0.0,8526.9,1,0
28,0,31.29,5848,Two Year,0,0,Male,0,,38.578604,-122.024579,1,20.5,0,0,9,Offer B,0,0,1,1,Bank Withdrawal,1,0,1,5,0,0,0,0,60,1198.8,0,1877.4,0.0,3076.2,0,0
34,18,0.0,4954,Month-to-Month,0,0,Male,1,DSL,36.931654,-121.752383,0,45.3,0,0,0,,0,0,1,0,Mailed Check,0,0,0,1,0,1,1,1,1,45.3,0,0.0,0.0,45.3,1,1
68,17,6.68,2467,Month-to-Month,0,0,Female,1,Cable,37.386978,-122.177746,0,84.6,1,0,0,,0,0,1,0,Bank Withdrawal,1,0,0,1,1,1,0,0,4,360.1,0,26.72,0.0,386.82,1,1
26,0,7.03,5472,Two Year,1,0,Male,0,,38.925545,-122.549083,1,25.75,1,3,7,,0,0,0,1,Credit Card,1,0,1,4,0,0,0,0,31,755.6,0,217.93,0.0,973.53,0,0
23,51,48.49,2422,Month-to-Month,0,0,Male,1,DSL,38.34719,-122.697822,1,44.55,0,0,6,Offer C,0,0,1,1,Credit Card,1,0,1,4,0,0,0,0,33,1462.6,0,1600.17,0.0,3062.77,1,0
42,0,32.78,4791,Two Year,0,0,Female,0,,41.171578,-120.913161,0,21.1,0,0,0,Offer B,0,0,1,0,Bank Withdrawal,1,0,0,5,0,0,0,0,46,937.1,0,1507.88,0.0,2444.98,0,0
36,0,15.93,5887,One Year,0,0,Female,0,,37.834341,-122.26437,0,24.4,1,0,0,Offer B,0,0,1,0,Bank Withdrawal,1,0,0,5,0,0,0,0,64,1601.2,0,1019.52,0.0,2620.72,0,0
58,0,19.1,2831,Two Year,0,0,Male,0,,40.170357,-123.417298,0,19.95,0,0,0,,0,0,1,0,Credit Card,1,0,0,4,0,0,0,0,19,373.5,0,362.9,0.0,736.4,0,0
80,27,44.23,4295,Two Year,0,1,Male,1,Fiber Optic,35.957019,-119.330928,0,110.35,1,0,0,,0,1,1,0,Bank Withdrawal,1,1,0,3,1,1,0,1,65,7246.15,0,2874.95,0.0,10121.1,1,0
32,23,42.06,3222,Month-to-Month,1,0,Male,1,Fiber Optic,34.074572,-118.831181,1,96.8,1,3,7,Offer D,1,0,0,1,Credit Card,1,1,1,4,0,0,0,1,20,1826.7,0,841.2,0.0,2667.9,1,0
25,48,39.22,3185,Month-to-Month,0,0,Female,1,DSL,37.479926,-120.230424,0,50.45,0,0,0,Offer D,1,0,0,0,Bank Withdrawal,1,0,0,5,0,0,0,0,14,765.45,140,549.08,0.0,1454.53,0,0
44,12,25.19,2406,Month-to-Month,0,1,Male,1,Fiber Optic,35.523991,-118.400432,0,106.7,1,0,0,,1,0,1,0,Bank Withdrawal,1,0,0,2,0,1,1,1,12,1253.9,0,302.28,0.0,1556.18,1,1
35,17,0.0,5396,Two Year,1,1,Male,1,DSL,39.657228,-121.37778,1,50.2,0,2,1,,1,0,0,1,Credit Card,0,1,1,4,0,0,0,1,52,2554.0,0,0.0,27.01,2526.99,1,0
31,13,2.5,5824,Two Year,1,1,Male,1,Cable,38.925545,-122.549083,1,90.15,1,1,7,,1,1,1,1,Credit Card,1,1,1,3,0,1,1,1,70,6237.05,0,175.0,0.0,6412.05,1,0
29,59,31.99,4854,One Year,1,1,Female,1,DSL,38.021772,-122.691744,1,60.6,0,5,3,,0,0,0,1,Credit Card,1,0,1,4,0,1,1,0,53,3297.0,0,1695.47,0.0,4992.47,1,0
51,0,35.2,4882,One Year,1,0,Female,0,,38.735789,-119.85798,1,20.0,0,2,5,,0,0,0,1,Credit Card,1,0,1,5,0,0,0,0,43,817.95,0,1513.6,0.0,2331.55,0,0
74,30,19.09,4057,Month-to-Month,0,0,Female,1,DSL,34.062095,-118.401508,0,43.95,0,0,0,Offer E,0,0,0,0,Bank Withdrawal,1,0,0,5,1,0,0,0,2,85.1,0,38.18,0.0,123.28,1,0
76,3,2.85,2837,Month-to-Month,0,0,Male,1,Fiber Optic,40.527834,-122.318749,1,101.85,1,0,1,,0,1,0,1,Bank Withdrawal,1,0,1,1,1,1,0,1,40,4086.3,0,114.0,0.0,4200.3,1,1
20,0,31.02,4958,Month-to-Month,0,0,Male,0,,33.833699,-118.314387,0,19.4,0,0,0,Offer D,0,0,0,0,Credit Card,1,0,0,3,0,0,0,0,20,415.4,0,620.4,0.0,1035.8,0,0
33,25,46.23,5092,Month-to-Month,0,0,Male,1,DSL,34.153338,-118.262974,0,47.95,0,0,0,Offer E,0,1,0,0,Bank Withdrawal,1,0,0,4,0,0,0,0,1,47.95,0,46.23,0.0,94.18,1,0
35,12,17.49,4750,One Year,1,1,Male,1,Fiber Optic,34.072121,-117.698319,1,104.45,1,1,5,Offer A,1,0,1,1,Credit Card,1,0,1,5,0,1,1,1,72,7459.0,130,1259.28,0.0,8848.28,0,0
26,0,22.54,4402,Month-to-Month,0,0,Male,0,,38.071327,-120.632221,0,19.4,0,0,0,,0,0,0,0,Credit Card,1,0,0,5,0,0,0,0,4,93.4,0,90.16,0.0,183.56,0,0
55,0,34.86,3172,Month-to-Month,0,0,Male,0,,38.287136,-122.02711,0,19.95,0,0,0,,0,0,1,0,Credit Card,1,0,0,5,0,0,0,0,4,59.25,0,139.44,0.0,198.69,0,0
68,21,27.7,5113,Two Year,0,1,Female,1,DSL,34.057496,-118.413959,0,74.65,1,0,0,,1,0,0,0,Credit Card,1,1,0,4,1,1,0,0,64,4869.35,0,1772.8,47.04,6595.11,1,0
77,11,2.21,4276,Two Year,0,0,Male,1,Fiber Optic,36.902954,-120.194274,0,93.75,1,0,0,,0,1,0,0,Bank Withdrawal,1,1,0,3,1,1,1,0,57,5625.55,0,125.97,0.0,5751.52,1,0
52,28,48.14,6438,Two Year,0,0,Male,1,Cable,38.696659,-123.436861,1,67.25,1,0,2,,1,0,0,1,Credit Card,1,1,1,4,0,1,1,0,63,4234.15,150,3032.82,0.0,7416.97,0,0
70,10,36.6,4322,One Year,0,1,Male,1,Fiber Optic,38.983388,-120.988814,1,92.0,1,0,7,,1,1,1,1,Bank Withdrawal,1,1,1,3,1,0,0,0,71,6585.2,0,2598.6,0.0,9183.8,1,0
63,56,21.43,2939,Two Year,1,1,Female,1,DSL,37.654436,-122.426468,1,78.6,1,3,8,Offer C,0,1,0,1,Credit Card,1,0,1,4,0,1,1,1,24,1846.65,0,514.32,0.0,2360.97,1,0
73,18,0.0,4757,Two Year,0,0,Female,1,DSL,39.493991,-122.286363,0,33.45,0,0,0,,1,1,1,0,Credit Card,0,0,0,3,1,0,0,0,43,1500.25,40,0.0,0.0,1540.25,0,0
30,48,18.88,5157,Month-to-Month,1,1,Male,1,Fiber Optic,40.527834,-122.318749,1,80.3,0,2,9,Offer B,1,0,1,1,Credit Card,1,0,1,4,0,0,0,0,63,4896.35,40,1189.44,0.0,6125.79,0,0
22,59,0.0,5717,Two Year,0,1,Male,1,DSL,32.726627,-116.994608,1,60.25,0,0,7,,0,1,0,1,Bank Withdrawal,0,1,1,3,0,1,1,1,69,4055.5,120,0.0,0.0,4175.5,0,0
79,3,47.27,6024,Two Year,0,1,Female,1,Cable,38.121601,-120.133915,0,75.5,1,0,0,Offer A,1,0,1,0,Bank Withdrawal,1,1,0,4,1,0,0,1,70,5212.65,0,3308.9,0.0,8521.55,1,0
70,0,1.66,2302,One Year,0,0,Male,0,,34.70434,-120.02609,1,21.25,0,0,1,,0,0,1,1,Credit Card,1,0,1,4,1,0,0,0,9,204.55,0,14.94,0.0,219.49,0,0
26,26,21.28,3599,Month-to-Month,0,0,Female,1,Cable,37.907777,-122.127161,0,49.6,0,0,0,Offer E,1,0,1,0,Credit Card,1,0,0,1,0,0,0,0,2,114.7,0,42.56,0.0,157.26,1,1
28,85,29.24,4231,Month-to-Month,0,0,Male,1,Fiber Optic,33.988543,-118.334081,0,74.15,1,0,0,Offer D,0,0,1,0,Credit Card,1,0,0,1,0,0,1,0,10,811.8,0,292.4,0.0,1104.2,1,1
44,7,46.59,2724,Month-to-Month,0,1,Male,1,DSL,37.708327,-122.083473,0,78.65,0,0,0,Offer E,0,1,0,0,Credit Card,1,1,0,3,0,1,1,1,6,483.3,10,279.54,0.0,772.84,0,0
37,19,0.0,5171,Month-to-Month,1,0,Female,1,DSL,33.309852,-116.823091,1,30.5,0,1,1,,0,1,0,1,Bank Withdrawal,0,0,1,1,0,0,0,0,1,30.5,0,0.0,0.0,30.5,1,1
44,19,8.36,4848,Two Year,1,1,Female,1,DSL,37.316146,-121.936285,1,79.7,1,1,3,Offer A,1,1,0,1,Bank Withdrawal,1,1,1,3,0,0,0,1,70,5743.3,0,585.2,0.0,6328.5,1,0
21,71,2.18,6189,One Year,0,1,Female,1,Fiber Optic,36.057458,-118.591951,1,110.35,1,0,1,Offer B,1,0,0,1,Bank Withdrawal,1,1,1,1,0,1,1,1,54,5893.15,0,117.72,0.0,6010.87,1,1
45,25,34.13,4499,Two Year,1,1,Male,1,DSL,33.818477,-118.038307,1,72.95,0,1,4,,0,0,1,1,Bank Withdrawal,1,1,1,4,0,1,1,1,68,4953.25,0,2320.84,0.0,7274.09,1,0
68,28,0.0,2525,Two Year,0,1,Male,1,Cable,38.984756,-121.345074,1,34.25,0,0,3,,0,0,0,1,Credit Card,0,1,1,4,1,0,0,0,24,828.2,0,0.0,0.0,828.2,1,0
44,17,0.0,6344,Two Year,0,0,Male,1,Cable,38.486938,-121.395805,0,43.9,0,0,0,,0,1,0,0,Bank Withdrawal,0,1,0,4,0,0,0,1,67,3097.2,0,0.0,34.45,3062.75,1,0
45,9,40.33,4778,One Year,0,1,Male,1,Fiber Optic,37.40122,-120.514191,1,93.15,1,0,1,Offer B,1,1,1,1,Bank Withdrawal,1,0,1,3,0,0,0,0,56,5253.95,0,2258.48,0.0,7512.43,1,0
22,59,9.16,2269,Month-to-Month,1,0,Male,1,DSL,32.886925,-117.152162,1,84.9,1,2,5,Offer D,1,1,0,1,Bank Withdrawal,1,1,1,3,0,1,1,1,16,1398.25,0,146.56,0.0,1544.81,1,0
41,20,15.58,5096,Two Year,1,1,Female,1,DSL,37.605926,-120.69955,1,89.75,1,1,1,Offer A,1,1,0,1,Credit Card,1,1,1,3,0,1,1,1,72,6595.9,0,1121.76,0.0,7717.66,1,0
53,22,47.72,5494,Month-to-Month,1,0,Female,1,Fiber Optic,35.186644,-120.728305,0,86.0,1,1,0,Offer D,0,1,1,0,Mailed Check,1,1,0,3,0,0,0,0,14,1164.05,0,668.08,0.0,1832.13,1,0
20,59,0.0,3766,Month-to-Month,0,0,Female,1,DSL,38.439696,-122.668817,1,28.5,0,0,8,Offer D,0,1,0,1,Bank Withdrawal,0,0,1,4,0,0,0,0,21,629.35,0,0.0,0.0,629.35,1,0
36,16,14.18,6092,One Year,0,0,Male,1,DSL,34.078821,-118.177576,1,53.65,0,0,7,Offer A,1,1,1,1,Credit Card,1,0,1,3,0,0,0,0,69,3804.4,0,978.42,0.0,4782.82,1,0
45,24,32.31,4366,Month-to-Month,0,1,Male,1,Cable,34.037342,-119.80079,0,68.25,0,0,0,Offer E,0,1,1,0,Bank Withdrawal,1,1,0,3,0,1,1,0,9,576.95,0,290.79,0.0,867.74,1,0
47,14,22.71,5709,Month-to-Month,0,0,Female,1,Fiber Optic,38.550722,-121.457314,0,79.8,1,0,0,,0,1,1,0,Bank Withdrawal,1,0,0,4,0,0,0,0,58,4526.85,0,1317.18,0.0,5844.03,1,0
62,22,23.96,2038,Month-to-Month,0,0,Male,1,Fiber Optic,38.475465,-121.443625,0,78.95,0,0,0,Offer E,0,0,1,0,Bank Withdrawal,1,0,0,2,0,0,0,1,1,78.95,0,23.96,0.0,102.91,1,1
78,20,25.15,5655,One Year,0,1,Male,1,Fiber Optic,33.889605,-115.257009,1,109.9,1,0,7,,0,1,1,1,Bank Withdrawal,1,1,1,3,1,1,0,1,33,3694.7,0,829.95,0.0,4524.65,1,0
48,20,36.59,4138,One Year,0,0,Male,1,DSL,33.762351,-117.488725,0,47.85,0,0,0,,0,0,0,0,Credit Card,1,1,0,4,0,0,0,0,51,2356.75,0,1866.09,18.39,4204.45,1,0
72,22,42.29,3384,One Year,1,0,Male,1,Fiber Optic,35.383937,-119.020428,1,84.95,0,1,1,,1,0,1,1,Bank Withdrawal,1,0,1,3,1,0,0,1,47,4018.05,80,1987.63,0.0,6085.68,0,0
74,3,21.7,4400,Two Year,0,1,Female,1,Cable,38.736685,-121.251984,1,80.55,1,0,1,,1,0,1,1,Bank Withdrawal,1,0,1,3,1,1,0,1,66,5265.1,0,1432.2,0.0,6697.3,1,1
37,13,20.88,5536,Month-to-Month,0,1,Male,1,Fiber Optic,34.027337,-118.28515,1,105.95,1,0,0,,0,1,0,1,Credit Card,1,0,0,1,0,1,1,1,50,5341.8,0,1044.0,0.0,6385.8,1,1
33,22,0.0,3899,Two Year,1,1,Male,1,Cable,40.677649,-122.29467,1,39.4,0,1,4,,0,1,1,1,Credit Card,0,1,1,3,0,0,0,0,20,825.4,0,0.0,0.0,825.4,1,0
25,59,8.39,5980,One Year,0,0,Female,1,Fiber Optic,38.140719,-121.838298,0,98.9,1,0,0,Offer A,1,0,0,0,Bank Withdrawal,1,0,0,5,0,1,1,1,70,6838.6,0,587.3,0.0,7425.9,1,0
25,69,33.45,2719,One Year,1,1,Male,1,Fiber Optic,34.049315,-117.255974,1,95.0,1,2,6,,1,0,1,1,Credit Card,1,0,1,4,0,1,1,0,45,4368.85,60,1505.25,0.0,5934.1,0,0
50,0,6.08,5881,Month-to-Month,0,0,Female,0,,38.326215,-122.718742,0,19.65,0,0,0,Offer E,0,0,0,0,Mailed Check,1,0,0,3,0,0,0,0,1,19.65,0,6.08,0.0,25.73,0,1
57,23,49.0,5527,One Year,0,1,Male,1,Fiber Optic,32.808814,-117.134694,0,95.7,0,0,0,Offer D,0,0,0,0,Bank Withdrawal,1,0,0,5,0,1,1,1,12,1184.0,0,588.0,0.0,1772.0,1,0
32,27,47.83,6437,Two Year,0,1,Male,1,Fiber Optic,33.787165,-117.931889,1,111.9,1,0,1,,0,1,1,1,Credit Card,1,1,1,3,0,1,1,1,72,8071.05,0,3443.76,0.0,11514.81,1,0
40,7,40.76,5497,Month-to-Month,0,1,Female,1,Fiber Optic,37.84771,-120.486589,0,93.2,0,0,0,,1,0,1,0,Credit Card,1,0,0,1,0,1,1,0,16,1573.7,0,652.16,35.7,2190.16,1,1
45,0,27.6,2447,Two Year,1,0,Male,0,,40.440636,-124.098739,0,19.6,0,2,0,Offer D,0,0,0,0,Credit Card,1,0,0,3,0,0,0,0,21,397.0,0,579.6,0.0,976.6,0,0
67,7,27.64,5128,Two Year,0,1,Female,1,Fiber Optic,34.168686,-118.057505,0,104.75,1,0,0,,1,0,0,0,Bank Withdrawal,1,0,0,3,1,1,0,1,56,5841.35,0,1547.84,36.52,7352.67,1,0
62,9,12.06,2026,Month-to-Month,0,1,Male,1,Fiber Optic,37.516791,-121.899117,1,90.2,1,0,1,Offer D,1,1,0,1,Credit Card,1,0,1,1,0,0,0,0,17,1454.15,0,205.02,0.0,1659.17,1,1
29,0,9.43,2600,Two Year,0,0,Male,0,,33.674583,-114.71612,0,19.45,0,0,0,,0,0,0,0,Credit Card,1,0,0,5,0,0,0,0,7,165.35,0,66.01,0.0,231.36,0,0
36,17,26.67,5414,Two Year,1,1,Male,1,Fiber Optic,32.695681,-116.798386,0,114.6,1,2,0,Offer A,1,1,1,0,Bank Withdrawal,1,1,0,4,0,1,1,1,70,7882.5,0,1866.9,0.0,9749.4,1,0
59,6,0.0,6302,Two Year,0,1,Female,1,Cable,37.339533,-121.777179,1,47.05,0,0,4,,0,0,1,1,Bank Withdrawal,0,1,1,4,0,1,1,0,71,3263.6,0,0.0,0.0,3263.6,1,0
33,26,25.11,3819,Month-to-Month,0,0,Male,1,Fiber Optic,36.793601,-119.761131,1,81.3,1,0,0,Offer E,1,0,1,1,Bank Withdrawal,1,0,0,2,0,0,0,0,5,416.3,0,125.55,0.0,541.85,1,1
45,22,7.7,4917,Month-to-Month,0,0,Female,1,Fiber Optic,39.884395,-122.587513,1,70.35,0,0,1,Offer E,0,0,1,1,Bank Withdrawal,1,0,1,3,0,0,0,0,2,120.25,20,15.4,0.0,155.65,0,0
53,0,32.54,3965,Month-to-Month,1,0,Male,0,,37.393554,-121.965114,0,24.8,1,3,0,,0,0,1,0,Bank Withdrawal,1,0,0,3,0,0,0,0,15,324.15,0,488.1,12.8,799.45,0,0
19,0,1.14,4634,Two Year,1,0,Male,0,,34.172071,-118.946262,1,24.1,1,3,1,Offer C,0,0,1,1,Bank Withdrawal,1,0,1,3,0,0,0,0,24,587.4,0,27.36,0.0,614.76,0,0
23,59,0.0,4917,Month-to-Month,0,0,Male,1,DSL,36.819628,-119.440414,0,39.3,0,0,0,Offer B,1,0,1,0,Bank Withdrawal,0,0,0,1,0,0,1,1,57,2111.45,80,0.0,0.0,2191.45,0,1
24,0,11.35,4785,Month-to-Month,0,0,Female,0,,33.998471,-117.973758,1,20.15,0,0,1,,0,0,0,1,Bank Withdrawal,1,0,1,3,0,0,0,0,8,156.25,0,90.8,0.0,247.05,0,1
26,73,1.94,6041,One Year,0,1,Female,1,DSL,40.89866,-123.539754,0,79.85,1,0,0,Offer B,1,1,0,0,Credit Card,1,1,0,3,0,1,1,0,59,4786.1,0,114.46,0.0,4900.56,1,0
33,53,41.14,5475,Two Year,1,1,Female,1,Fiber Optic,38.787446,-122.58675,1,118.75,1,3,1,,1,1,1,1,Bank Withdrawal,1,1,1,4,0,1,1,1,72,8672.45,0,2962.08,0.0,11634.53,1,0
39,0,22.31,3799,One Year,0,0,Male,0,,37.421299,-120.599587,0,19.45,0,0,0,Offer D,0,0,0,0,Mailed Check,1,0,0,5,0,0,0,0,13,270.2,0,290.03,0.0,560.23,0,0
56,30,38.33,5974,One Year,0,0,Male,1,Cable,34.015481,-118.493231,0,74.3,0,0,0,Offer B,1,1,1,0,Credit Card,1,0,0,4,0,1,1,1,62,4698.05,0,2376.46,0.0,7074.51,1,0
21,59,30.67,2425,Month-to-Month,1,0,Male,1,DSL,34.024405,-117.898722,1,59.7,1,1,6,,0,0,0,1,Bank Withdrawal,1,0,1,5,0,1,1,0,31,1825.5,0,950.77,0.0,2776.27,1,0
22,59,26.83,5742,One Year,0,0,Female,1,Fiber Optic,33.721917,-118.043237,0,105.05,1,0,0,,1,0,1,0,Bank Withdrawal,1,1,0,5,0,1,1,1,65,6744.25,0,1743.95,0.0,8488.2,1,0
53,0,4.03,5655,One Year,0,0,Female,0,,34.087558,-117.464096,0,24.7,1,0,0,Offer B,0,0,0,0,Mailed Check,1,0,0,5,0,0,0,0,64,1642.75,0,257.92,0.0,1900.67,0,0
47,0,47.17,5216,Two Year,0,0,Male,0,,38.010092,-122.689442,0,20.2,0,0,0,,0,0,1,0,Bank Withdrawal,1,0,0,4,0,0,0,0,59,1192.3,0,2783.03,0.0,3975.33,0,0
55,3,33.18,3924,One Year,0,1,Female,1,Fiber Optic,34.063947,-118.383001,0,94.15,1,0,0,,1,0,1,0,Bank Withdrawal,1,0,0,5,0,1,1,0,46,4408.45,0,1526.28,0.0,5934.73,1,0
49,57,1.56,4854,Month-to-Month,1,0,Male,1,DSL,33.798266,-118.300237,1,54.4,0,3,10,Offer E,0,0,1,1,Bank Withdrawal,1,0,1,4,0,0,0,1,8,475.1,0,12.48,0.0,487.58,1,0
24,0,25.91,4559,One Year,0,0,Female,0,,37.378541,-122.020456,0,19.45,0,0,0,Offer B,0,0,0,0,Bank Withdrawal,1,0,0,4,0,0,0,0,61,1336.35,0,1580.51,0.0,2916.86,0,0
30,30,34.91,3585,Month-to-Month,1,0,Female,1,Fiber Optic,35.869626,-119.498771,1,83.75,1,2,1,Offer D,0,0,1,1,Bank Withdrawal,1,0,1,4,0,0,0,1,23,1849.95,0,802.93,0.0,2652.88,1,0
25,41,38.33,4588,One Year,0,1,Male,1,Fiber Optic,41.769709,-121.92063,0,106.05,0,0,0,,1,1,1,0,Bank Withdrawal,1,0,0,3,0,1,1,1,44,4510.8,0,1686.52,0.0,6197.32,1,0
25,51,3.26,2847,Month-to-Month,0,0,Male,1,Fiber Optic,37.956963,-120.863055,0,75.3,1,0,0,,0,0,0,0,Credit Card,1,0,0,3,0,0,0,0,21,1570.7,0,68.46,0.0,1639.16,1,0
61,0,19.56,5250,Month-to-Month,1,0,Male,0,,38.014457,-122.115432,1,25.4,1,4,8,Offer C,0,0,1,1,Bank Withdrawal,1,0,1,3,0,0,0,0,25,546.85,0,489.0,0.0,1035.85,0,0
71,15,31.65,2987,Month-to-Month,0,0,Male,1,Fiber Optic,34.506627,-118.699048,1,84.1,1,0,1,Offer C,0,0,1,1,Bank Withdrawal,1,0,1,1,1,1,0,0,36,3021.6,0,1139.4,0.0,4161.0,1,1
77,6,0.0,6306,Two Year,0,1,Male,1,Cable,35.634488,-120.293534,1,64.05,0,0,3,,0,1,1,1,Credit Card,0,1,1,3,1,1,0,1,59,3886.85,0,0.0,0.0,3886.85,1,0
22,41,4.8,6252,Two Year,0,1,Male,1,Cable,41.528541,-122.955018,1,77.3,1,0,2,,0,1,0,1,Credit Card,1,1,1,3,0,1,1,0,70,5498.2,0,336.0,26.87,5807.33,1,0
67,29,17.36,5429,Month-to-Month,0,0,Male,1,Fiber Optic,38.244806,-120.417301,1,74.4,1,0,1,,0,0,1,1,Bank Withdrawal,1,0,1,3,1,0,0,0,1,74.4,30,17.36,0.0,121.76,0,1
59,5,24.17,4328,One Year,0,0,Female,1,Fiber Optic,32.765299,-117.122565,1,106.4,0,0,9,Offer A,1,1,1,1,Credit Card,1,1,1,4,0,1,1,1,69,7251.9,0,1667.73,3.59,8916.04,1,0
65,8,26.32,2194,Month-to-Month,0,1,Male,1,Fiber Optic,33.921793,-118.140588,0,91.05,1,0,0,Offer E,0,0,0,0,Bank Withdrawal,1,0,0,2,1,0,0,1,3,289.1,0,78.96,0.0,368.06,1,1
67,12,45.76,5868,Two Year,1,1,Female,1,Fiber Optic,32.79697,-116.969082,1,96.1,1,2,1,,1,0,1,1,Credit Card,1,0,1,4,1,1,0,0,62,6019.35,150,2837.12,0.0,9006.47,0,0
34,5,30.06,2070,Month-to-Month,0,0,Male,1,Fiber Optic,37.750778,-121.13238,0,73.75,0,0,0,,0,1,1,0,Credit Card,1,0,0,3,0,0,0,0,13,956.65,0,390.78,0.0,1347.43,1,0
28,52,32.06,5056,Month-to-Month,1,0,Female,1,Cable,38.63153,-120.842609,0,61.2,0,2,0,Offer E,0,1,1,0,Credit Card,1,0,0,4,0,1,1,0,2,125.95,0,64.12,0.0,190.07,1,0
28,0,28.46,4218,Two Year,0,0,Female,0,,33.638645,-116.55783,0,20.25,0,0,0,,0,0,0,0,Credit Card,1,0,0,4,0,0,0,0,53,1048.45,0,1508.38,0.0,2556.83,0,0
37,20,45.77,2250,Month-to-Month,0,0,Male,1,DSL,33.657433,-117.04254,0,50.75,0,0,0,Offer E,0,1,1,0,Credit Card,1,0,0,3,0,0,0,0,1,50.75,0,45.77,0.0,96.52,1,0
43,19,28.35,3764,Month-to-Month,1,1,Female,1,Fiber Optic,34.502432,-118.41459,0,106.6,0,1,0,,0,1,1,0,Bank Withdrawal,1,1,0,1,0,1,1,1,19,1934.45,40,538.65,21.72,2491.38,0,1
31,12,30.22,4602,Month-to-Month,1,0,Male,1,Fiber Optic,34.105935,-117.2914,0,91.0,1,1,0,Offer D,1,0,1,0,Bank Withdrawal,1,0,0,4,0,0,0,1,15,1430.05,0,453.3,0.0,1883.35,1,0
42,4,0.0,4404,Month-to-Month,0,0,Female,1,DSL,35.120833,-120.61843,0,25.05,0,0,0,,0,0,0,0,Bank Withdrawal,0,0,0,4,0,0,0,0,7,189.95,0,0.0,0.0,189.95,1,0
35,18,37.95,4761,One Year,0,1,Female,1,Fiber Optic,33.972119,-118.020188,1,110.65,1,0,8,Offer B,1,1,1,1,Credit Card,1,0,1,3,0,1,1,1,58,6526.65,0,2201.1,0.0,8727.75,1,0
42,57,44.84,5777,Month-to-Month,1,0,Female,1,DSL,33.705836,-117.318204,1,51.0,0,3,8,,0,1,0,1,Bank Withdrawal,1,0,1,3,0,0,0,0,11,581.7,60,493.24,0.0,1134.94,0,0
79,6,48.15,5870,Two Year,0,0,Male,1,Fiber Optic,34.049841,-118.33846,1,93.8,1,0,8,Offer D,1,1,0,1,Credit Card,1,0,1,4,1,1,1,0,13,1261.0,0,625.95,0.0,1886.95,1,0
45,27,49.99,5447,Two Year,1,0,Male,1,Cable,32.762506,-117.07245,0,61.45,0,1,0,,1,1,0,0,Credit Card,1,1,0,3,0,0,0,0,37,2302.35,110,1849.63,48.79,4213.19,0,0
62,5,33.84,2951,Month-to-Month,0,0,Female,1,Fiber Optic,37.671806,-121.007575,0,80.6,0,0,0,,0,0,1,0,Bank Withdrawal,1,0,0,5,0,1,1,0,28,2244.95,0,947.52,0.0,3192.47,1,0
43,19,6.53,6148,One Year,1,0,Male,1,Cable,35.634222,-120.728341,1,60.05,0,2,1,,1,1,0,1,Credit Card,1,1,1,4,0,0,0,0,67,3994.05,0,437.51,0.0,4431.56,1,0
40,13,0.0,3306,Month-to-Month,0,0,Female,1,DSL,34.066964,-117.937007,1,29.05,0,0,2,Offer E,0,1,1,1,Bank Withdrawal,0,0,1,3,0,0,0,0,4,129.6,0,0.0,0.0,129.6,1,0
39,6,0.0,4512,Month-to-Month,0,0,Male,1,DSL,34.152875,-118.486056,0,44.65,0,0,0,,1,1,1,0,Bank Withdrawal,0,0,0,4,0,1,1,0,26,1156.55,0,0.0,0.0,1156.55,1,0
26,59,41.93,4946,Month-to-Month,0,0,Male,1,Fiber Optic,32.730264,-116.950963,0,70.7,0,0,0,Offer E,0,0,0,0,Bank Withdrawal,1,0,0,5,0,0,1,0,8,553.4,0,335.44,0.0,888.84,1,0
26,59,24.27,5313,Two Year,0,0,Female,1,Cable,38.696659,-123.436861,1,58.2,0,0,9,,1,1,1,1,Credit Card,1,1,1,3,0,0,0,0,66,3810.8,0,1601.82,0.0,5412.62,1,0
22,51,40.36,3479,One Year,1,0,Female,1,DSL,38.434138,-121.30587,1,61.5,0,2,7,Offer D,1,1,1,1,Credit Card,1,1,1,4,0,0,0,0,18,1087.45,0,726.48,0.0,1813.93,1,0
76,25,40.44,5834,Month-to-Month,0,0,Male,1,Fiber Optic,34.146957,-118.432138,1,84.2,0,0,1,,1,0,1,1,Bank Withdrawal,1,0,1,2,1,1,0,0,6,519.15,0,242.64,0.0,761.79,1,1
67,10,31.83,2833,Month-to-Month,0,0,Female,1,Fiber Optic,33.141265,-116.967221,0,108.15,0,0,0,,1,1,1,0,Credit Card,1,1,0,1,1,1,0,1,43,4600.7,0,1368.69,0.0,5969.39,1,1
73,25,0.0,6280,Month-to-Month,0,1,Male,1,DSL,38.911299,-123.609588,0,54.45,0,0,0,,1,0,1,0,Bank Withdrawal,0,0,0,2,1,1,0,1,53,2854.55,0,0.0,20.16,2834.39,1,1
49,11,33.75,2457,Month-to-Month,0,0,Male,1,DSL,34.156758,-117.404686,0,72.15,1,0,0,,0,0,1,0,Credit Card,1,0,0,2,0,1,1,1,10,794.25,80,337.5,0.0,1211.75,0,1
44,17,10.49,2744,Month-to-Month,0,1,Female,1,Fiber Optic,33.748478,-117.858918,0,100.25,1,0,0,Offer C,0,0,1,0,Bank Withdrawal,1,0,0,3,0,1,1,1,35,3527.6,0,367.15,0.0,3894.75,1,1
25,73,45.92,3913,One Year,1,1,Male,1,DSL,37.581496,-119.972762,0,80.85,0,1,0,,1,0,0,0,Bank Withdrawal,1,1,0,5,0,1,1,1,17,1445.95,50,780.64,0.0,2276.59,0,0
36,0,33.44,5667,Month-to-Month,0,0,Male,0,,36.414611,-121.6386,0,20.6,0,0,0,Offer D,0,0,1,0,Credit Card,1,0,0,3,0,0,0,0,16,330.25,0,535.04,0.0,865.29,0,0
26,73,46.88,3097,Month-to-Month,0,0,Female,1,Cable,39.455555,-123.683979,1,51.25,0,0,1,Offer D,1,0,1,1,Bank Withdrawal,1,0,1,3,0,0,0,0,12,612.1,0,562.56,0.0,1174.66,1,0
43,0,46.3,3594,Two Year,1,0,Female,0,,37.890145,-119.184087,1,19.7,0,3,5,,0,0,1,1,Credit Card,1,0,1,5,0,0,0,0,24,494.05,0,1111.2,0.0,1605.25,0,0
33,0,1.64,2185,One Year,0,0,Female,0,,39.69676,-121.644379,1,19.35,0,0,3,Offer D,0,0,0,1,Mailed Check,1,0,1,5,0,0,0,0,17,307.0,0,27.88,10.57,324.31,0,0
73,22,23.91,3805,One Year,0,0,Female,1,Cable,32.690654,-115.431225,0,44.3,0,0,0,Offer E,0,0,1,0,Bank Withdrawal,1,0,0,3,1,0,0,0,2,89.3,0,47.82,0.0,137.12,1,0
77,17,14.19,5479,One Year,1,0,Male,1,DSL,35.924252,-116.188668,1,76.05,0,1,6,Offer C,1,0,1,1,Bank Withdrawal,1,1,1,5,1,1,1,1,35,2747.2,0,496.65,0.0,3243.85,1,0
41,14,36.05,4427,Two Year,1,1,Male,1,Fiber Optic,37.674002,-122.076796,1,105.25,1,2,5,Offer A,0,1,0,1,Bank Withdrawal,1,0,1,3,0,1,1,1,72,7609.75,0,2595.6,0.0,10205.35,1,0
42,21,42.83,2813,Month-to-Month,0,0,Female,1,Fiber Optic,37.316807,-120.855753,0,79.75,1,0,0,Offer D,1,0,1,0,Bank Withdrawal,1,0,0,3,0,0,0,0,15,1111.85,0,642.45,0.0,1754.3,1,1
41,23,36.91,5762,Month-to-Month,0,0,Female,1,Fiber Optic,33.362575,-117.299644,0,79.15,0,0,0,Offer E,0,0,1,0,Bank Withdrawal,1,0,0,1,0,1,1,0,4,317.25,0,147.64,0.0,464.89,1,1
37,0,10.13,4878,Two Year,1,0,Female,0,,41.042003,-120.506086,1,20.55,0,3,10,,0,0,0,1,Credit Card,1,0,1,4,0,0,0,0,50,1070.25,0,506.5,0.0,1576.75,0,0
44,11,13.76,5365,One Year,1,1,Male,1,Cable,36.793601,-119.761131,0,70.2,0,1,0,,1,1,0,0,Credit Card,1,0,0,4,0,0,0,1,41,2894.55,0,564.16,0.0,3458.71,1,0
30,0,29.86,2183,Month-to-Month,0,0,Female,0,,34.074087,-117.605618,0,20.35,0,0,0,Offer E,0,0,1,0,Credit Card,1,0,0,4,0,0,0,0,1,20.35,0,29.86,0.0,50.21,0,0
23,41,23.68,2985,Two Year,0,0,Female,1,DSL,34.14649,-117.849815,1,65.5,0,0,1,Offer E,0,1,0,1,Credit Card,1,1,1,3,0,1,1,0,8,564.35,0,189.44,0.0,753.79,1,0
68,17,2.27,3684,Month-to-Month,0,0,Male,1,Fiber Optic,41.867908,-123.794144,0,70.25,0,0,0,,0,0,1,0,Credit Card,1,0,0,2,1,0,0,0,5,331.9,0,11.35,12.48,330.77,1,1
72,17,48.68,5869,Two Year,0,0,Male,1,Fiber Optic,37.458367,-119.345011,1,102.9,1,0,9,Offer A,1,0,0,1,Bank Withdrawal,1,1,1,3,1,1,1,1,67,6989.7,0,3261.56,0.0,10251.26,1,0
66,18,31.31,5294,Two Year,0,1,Female,1,Fiber Optic,38.154823,-121.601358,0,107.4,1,0,0,,1,1,1,0,Bank Withdrawal,1,1,0,4,1,1,1,0,72,7748.75,0,2254.32,0.0,10003.07,1,0
44,0,7.14,5293,Two Year,1,0,Female,0,,34.108455,-118.362081,1,19.7,0,2,10,Offer D,0,0,0,1,Credit Card,1,0,1,3,0,0,0,0,16,301.55,0,114.24,0.0,415.79,0,0
64,16,18.79,5545,Month-to-Month,0,0,Male,1,Fiber Optic,32.807867,-117.060993,0,101.75,1,0,0,,1,0,1,0,Bank Withdrawal,1,0,0,2,0,1,1,1,42,4273.45,0,789.18,0.0,5062.63,1,1
33,22,23.74,5507,One Year,0,0,Male,1,DSL,37.553469,-120.952825,1,70.75,1,0,0,Offer B,1,0,0,1,Credit Card,1,1,0,5,0,0,0,1,40,2921.75,0,949.6,0.0,3871.35,1,0
48,28,18.2,4846,Two Year,0,1,Female,1,DSL,37.639215,-122.037554,0,77.35,0,0,0,Offer A,1,1,0,0,Credit Card,1,1,0,3,0,0,0,1,71,5550.1,0,1292.2,0.0,6842.3,1,0
20,51,0.0,5421,Month-to-Month,1,0,Male,1,Cable,32.898613,-117.202937,0,25.3,0,3,0,,0,0,1,0,Bank Withdrawal,0,0,0,2,0,0,0,0,1,25.3,10,0.0,0.0,35.3,0,1
58,23,5.92,6339,Month-to-Month,0,1,Male,1,Fiber Optic,41.867908,-123.794144,0,83.8,0,0,0,,0,0,1,0,Credit Card,1,0,0,3,0,1,1,0,52,4331.4,70,307.84,0.0,4709.24,0,0
79,12,0.0,4162,Two Year,0,0,Male,1,DSL,34.712708,-117.889656,1,56.55,0,0,10,Offer A,1,1,0,1,Credit Card,0,0,1,3,1,1,1,1,69,3952.65,40,0.0,0.0,3992.65,0,0
60,29,10.95,3734,Month-to-Month,0,1,Female,1,Fiber Optic,33.833699,-118.314387,0,89.2,1,0,0,Offer D,0,0,1,0,Bank Withdrawal,1,0,0,4,0,0,0,1,11,990.3,0,120.45,0.0,1110.75,1,0
25,41,36.54,5057,Month-to-Month,1,0,Female,1,DSL,37.410236,-121.320337,1,70.45,1,3,9,,0,0,1,1,Credit Card,1,0,1,5,0,1,1,1,62,4300.45,0,2265.48,0.0,6565.93,1,0
72,12,35.0,5626,One Year,0,1,Male,1,Fiber Optic,33.634626,-117.874882,0,99.85,0,0,0,,1,0,1,0,Bank Withdrawal,1,0,0,5,1,1,0,1,34,3343.15,0,1190.0,0.0,4533.15,1,0
49,0,17.43,4167,Month-to-Month,1,0,Female,0,,39.02741,-121.614982,1,19.8,0,1,4,Offer D,0,0,0,1,Mailed Check,1,0,1,4,0,0,0,0,15,272.95,0,261.45,18.55,515.85,0,0
38,24,49.08,4010,One Year,0,0,Female,1,Cable,37.731505,-122.384532,1,79.7,1,0,1,Offer B,1,1,1,1,Credit Card,1,0,1,3,0,1,1,1,63,4786.15,30,3092.04,0.0,7908.19,0,0
55,27,20.02,3795,One Year,0,0,Female,1,Fiber Optic,34.281911,-118.556218,1,101.9,0,0,0,Offer C,0,1,1,1,Credit Card,1,1,0,3,0,1,1,1,27,2681.15,0,540.54,0.0,3221.69,1,0
66,16,29.8,4447,Month-to-Month,0,0,Male,1,Fiber Optic,35.073777,-118.652112,0,87.3,0,0,0,,0,1,1,0,Bank Withdrawal,1,0,0,3,1,1,1,0,19,1637.3,0,566.2,0.0,2203.5,1,0
40,0,42.37,4746,Two Year,1,0,Female,0,,35.746484,-121.223355,1,25.45,1,2,0,Offer B,0,0,0,1,Credit Card,1,0,0,4,0,0,0,0,59,1534.05,0,2499.83,0.0,4033.88,0,0
52,19,0.0,4117,One Year,1,1,Female,1,Cable,39.455555,-123.683979,1,58.4,0,2,1,Offer A,1,0,1,1,Bank Withdrawal,0,1,1,5,0,1,1,1,70,4113.15,0,0.0,32.53,4080.62,1,0
63,10,27.04,5156,Month-to-Month,1,0,Female,1,DSL,33.778436,-118.118648,0,56.0,0,1,0,,1,1,1,0,Bank Withdrawal,1,0,0,3,0,0,0,0,13,764.55,0,351.52,0.0,1116.07,1,0
62,30,0.0,2855,One Year,0,0,Male,1,DSL,33.714829,-117.872941,0,39.1,0,0,0,,1,0,1,0,Bank Withdrawal,0,0,0,4,0,0,0,1,33,1309.0,0,0.0,0.0,1309.0,1,0
19,0,14.1,5587,Month-to-Month,0,0,Male,0,,33.529047,-117.701175,1,23.6,1,0,9,Offer E,0,0,1,1,Credit Card,1,0,1,5,0,0,0,0,3,89.05,0,42.3,0.0,131.35,0,0
38,24,42.9,6315,Two Year,1,0,Male,1,Fiber Optic,37.855717,-121.994813,1,106.35,0,2,1,,1,1,1,1,Credit Card,1,1,1,4,0,1,1,1,69,7261.75,0,2960.1,0.0,10221.85,1,0
34,30,0.0,3300,Month-to-Month,0,0,Female,1,DSL,37.550074,-118.837167,0,38.9,0,0,0,,0,1,1,0,Bank Withdrawal,0,0,0,3,0,0,0,1,16,664.4,0,0.0,0.0,664.4,1,0
54,22,1.85,4895,Month-to-Month,0,1,Male,1,Fiber Optic,40.021787,-122.127576,0,73.8,0,0,0,,0,0,1,0,Bank Withdrawal,1,0,0,3,0,0,0,0,9,704.3,50,16.65,0.0,770.95,0,0
75,24,46.71,3493,Two Year,0,0,Male,1,Fiber Optic,33.141265,-116.967221,0,90.7,1,0,0,,1,0,1,0,Bank Withdrawal,1,0,0,5,1,0,0,1,31,2845.15,100,1448.01,0.0,4393.16,0,0
48,15,13.05,5928,Month-to-Month,0,0,Female,1,DSL,34.438581,-119.685368,1,55.0,1,0,9,,0,1,0,1,Bank Withdrawal,1,0,1,3,0,0,0,0,46,2473.95,0,600.3,31.39,3042.86,1,0
47,29,40.79,5598,Month-to-Month,0,1,Male,1,DSL,39.12334,-122.838198,0,49.15,0,0,0,Offer E,0,0,1,0,Bank Withdrawal,1,0,0,1,0,0,0,0,3,169.05,10,122.37,0.0,301.42,0,1
45,21,1.07,5679,Two Year,0,0,Male,1,Fiber Optic,38.554383,-122.474773,1,84.6,0,0,3,Offer A,1,1,0,1,Bank Withdrawal,1,1,1,3,0,0,0,0,70,5706.2,0,74.9,0.0,5781.1,1,0
23,51,35.47,6186,Two Year,0,1,Female,1,Fiber Optic,38.033219,-121.297433,0,104.7,1,0,0,,1,0,0,0,Bank Withdrawal,1,0,0,5,0,1,1,1,60,6333.8,150,2128.2,0.0,8612.0,0,0
52,0,15.48,2839,Month-to-Month,0,0,Female,0,,34.404544,-119.302118,0,20.45,0,0,0,Offer B,0,0,0,0,Bank Withdrawal,1,0,0,5,0,0,0,0,41,775.6,0,634.68,0.0,1410.28,0,0
48,0,24.79,5433,Month-to-Month,0,0,Male,0,,37.946282,-121.139499,0,19.75,0,0,0,,0,0,0,0,Credit Card,1,0,0,5,0,0,0,0,16,294.9,0,396.64,0.0,691.54,0,0
20,76,8.08,2810,Month-to-Month,1,0,Male,1,DSL,32.787836,-117.232376,0,55.25,0,1,0,,1,1,1,0,Mailed Check,1,0,0,1,0,0,0,0,40,2139.2,0,323.2,0.0,2462.4,1,1
80,2,15.23,6144,Two Year,0,1,Female,1,Fiber Optic,38.325599,-122.642352,1,112.4,1,0,5,Offer A,1,1,1,1,Bank Withdrawal,1,0,1,3,1,1,0,1,72,8046.85,0,1096.56,0.0,9143.41,1,0
42,9,48.09,4935,One Year,0,0,Female,1,DSL,34.630356,-120.032564,1,51.45,0,0,7,,0,0,1,1,Credit Card,1,1,1,3,0,0,0,0,33,1758.9,0,1586.97,0.0,3345.87,1,0
30,85,48.16,4858,Month-to-Month,0,0,Female,1,DSL,34.250069,-117.393949,0,66.85,0,0,0,,0,0,1,0,Bank Withdrawal,1,0,0,4,0,1,1,1,7,458.1,0,337.12,0.0,795.22,1,0
45,19,1.02,5449,Month-to-Month,0,1,Female,1,DSL,39.424957,-122.039307,0,68.85,0,0,0,,1,1,1,0,Bank Withdrawal,1,0,0,1,0,1,1,0,29,1970.5,0,29.58,0.0,2000.08,1,1
22,58,35.6,3638,Month-to-Month,0,0,Female,1,DSL,34.17847,-118.459472,1,55.2,0,0,0,,0,0,0,1,Credit Card,1,0,0,2,0,0,1,1,1,55.2,0,35.6,0.0,90.8,1,1
43,7,0.0,6107,Month-to-Month,0,0,Male,1,DSL,33.992416,-117.807874,0,51.7,0,0,0,,0,0,1,0,Bank Withdrawal,0,1,0,3,0,1,1,1,59,3005.8,0,0.0,0.0,3005.8,1,0
29,0,33.58,4832,Month-to-Month,0,0,Male,0,,34.066303,-118.435479,0,20.15,0,0,0,,0,0,0,0,Credit Card,1,0,0,1,0,0,0,0,1,20.15,0,33.58,0.0,53.73,0,1
46,12,11.32,3185,Month-to-Month,0,1,Female,1,Fiber Optic,41.162295,-124.027381,1,104.4,1,0,1,,1,0,1,1,Bank Withdrawal,1,0,1,1,0,1,1,1,33,3409.6,0,373.56,0.0,3783.16,1,1
50,3,27.16,4068,One Year,0,1,Male,1,Fiber Optic,41.405193,-123.008567,1,113.15,1,0,8,,1,0,1,1,Bank Withdrawal,1,1,1,3,0,1,1,1,71,7953.25,0,1928.36,0.0,9881.61,1,0
77,28,19.46,4060,One Year,0,1,Female,1,Fiber Optic,32.762506,-117.07245,0,111.95,1,0,0,Offer B,1,0,1,0,Bank Withdrawal,1,1,0,3,1,1,0,1,56,6418.9,0,1089.76,0.0,7508.66,1,1
33,8,44.87,4771,One Year,0,1,Female,1,Cable,39.672813,-120.456699,0,76.35,0,0,0,,1,1,1,0,Credit Card,1,1,0,5,0,0,0,1,36,2606.35,0,1615.32,0.0,4221.67,1,0
59,53,18.99,4173,Two Year,1,1,Female,1,Cable,38.724322,-120.991237,1,61.3,0,3,7,,1,1,1,1,Credit Card,1,0,1,3,0,0,0,0,56,3346.8,0,1063.44,0.0,4410.24,1,0
23,0,27.96,4390,One Year,0,0,Female,0,,34.19225,-118.776874,1,20.35,0,0,1,,0,0,0,1,Credit Card,1,0,1,3,0,0,0,0,20,393.15,0,559.2,0.0,952.35,0,0
24,26,30.92,6209,Two Year,0,1,Male,1,DSL,37.818589,-120.256995,0,61.4,0,0,0,Offer B,1,1,0,0,Bank Withdrawal,1,0,0,3,0,0,0,0,60,3638.25,0,1855.2,0.0,5493.45,1,0
40,29,27.66,6298,Month-to-Month,0,0,Male,1,Fiber Optic,41.465121,-122.380947,1,106.2,1,0,6,,1,1,1,1,Bank Withdrawal,1,0,1,4,0,1,1,1,61,6375.2,0,1687.26,0.0,8062.46,1,0
51,19,0.0,3287,Month-to-Month,1,0,Female,1,DSL,34.364153,-118.615583,0,45.8,0,2,0,,0,1,0,0,Credit Card,0,1,0,4,0,1,1,0,26,1147.0,0,0.0,0.0,1147.0,1,0
42,13,1.83,4023,Two Year,1,0,Female,1,Cable,40.507272,-120.338228,1,79.4,1,1,10,Offer B,1,0,1,1,Bank Withdrawal,1,1,1,4,0,1,1,1,65,5071.9,0,118.95,0.0,5190.85,1,0
45,3,17.87,5949,Two Year,0,1,Male,1,Fiber Optic,33.929812,-116.76058,1,116.95,1,0,9,Offer A,1,1,1,1,Credit Card,1,1,1,3,0,1,1,1,72,8594.4,0,1286.64,0.0,9881.04,1,0
51,2,9.95,4986,One Year,0,0,Male,1,Fiber Optic,38.157794,-121.520223,0,100.3,0,0,0,Offer B,1,1,1,0,Credit Card,1,0,0,5,0,1,1,1,64,6603.8,0,636.8,0.0,7240.6,1,0
62,14,46.63,4754,Two Year,1,1,Female,1,Fiber Optic,37.483535,-119.679414,1,110.45,1,1,9,,0,1,1,1,Bank Withdrawal,1,1,1,4,0,1,1,1,72,8058.85,0,3357.36,0.0,11416.21,1,0
27,0,39.89,3172,Month-to-Month,1,0,Female,0,,34.015217,-118.109962,1,20.85,0,1,1,,0,0,0,1,Credit Card,1,0,1,5,0,0,0,0,4,62.9,0,159.56,0.0,222.46,0,0
43,15,13.02,5094,Month-to-Month,0,0,Male,1,Fiber Optic,38.392821,-121.799917,0,70.2,0,0,0,,0,0,1,0,Bank Withdrawal,1,0,0,1,0,0,0,0,4,237.95,0,52.08,0.0,290.03,1,1
32,16,12.19,5106,Month-to-Month,0,0,Female,1,Fiber Optic,33.3249,-114.758334,1,99.65,1,0,0,Offer B,0,1,1,1,Bank Withdrawal,1,0,0,4,0,1,1,1,57,5497.05,0,694.83,0.0,6191.88,1,0
42,53,29.54,4459,Month-to-Month,1,0,Male,1,Fiber Optic,34.027337,-118.28515,0,89.1,1,3,0,Offer D,1,0,1,0,Credit Card,1,0,0,4,0,0,0,1,22,1949.4,0,649.88,0.0,2599.28,1,0
39,12,49.69,4800,Month-to-Month,0,1,Female,1,Fiber Optic,40.923558,-122.059933,0,107.55,1,0,0,,1,0,0,0,Bank Withdrawal,1,0,0,3,0,1,1,1,33,3645.5,0,1639.77,0.0,5285.27,1,0
54,19,32.43,5324,Month-to-Month,1,1,Female,1,Cable,37.797526,-122.464531,1,76.3,0,1,1,Offer C,1,1,0,1,Bank Withdrawal,1,1,1,3,0,1,1,0,32,2404.15,0,1037.76,0.0,3441.91,1,0
68,18,15.15,4332,One Year,0,1,Male,1,Fiber Optic,33.79499,-118.065591,1,98.15,0,0,2,,1,1,1,1,Credit Card,1,1,1,3,1,0,0,1,40,4116.8,0,606.0,27.89,4694.91,1,0
73,13,44.44,5444,Month-to-Month,0,1,Male,1,Fiber Optic,32.961064,-117.134917,0,98.55,1,0,0,,0,0,1,0,Bank Withdrawal,1,0,0,3,1,1,0,1,20,1842.8,120,888.8,0.0,2851.6,0,1
28,73,1.41,5517,Month-to-Month,1,0,Male,1,DSL,34.188339,-118.300942,1,60.2,0,3,9,,0,1,1,1,Credit Card,1,0,1,3,0,1,1,0,29,1834.15,0,40.89,0.0,1875.04,1,0
40,25,44.94,3634,Month-to-Month,0,0,Male,1,Fiber Optic,33.600987,-117.862734,0,73.85,0,0,0,,0,0,1,0,Bank Withdrawal,1,1,0,2,0,0,0,0,11,926.25,0,494.34,0.0,1420.59,1,1
56,2,10.5,3050,Month-to-Month,0,0,Female,1,Fiber Optic,37.257772,-122.051824,1,94.65,0,0,3,Offer D,1,0,1,1,Bank Withdrawal,1,0,1,5,0,1,1,1,16,1461.15,0,168.0,0.0,1629.15,1,0
67,13,38.48,4011,Month-to-Month,0,1,Male,1,Fiber Optic,38.911299,-123.609588,1,99.05,1,0,0,,0,0,1,1,Credit Card,1,0,0,5,1,1,0,1,54,5295.7,40,2077.92,0.0,7413.62,0,0
52,0,13.06,2010,One Year,1,0,Female,0,,37.921137,-122.657562,1,20.05,0,2,7,Offer C,0,0,0,1,Credit Card,1,0,1,4,0,0,0,0,25,520.1,0,326.5,0.0,846.6,0,0
71,15,21.46,5453,One Year,0,0,Female,1,Fiber Optic,37.653947,-118.231443,1,100.25,1,0,5,,0,0,0,1,Bank Withdrawal,1,1,1,5,1,1,0,1,46,4753.85,0,987.16,0.0,5741.01,1,0
53,12,29.66,5335,Month-to-Month,0,0,Female,1,Fiber Optic,33.713891,-116.237257,0,95.65,1,0,0,,0,0,0,0,Bank Withdrawal,1,0,0,3,0,1,1,1,8,778.1,0,237.28,0.0,1015.38,1,1
21,51,42.68,6193,Two Year,0,1,Female,1,Fiber Optic,37.257063,-121.923037,1,113.95,1,0,3,Offer B,1,1,0,1,Credit Card,1,1,1,3,0,1,1,1,62,6891.4,0,2646.16,0.0,9537.56,1,0
65,0,29.88,2269,One Year,0,0,Male,0,,37.349546,-122.134356,0,19.3,0,0,0,Offer C,0,0,0,0,Credit Card,1,0,0,5,1,0,0,0,26,504.2,0,776.88,9.49,1271.59,0,0
35,18,37.69,4016,Month-to-Month,0,1,Female,1,Fiber Optic,38.585826,-121.376263,0,98.75,1,0,0,,0,0,1,0,Bank Withdrawal,1,0,0,1,0,1,1,1,24,2407.3,0,904.56,0.0,3311.86,1,1
35,16,24.35,6468,One Year,0,0,Male,1,Fiber Optic,38.691607,-121.602284,0,92.3,1,0,0,,1,1,1,0,Bank Withdrawal,1,0,0,4,0,1,1,0,62,5731.45,0,1509.7,0.0,7241.15,1,0
76,26,0.0,3884,Month-to-Month,0,0,Female,1,DSL,39.333737,-120.858667,0,25.8,0,0,0,,0,0,1,0,Mailed Check,0,0,0,1,1,0,0,0,1,25.8,20,0.0,0.0,45.8,0,1
40,2,37.46,4703,One Year,0,0,Male,1,DSL,35.316263,-119.402559,1,66.15,1,0,3,Offer B,0,1,1,1,Credit Card,1,0,1,3,0,0,0,1,64,4392.5,0,2397.44,0.0,6789.94,1,0
55,0,3.09,4277,Month-to-Month,1,0,Female,0,,34.076259,-118.310715,1,20.15,0,1,1,Offer E,0,0,1,1,Credit Card,1,0,1,2,0,0,0,0,1,20.15,0,3.09,0.0,23.24,0,1
56,30,13.67,2125,One Year,1,1,Male,1,Cable,38.733908,-120.453416,1,78.95,1,3,2,,1,0,0,1,Credit Card,1,0,1,5,0,1,1,1,38,2862.55,0,519.46,0.0,3382.01,1,0
50,16,2.72,5774,One Year,0,0,Male,1,Fiber Optic,38.147852,-120.440124,0,93.55,1,0,0,Offer B,0,1,0,0,Bank Withdrawal,1,1,0,3,0,1,1,0,65,6069.25,30,176.8,0.0,6276.05,0,0
37,23,28.84,5647,Month-to-Month,0,0,Male,1,Fiber Optic,41.932207,-120.135941,0,68.25,0,0,0,,0,0,0,0,Bank Withdrawal,1,0,0,2,0,0,0,0,33,2171.15,0,951.72,0.0,3122.87,1,1
76,3,20.06,5028,Two Year,0,0,Male,1,Fiber Optic,39.937017,-121.058043,0,90.7,1,0,0,,1,0,0,0,Bank Withdrawal,1,0,0,4,1,1,1,0,39,3413.25,0,782.34,0.0,4195.59,1,0
40,0,8.44,5062,Two Year,0,0,Female,0,,38.304194,-120.592431,1,20.65,0,0,9,Offer B,0,0,0,1,Credit Card,1,0,1,3,0,0,0,0,41,875.55,0,346.04,0.0,1221.59,0,0
58,6,21.11,4990,Month-to-Month,0,0,Male,1,Fiber Optic,38.25485,-122.461799,0,75.6,0,0,0,,0,1,0,0,Bank Withdrawal,1,0,0,3,0,0,0,0,9,661.55,0,189.99,0.0,851.54,1,0
21,73,42.37,5020,Two Year,1,1,Male,1,Cable,38.69549,-121.307864,1,86.75,0,3,4,Offer B,1,1,1,1,Bank Withdrawal,1,1,1,3,0,1,1,1,59,5186.0,150,2499.83,0.0,7835.83,0,0
33,10,49.4,5202,Month-to-Month,0,1,Male,1,Fiber Optic,38.123544,-121.159078,0,88.35,0,0,0,Offer E,0,0,1,0,Credit Card,1,1,0,2,0,0,0,1,3,262.05,0,148.2,0.0,410.25,1,1
23,52,0.0,2308,One Year,1,1,Male,1,Cable,32.961064,-117.134917,1,40.2,0,2,7,Offer C,0,1,1,1,Bank Withdrawal,0,1,1,4,0,0,0,0,37,1525.35,0,0.0,0.0,1525.35,1,0
27,69,0.0,4133,Two Year,0,1,Male,1,DSL,34.093781,-118.381061,1,57.5,0,0,2,,1,0,1,1,Bank Withdrawal,0,1,1,4,0,1,1,1,57,3265.95,150,0.0,0.0,3415.95,0,0
72,17,8.92,4969,Month-to-Month,0,0,Male,1,Fiber Optic,33.82769,-117.102244,1,74.4,1,0,1,,0,0,1,1,Credit Card,1,0,1,3,1,0,0,0,7,527.9,0,62.44,32.46,557.88,1,1
44,0,4.71,5104,Two Year,1,0,Male,0,,34.137319,-118.029837,1,19.7,0,3,7,Offer D,0,0,0,1,Credit Card,1,0,1,4,0,0,0,0,12,258.35,0,56.52,0.0,314.87,0,0
44,0,32.22,5331,One Year,0,0,Male,0,,33.787165,-117.931889,1,24.85,1,0,7,,0,0,0,1,Bank Withdrawal,1,0,1,3,0,0,0,0,44,1013.6,0,1417.68,0.0,2431.28,0,0
27,85,29.67,4380,One Year,1,0,Male,1,Fiber Optic,36.217864,-120.080117,1,85.5,1,1,1,,1,1,1,1,Bank Withdrawal,1,0,1,3,0,0,0,0,68,5696.6,0,2017.56,0.0,7714.16,1,0
40,0,34.44,2784,Two Year,1,0,Female,0,,40.4785,-124.301372,1,20.2,0,1,5,Offer C,0,0,0,1,Credit Card,1,0,1,3,0,0,0,0,29,558.8,0,998.76,0.0,1557.56,0,0
32,53,16.09,4121,Two Year,1,0,Female,1,Fiber Optic,37.722302,-122.491129,1,103.75,1,3,6,,1,0,1,1,Credit Card,1,1,1,3,0,1,1,1,68,7039.45,0,1094.12,0.0,8133.57,1,0
45,26,6.4,2181,Month-to-Month,0,0,Male,1,Fiber Optic,34.741406,-118.38111,0,80.5,0,0,0,,0,0,1,0,Credit Card,1,0,0,2,0,0,0,1,6,463.05,10,38.4,0.0,511.45,0,1
64,30,16.58,6275,Two Year,0,1,Male,1,DSL,34.050198,-118.210946,1,85.25,1,0,9,,1,1,1,1,Bank Withdrawal,1,0,1,3,0,1,1,1,72,6083.1,0,1193.76,0.0,7276.86,1,0
45,19,5.51,4172,One Year,1,1,Male,1,Cable,39.748037,-122.302169,1,68.75,0,2,9,,1,0,1,1,Bank Withdrawal,1,1,1,3,0,0,0,1,52,3482.85,0,286.52,16.86,3752.51,1,0
54,8,20.86,5383,Month-to-Month,0,1,Male,1,Fiber Optic,32.85723,-117.209774,0,96.5,0,0,0,Offer E,0,0,0,0,Bank Withdrawal,1,0,0,3,0,1,1,1,5,492.55,0,104.3,0.0,596.85,1,1
64,5,19.72,2031,One Year,0,0,Female,1,Fiber Optic,34.024405,-117.898722,0,76.0,1,0,0,Offer D,0,0,1,0,Credit Card,1,0,0,4,0,0,0,0,22,1783.6,0,433.84,0.0,2217.44,1,0
30,48,11.74,3413,Two Year,1,1,Male,1,DSL,38.240419,-121.587535,1,90.5,1,3,10,Offer B,1,1,1,1,Mailed Check,1,1,1,3,0,1,1,1,47,4318.35,0,551.78,0.0,4870.13,1,0
40,16,36.81,3529,Month-to-Month,0,0,Female,1,Fiber Optic,34.074736,-118.145959,0,86.25,0,0,0,,1,1,1,0,Bank Withdrawal,1,1,0,2,0,0,0,0,2,181.65,0,73.62,0.0,255.27,1,1
32,22,15.03,6284,Two Year,0,1,Male,1,Cable,34.187599,-118.387125,0,75.1,0,0,0,Offer A,1,1,1,0,Bank Withdrawal,1,1,0,3,0,0,0,1,72,5336.35,0,1082.16,0.0,6418.51,1,0
67,15,10.66,2313,Month-to-Month,0,0,Male,1,Fiber Optic,34.066964,-117.937007,0,99.45,1,0,0,,1,0,1,0,Credit Card,1,0,0,1,1,1,0,1,9,919.4,0,95.94,0.0,1015.34,1,1
38,9,41.83,5763,Month-to-Month,0,0,Female,1,Fiber Optic,33.830431,-118.074071,0,100.1,1,0,0,,0,0,1,0,Bank Withdrawal,1,1,0,1,0,1,1,1,54,5440.9,0,2258.82,0.0,7699.72,1,1
67,20,38.47,4126,One Year,0,1,Female,1,Fiber Optic,33.945318,-117.992066,1,107.05,1,0,8,,0,1,1,1,Credit Card,1,0,1,3,1,1,0,1,67,7142.5,0,2577.49,0.0,9719.99,1,0
19,26,19.88,5596,One Year,0,1,Female,1,Fiber Optic,32.695681,-116.798386,1,101.75,1,0,0,,0,0,1,1,Bank Withdrawal,1,0,0,3,0,1,1,1,70,7069.3,0,1391.6,0.0,8460.9,1,0
58,21,29.24,4146,One Year,0,1,Male,1,Fiber Optic,33.603282,-117.821841,1,111.3,1,0,0,Offer A,1,1,1,1,Bank Withdrawal,1,0,0,3,0,1,1,1,67,7482.1,0,1959.08,0.0,9441.18,1,1
20,71,19.64,2807,Month-to-Month,0,0,Female,1,Fiber Optic,33.044541,-116.833922,0,94.8,0,0,0,,1,0,1,0,Credit Card,1,0,0,4,0,1,1,1,36,3565.65,0,707.04,30.26,4242.43,1,0
48,3,34.75,2062,Month-to-Month,0,0,Male,1,Fiber Optic,34.286131,-118.435969,0,76.25,1,0,0,,0,0,1,0,Bank Withdrawal,1,0,0,5,0,0,0,0,9,684.85,0,312.75,0.0,997.6,1,0
41,30,23.95,3365,One Year,0,0,Female,1,Fiber Optic,34.223244,-119.18012,1,82.05,1,0,1,Offer B,0,0,1,1,Mailed Check,1,0,1,2,0,1,1,0,48,4029.95,0,1149.6,0.0,5179.55,1,1
57,5,0.0,5375,One Year,0,0,Male,1,DSL,33.645672,-117.922613,1,51.8,0,0,2,,1,0,1,1,Bank Withdrawal,0,0,1,2,0,1,1,1,49,2541.25,50,0.0,0.0,2591.25,0,1
20,71,29.98,5668,Month-to-Month,0,0,Male,1,Fiber Optic,38.460517,-122.790335,0,72.2,1,0,0,Offer E,0,0,1,0,Bank Withdrawal,1,0,0,2,0,0,1,0,4,305.55,0,119.92,0.0,425.47,1,1
48,0,24.32,4370,Two Year,1,0,Female,0,,39.423046,-120.984472,0,19.5,0,1,0,,0,0,0,0,Credit Card,1,0,0,5,0,0,0,0,63,1215.1,0,1532.16,0.0,2747.26,0,0
53,6,23.16,4715,Month-to-Month,0,1,Male,1,DSL,40.722733,-122.109666,1,50.0,0,0,10,Offer C,0,0,1,1,Credit Card,1,0,1,4,0,0,0,0,30,1474.9,0,694.8,0.0,2169.7,1,0
50,19,12.49,2613,Month-to-Month,1,0,Male,1,DSL,33.817473,-117.810462,1,54.45,1,2,6,,0,1,1,1,Bank Withdrawal,1,0,1,4,0,0,0,0,30,1588.7,0,374.7,0.0,1963.4,1,0
39,0,9.66,5099,Month-to-Month,1,0,Female,0,,33.864622,-118.179626,1,20.65,0,1,7,,0,0,0,1,Credit Card,1,0,1,3,0,0,0,0,34,716.4,0,328.44,0.0,1044.84,0,0
41,8,40.34,4039,One Year,0,1,Female,1,Fiber Optic,38.184583,-119.286558,0,90.05,0,0,0,Offer B,0,0,1,0,Credit Card,1,1,0,3,0,0,0,1,63,5817.0,0,2541.42,0.0,8358.42,1,0
31,24,37.99,5680,Month-to-Month,0,0,Male,1,Fiber Optic,33.977468,-118.445475,0,105.35,1,0,0,,0,1,1,0,Credit Card,1,1,0,3,0,1,1,1,56,5794.45,0,2127.44,0.0,7921.89,1,0
29,0,7.57,3358,Month-to-Month,1,0,Male,0,,34.236683,-118.517588,0,20.75,0,1,0,,0,0,0,0,Credit Card,1,0,0,5,0,0,0,0,1,20.75,0,7.57,0.0,28.32,0,0
64,26,29.3,3677,Month-to-Month,0,0,Female,1,Fiber Optic,33.631119,-117.567346,0,86.3,0,0,0,,1,0,1,0,Bank Withdrawal,1,0,0,2,0,1,1,0,14,1180.95,10,410.2,0.0,1601.15,0,1
40,11,48.63,2989,Month-to-Month,0,0,Female,1,Cable,39.194539,-120.988066,0,54.4,1,0,0,,0,1,0,0,Bank Withdrawal,1,0,0,3,0,0,0,0,23,1249.25,0,1118.49,0.0,2367.74,1,0
31,24,22.41,4590,Month-to-Month,1,0,Male,1,Fiber Optic,36.657462,-119.595293,0,99.15,0,1,0,Offer B,1,0,1,0,Credit Card,1,1,0,5,0,1,1,1,64,6171.2,0,1434.24,0.0,7605.44,1,0
71,5,4.59,2040,One Year,0,0,Male,1,Fiber Optic,37.394411,-120.127262,1,94.3,1,0,1,,1,0,1,1,Bank Withdrawal,1,1,1,3,1,0,0,1,43,3953.15,0,197.37,0.0,4150.52,1,0
19,59,0.0,3108,Month-to-Month,0,0,Male,1,DSL,34.239636,-118.245259,0,30.4,0,0,0,,0,0,0,0,Bank Withdrawal,0,1,0,4,0,0,0,0,3,82.15,0,0.0,0.0,82.15,1,0
55,8,35.58,3492,Month-to-Month,0,1,Male,1,Fiber Optic,33.581045,-117.14719,0,104.8,1,0,0,,0,0,0,0,Bank Withdrawal,1,1,0,1,0,1,1,1,40,4131.95,0,1423.2,0.0,5555.15,1,1
71,5,0.0,2056,Two Year,0,0,Female,1,Cable,40.4785,-124.301372,0,46.35,0,0,0,,0,0,1,0,Bank Withdrawal,0,0,0,4,1,1,1,1,14,672.7,0,0.0,0.0,672.7,1,0
60,0,47.07,4192,Two Year,0,0,Female,0,,35.303926,-120.256567,0,20.6,0,0,0,Offer B,0,0,0,0,Credit Card,1,0,0,3,0,0,0,0,60,1093.0,0,2824.2,0.0,3917.2,0,0
75,8,33.49,6405,One Year,0,0,Female,1,Fiber Optic,36.303793,-119.375646,1,101.5,1,0,0,Offer B,1,0,1,1,Credit Card,1,0,0,2,1,1,1,1,54,5373.1,0,1808.46,0.0,7181.56,1,1
43,6,0.0,4085,Two Year,0,1,Male,1,DSL,35.303926,-120.256567,0,61.2,0,0,0,,0,1,1,0,Credit Card,0,1,0,3,0,1,1,1,72,4390.25,0,0.0,0.0,4390.25,1,0
69,0,37.09,4772,Two Year,1,0,Male,0,,37.277592,-121.986477,1,24.4,1,1,9,,0,0,1,1,Bank Withdrawal,1,0,1,3,1,0,0,0,64,1548.65,0,2373.76,0.0,3922.41,0,0
52,20,24.73,5393,Month-to-Month,0,1,Male,1,Fiber Optic,33.766476,-117.969795,0,84.3,0,0,0,Offer C,1,1,1,0,Credit Card,1,0,0,4,0,0,0,0,30,2438.6,130,741.9,0.0,3310.5,0,0
68,25,0.0,4564,Month-to-Month,0,0,Male,1,DSL,37.114335,-122.237162,1,36.5,0,0,1,Offer C,0,0,0,1,Bank Withdrawal,0,0,1,1,1,1,0,0,27,1032.0,30,0.0,0.0,1062.0,0,1
58,8,34.18,5183,Month-to-Month,0,0,Male,1,Fiber Optic,40.740138,-122.587476,0,80.55,1,0,0,,1,0,1,0,Credit Card,1,0,0,4,0,0,0,0,16,1248.9,0,546.88,0.0,1795.78,1,0
58,12,47.83,2937,Month-to-Month,0,1,Male,1,DSL,39.043387,-121.409837,0,62.05,1,0,0,Offer E,0,0,0,0,Mailed Check,1,1,0,2,0,0,0,0,1,62.05,10,47.83,0.0,119.88,0,1
69,15,30.87,2018,Month-to-Month,0,0,Male,1,Fiber Optic,32.85723,-117.209774,0,76.1,1,0,0,Offer C,0,0,1,0,Bank Withdrawal,1,0,0,2,1,0,0,0,24,1712.7,0,740.88,0.0,2453.58,1,1
67,18,30.8,5745,Month-to-Month,0,0,Male,1,Fiber Optic,39.043387,-121.409837,0,84.4,1,0,0,,0,0,1,0,Credit Card,1,0,0,2,1,1,0,0,9,732.5,0,277.2,0.0,1009.7,1,1
24,27,8.79,4276,One Year,0,1,Female,1,Cable,33.716136,-117.752574,1,58.45,0,0,8,Offer C,1,1,1,1,Credit Card,1,0,1,4,0,0,0,0,33,1955.4,0,290.07,0.0,2245.47,1,0
47,14,0.0,3463,One Year,0,1,Male,1,DSL,37.343827,-121.883119,0,35.3,0,0,0,,0,1,0,0,Credit Card,0,0,0,4,0,0,0,0,7,264.8,0,0.0,0.0,264.8,1,0
74,22,32.92,2125,One Year,0,1,Female,1,Fiber Optic,37.410567,-122.297152,0,110.8,1,0,0,,1,1,1,0,Bank Withdrawal,1,1,0,3,1,1,1,1,35,3836.3,110,1152.2,0.0,5098.5,0,0
69,5,11.63,5569,One Year,0,1,Female,1,Fiber Optic,34.312945,-118.858169,0,102.85,1,0,0,Offer A,0,0,1,0,Credit Card,1,1,0,3,1,1,0,1,66,6976.75,60,767.58,0.0,7804.33,0,0
28,0,5.02,3313,Month-to-Month,0,0,Female,0,,38.542532,-121.378826,0,19.1,0,0,0,,0,0,0,0,Mailed Check,1,0,0,5,0,0,0,0,1,19.1,0,5.02,0.0,24.12,0,0
64,21,3.47,6072,One Year,1,1,Female,1,Fiber Optic,37.971751,-122.611873,1,84.8,0,3,5,,1,1,0,1,Bank Withdrawal,1,0,1,4,0,0,0,0,67,5598.3,0,232.49,0.0,5830.79,1,0
49,0,15.87,4404,Two Year,0,0,Female,0,,34.432843,-118.730106,0,19.7,0,0,0,,0,0,0,0,Credit Card,1,0,0,5,0,0,0,0,20,406.95,0,317.4,0.0,724.35,0,0
62,27,15.59,3122,Month-to-Month,0,0,Female,1,Cable,36.52588,-121.396719,0,44.6,0,0,0,,0,0,0,0,Bank Withdrawal,1,0,0,4,0,0,0,0,3,122.7,0,46.77,0.0,169.47,1,0
43,56,31.86,5052,One Year,1,1,Male,1,DSL,36.625114,-121.823565,1,78.75,1,3,7,,0,0,1,1,Credit Card,1,1,1,4,0,1,1,1,53,3942.45,0,1688.58,0.0,5631.03,1,0
41,27,27.28,3156,Month-to-Month,0,0,Male,1,Fiber Optic,33.818,-117.974404,0,70.0,0,0,0,,0,0,1,0,Bank Withdrawal,1,0,0,1,0,0,0,0,10,740.0,0,272.8,0.0,1012.8,1,1
74,26,27.68,6442,One Year,0,1,Female,1,Fiber Optic,33.309852,-116.823091,1,100.5,1,0,3,,0,0,1,1,Credit Card,1,0,1,5,1,1,0,1,60,6029.0,0,1660.8,0.0,7689.8,1,0
79,0,4.99,4309,Two Year,0,0,Male,0,,38.749466,-121.184196,0,20.05,0,0,0,,0,0,1,0,Bank Withdrawal,1,0,0,4,1,0,0,0,64,1198.05,0,319.36,0.0,1517.41,0,0
64,8,0.0,4740,Two Year,0,1,Female,1,DSL,40.363446,-123.835041,1,56.05,0,0,2,,1,1,0,1,Credit Card,0,1,1,4,0,0,0,1,10,560.5,0,0.0,0.0,560.5,1,0
72,15,34.51,3438,Month-to-Month,0,0,Female,1,Fiber Optic,33.86532,-118.396336,0,69.6,0,0,0,Offer E,0,0,1,0,Bank Withdrawal,1,0,0,1,1,0,0,0,1,69.6,0,34.51,0.0,104.11,1,1
51,0,2.83,4535,Two Year,1,0,Female,0,,40.656287,-121.428965,0,26.0,1,3,0,Offer B,0,0,0,0,Bank Withdrawal,1,0,0,3,0,0,0,0,62,1638.7,0,175.46,0.0,1814.16,0,0
55,0,3.87,4328,Two Year,1,0,Male,0,,40.345949,-120.081187,1,20.05,0,1,4,,0,0,0,1,Credit Card,1,0,1,4,0,0,0,0,20,400.0,0,77.4,0.0,477.4,0,0
73,18,11.01,3660,Two Year,0,0,Female,1,Cable,33.902211,-117.914922,0,51.3,0,0,0,,1,0,1,0,Credit Card,1,0,0,4,1,0,0,0,7,419.35,0,77.07,0.0,496.42,1,0
66,27,27.35,3305,Month-to-Month,0,1,Female,1,Fiber Optic,33.796568,-116.924723,0,84.85,0,0,0,,0,0,1,0,Credit Card,1,0,0,1,1,0,0,1,5,415.55,20,136.75,0.0,572.3,0,1
34,23,31.68,5584,Month-to-Month,0,0,Female,1,Cable,37.974498,-121.319568,0,48.85,0,0,0,,1,0,0,0,Bank Withdrawal,1,0,0,5,0,0,0,0,15,736.8,0,475.2,0.0,1212.0,1,0
61,21,23.02,5898,Two Year,1,1,Female,1,Cable,38.584505,-121.491956,1,59.8,1,3,9,,1,0,1,1,Bank Withdrawal,1,0,1,5,0,0,0,0,54,3246.45,0,1243.08,0.0,4489.53,1,0
55,30,28.04,5075,Month-to-Month,0,0,Female,1,Fiber Optic,33.881158,-117.854783,1,78.8,0,0,1,Offer E,0,0,0,1,Bank Withdrawal,1,0,1,3,0,0,0,1,1,78.8,0,28.04,0.0,106.84,1,1
52,15,37.8,5615,Month-to-Month,0,1,Male,1,Fiber Optic,38.336216,-120.76901,1,94.7,0,0,7,,0,0,1,1,Credit Card,1,0,1,2,0,1,1,1,22,1914.9,0,831.6,0.0,2746.5,1,1
56,16,46.74,5527,Month-to-Month,0,1,Female,1,Fiber Optic,33.990646,-117.663025,0,111.1,1,0,0,,1,0,0,0,Bank Withdrawal,1,1,0,1,0,1,1,1,54,6014.85,50,2523.96,0.0,8588.81,0,1
70,7,14.48,5866,Two Year,0,1,Male,1,Fiber Optic,35.383937,-119.020428,1,105.35,0,0,2,Offer A,1,1,0,1,Credit Card,1,0,1,4,1,1,1,1,70,7511.9,0,1013.6,0.0,8525.5,1,0
38,56,42.71,5758,Month-to-Month,1,0,Female,1,DSL,33.794209,-118.317354,1,56.5,0,3,5,,1,0,0,1,Credit Card,1,1,1,2,0,0,0,0,4,235.1,0,170.84,0.0,405.94,1,1
28,41,9.79,4263,Month-to-Month,0,0,Female,1,Fiber Optic,33.890046,-117.455583,1,74.4,0,0,1,,0,1,1,1,Bank Withdrawal,1,0,1,1,0,0,0,0,2,139.4,0,19.58,0.0,158.98,1,1
52,57,0.0,2876,One Year,1,0,Female,1,DSL,34.419203,-119.710008,0,40.25,0,5,0,Offer D,1,1,0,0,Credit Card,0,1,0,3,0,0,0,0,10,411.45,30,0.0,17.96,423.49,0,0
69,4,12.86,2754,Month-to-Month,0,1,Female,1,Fiber Optic,34.245289,-117.642503,0,88.85,1,0,0,,0,0,1,0,Bank Withdrawal,1,0,0,3,1,1,0,0,4,372.45,0,51.44,0.0,423.89,1,1
56,15,4.24,6203,Two Year,0,1,Female,1,Fiber Optic,38.027218,-122.23463,1,80.3,0,0,9,Offer B,0,1,0,1,Bank Withdrawal,1,0,1,3,0,0,0,0,56,4513.65,0,237.44,0.0,4751.09,1,0
40,27,24.71,5019,One Year,1,1,Female,1,Fiber Optic,37.801776,-122.402293,1,94.4,1,2,4,Offer B,1,0,0,1,Bank Withdrawal,1,0,1,5,0,1,1,0,44,4295.35,40,1087.24,0.0,5422.59,0,0
26,71,3.27,5554,Month-to-Month,0,0,Female,1,Cable,32.886925,-117.152162,0,64.75,0,0,0,Offer C,0,0,1,0,Bank Withdrawal,1,0,0,1,0,1,1,1,37,2345.2,0,120.99,0.0,2466.19,1,1
71,23,47.66,3878,Month-to-Month,0,0,Male,1,Fiber Optic,37.171727,-122.142961,0,88.95,1,0,0,Offer C,1,0,1,0,Bank Withdrawal,1,0,0,2,1,0,0,1,25,2291.2,0,1191.5,0.0,3482.7,1,1
69,27,43.99,3475,Month-to-Month,0,0,Male,1,DSL,32.961064,-117.134917,0,49.25,0,0,0,,0,1,1,0,Bank Withdrawal,1,0,0,2,1,0,0,0,2,91.1,0,87.98,0.0,179.08,1,1
73,3,42.1,5247,Month-to-Month,0,1,Male,1,Fiber Optic,33.840399,-118.353714,1,100.6,1,0,1,Offer B,0,0,0,1,Bank Withdrawal,1,0,1,1,1,1,0,1,57,5746.15,0,2399.7,0.0,8145.85,1,1
56,0,44.05,2870,One Year,0,0,Female,0,,37.885629,-122.46858,0,19.3,0,0,0,Offer D,0,0,1,0,Bank Withdrawal,1,0,0,3,0,0,0,0,16,360.35,0,704.8,0.0,1065.15,0,0
50,24,2.52,4254,One Year,0,1,Male,1,Fiber Optic,38.375325,-121.507935,0,104.05,0,0,0,,1,0,1,0,Bank Withdrawal,1,1,0,3,0,1,1,1,69,7262.0,0,173.88,0.0,7435.88,1,1
62,11,39.72,4775,One Year,0,0,Female,1,DSL,41.10831,-121.360362,1,65.2,1,0,1,Offer B,0,1,0,1,Bank Withdrawal,1,0,1,3,0,0,0,1,56,3512.15,0,2224.32,0.0,5736.47,1,0
34,21,43.26,3074,Month-to-Month,0,1,Female,1,Fiber Optic,34.659579,-118.584212,0,94.85,1,0,0,,1,0,1,0,Bank Withdrawal,1,0,0,3,0,1,1,0,10,953.45,0,432.6,0.0,1386.05,1,1
37,13,18.31,5958,One Year,0,0,Female,1,Fiber Optic,38.067204,-122.524004,1,90.1,0,0,1,,0,0,1,1,Bank Withdrawal,1,0,1,3,0,1,1,1,28,2598.95,0,512.68,0.0,3111.63,1,1
21,0,42.11,4376,One Year,1,0,Female,0,,38.326215,-122.718742,1,19.1,0,1,8,,0,0,0,1,Credit Card,1,0,1,4,0,0,0,0,61,1143.8,0,2568.71,0.0,3712.51,0,0
42,30,0.0,2529,Month-to-Month,0,0,Male,1,DSL,41.950683,-124.097094,0,33.9,0,0,0,,0,0,1,0,Credit Card,0,0,0,1,0,1,1,0,10,298.45,0,0.0,0.0,298.45,1,1
58,0,42.46,2522,Month-to-Month,1,0,Female,0,,38.029729,-121.387999,1,20.35,0,3,9,,0,0,0,1,Credit Card,1,0,1,4,0,0,0,0,20,442.6,0,849.2,0.0,1291.8,0,0
25,69,5.49,4761,One Year,0,1,Male,1,DSL,41.813521,-121.492666,0,81.25,1,0,0,,1,1,0,0,Bank Withdrawal,1,1,0,3,0,0,0,1,64,5567.55,40,351.36,0.0,5958.91,0,0
62,24,34.02,3259,Month-to-Month,0,0,Male,1,DSL,34.174215,-118.345928,0,54.3,1,0,0,Offer E,1,0,0,0,Bank Withdrawal,1,0,0,5,0,0,0,0,1,54.3,10,34.02,0.0,98.32,0,0
28,41,43.77,5565,Month-to-Month,0,0,Male,1,DSL,33.807864,-117.923782,0,44.8,0,0,0,Offer E,0,0,1,0,Credit Card,1,0,0,4,0,0,1,0,4,176.2,0,175.08,0.0,351.28,1,0
62,7,1.72,5197,Two Year,0,1,Female,1,Cable,35.607875,-118.466318,1,93.25,1,0,2,Offer A,1,1,1,1,Bank Withdrawal,1,1,1,3,0,1,1,1,72,6688.95,0,123.84,0.0,6812.79,1,0
55,23,5.0,3206,One Year,0,1,Female,1,Cable,33.765893,-117.881533,0,64.9,0,0,0,,0,0,0,0,Credit Card,1,1,0,3,0,1,1,0,11,697.25,0,55.0,0.0,752.25,1,0
32,25,38.51,2414,Month-to-Month,0,0,Female,1,Fiber Optic,38.029729,-121.387999,0,95.15,1,0,0,Offer E,0,0,1,0,Bank Withdrawal,1,0,0,2,0,1,1,1,2,196.9,0,77.02,0.0,273.92,1,1
35,0,40.2,2928,Month-to-Month,1,0,Male,0,,38.549822,-121.266725,1,19.85,0,3,1,Offer D,0,0,1,1,Credit Card,1,0,1,4,0,0,0,0,13,252.0,0,522.6,0.0,774.6,0,0
25,52,24.33,4700,Month-to-Month,1,0,Male,1,Fiber Optic,40.331975,-121.460674,1,92.55,0,2,5,,1,0,1,1,Bank Withdrawal,1,1,1,3,0,0,0,1,53,4779.45,0,1289.49,0.0,6068.94,1,0
73,18,44.54,4414,One Year,0,0,Male,1,Fiber Optic,37.758019,-122.138678,1,93.55,0,0,10,,1,1,1,1,Bank Withdrawal,1,1,1,4,1,1,0,0,33,3055.5,0,1469.82,0.0,4525.32,1,0
48,26,12.02,5993,Two Year,0,1,Male,1,Cable,40.345949,-120.081187,1,87.1,1,0,5,,1,1,1,1,Bank Withdrawal,1,1,1,3,0,1,1,1,72,6230.1,0,865.44,0.0,7095.54,1,0
42,0,1.75,3656,One Year,0,0,Female,0,,34.051809,-118.383843,1,19.2,0,0,10,Offer C,0,0,0,1,Credit Card,1,0,1,3,0,0,0,0,26,459.6,0,45.5,0.0,505.1,0,0
66,19,13.51,2399,One Year,0,0,Male,1,Fiber Optic,34.630356,-120.032564,0,79.35,1,0,0,,1,0,1,0,Bank Withdrawal,1,0,0,4,1,0,0,0,42,3344.1,0,567.42,0.0,3911.52,1,0
44,2,42.26,4790,Month-to-Month,0,1,Female,1,Cable,33.864622,-118.179626,0,49.7,0,0,0,,0,0,0,0,Credit Card,1,0,0,5,0,0,0,0,23,1081.25,150,971.98,0.0,2203.23,0,0
41,29,12.96,2253,Month-to-Month,0,1,Female,1,DSL,32.741499,-117.127409,0,54.25,0,0,0,Offer D,0,0,0,0,Bank Withdrawal,1,1,0,4,0,0,0,0,10,583.0,0,129.6,0.0,712.6,1,0
44,51,33.01,5780,Two Year,1,1,Male,1,Fiber Optic,33.744439,-117.98588,1,110.3,1,4,10,,1,1,1,1,Bank Withdrawal,1,0,1,3,0,1,1,1,72,7966.9,0,2376.72,0.0,10343.62,1,0
50,12,31.22,5624,Month-to-Month,0,0,Female,1,DSL,33.17494,-117.242761,0,45.05,0,0,0,,0,0,1,0,Bank Withdrawal,1,0,0,4,0,0,0,0,12,523.1,0,374.64,0.0,897.74,1,0
57,30,45.35,4799,One Year,1,1,Male,1,Fiber Optic,36.245926,-118.693138,1,90.25,1,2,9,Offer B,0,0,0,1,Credit Card,1,0,1,4,0,1,1,0,64,5629.15,0,2902.4,0.0,8531.55,1,0
33,28,3.51,4415,Month-to-Month,0,1,Female,1,Fiber Optic,32.825086,-117.199424,1,102.1,1,0,1,,0,0,1,1,Credit Card,1,1,1,2,0,1,1,1,58,5885.4,100,203.58,0.0,6188.98,0,1
42,3,2.5,4212,Month-to-Month,0,0,Female,1,Fiber Optic,33.638645,-116.55783,0,105.45,1,0,0,Offer B,1,0,1,0,Bank Withdrawal,1,1,0,3,0,1,1,1,56,5916.95,0,140.0,0.0,6056.95,1,0
21,0,13.27,4067,Two Year,0,0,Female,0,,37.74441,-122.486764,1,24.85,1,0,1,Offer A,0,0,0,1,Credit Card,1,0,1,3,0,0,0,0,72,1871.85,0,955.44,0.0,2827.29,0,0
47,26,0.0,2782,Month-to-Month,0,1,Male,1,DSL,34.424926,-117.184503,0,49.2,0,0,0,Offer C,0,0,0,0,Bank Withdrawal,0,0,0,4,0,1,1,1,35,1701.65,0,0.0,0.0,1701.65,1,0
51,19,46.7,5121,One Year,0,1,Female,1,Fiber Optic,33.744119,-118.31448,0,107.75,1,0,0,Offer B,1,1,1,0,Bank Withdrawal,1,0,0,3,0,1,1,1,58,6332.75,0,2708.6,0.0,9041.35,1,0
27,82,36.69,2849,Month-to-Month,0,0,Female,1,DSL,36.784481,-121.759054,1,55.3,0,0,8,,0,0,1,1,Credit Card,1,0,1,3,0,0,0,1,1,55.3,0,36.69,0.0,91.99,1,0
30,59,46.88,3520,Month-to-Month,0,0,Male,1,Fiber Optic,32.825086,-117.199424,0,75.9,1,0,0,,0,0,1,0,Bank Withdrawal,1,0,0,2,0,0,0,0,5,357.75,0,234.4,0.0,592.15,1,1
68,21,10.53,5525,Two Year,0,0,Female,1,DSL,34.296813,-118.685703,0,48.2,0,0,0,Offer E,0,1,1,0,Bank Withdrawal,1,0,0,3,1,0,0,0,7,340.35,0,73.71,0.0,414.06,1,0
40,57,46.1,4952,Two Year,1,0,Male,1,Fiber Optic,34.127621,-117.717863,1,111.1,1,3,1,Offer B,1,1,1,1,Credit Card,1,1,1,4,0,1,1,1,59,6555.2,0,2719.9,0.0,9275.1,1,0
56,6,26.04,5050,Two Year,0,0,Female,1,Cable,39.02741,-121.614982,1,78.95,1,0,10,Offer A,1,0,1,1,Bank Withdrawal,1,1,1,5,0,1,1,1,72,5730.15,0,1874.88,0.0,7605.03,1,0
54,0,13.43,3214,Two Year,1,0,Male,0,,34.506627,-118.699048,1,19.6,0,3,1,Offer E,0,0,0,1,Credit Card,1,0,1,5,0,0,0,0,8,125.0,0,107.44,0.0,232.44,0,0
27,0,16.04,4479,Month-to-Month,0,0,Female,0,,34.110124,-119.100972,0,20.0,0,0,0,Offer E,0,0,0,0,Bank Withdrawal,1,0,0,3,0,0,0,0,7,137.6,0,112.28,0.0,249.88,0,1
30,47,0.0,4556,Two Year,0,1,Male,1,Cable,34.291273,-118.505104,1,55.45,0,0,5,Offer A,1,1,1,1,Credit Card,0,1,1,3,0,1,1,0,72,4179.2,0,0.0,0.0,4179.2,1,0
52,25,47.59,4759,One Year,0,1,Female,1,DSL,33.679659,-118.016195,1,61.95,1,0,6,,0,0,1,1,Mailed Check,1,1,1,5,0,0,0,0,17,1070.7,0,809.03,0.0,1879.73,1,0
27,52,24.83,5115,Month-to-Month,0,0,Female,1,Cable,33.362575,-117.299644,0,49.4,1,0,0,,0,0,1,0,Bank Withdrawal,1,0,0,1,0,0,1,0,2,106.55,0,49.66,0.0,156.21,1,1
42,0,30.91,5671,Month-to-Month,0,0,Male,0,,38.608405,-121.449942,0,23.15,1,0,0,,0,0,0,0,Credit Card,1,0,0,1,0,0,0,0,11,245.2,0,340.01,0.0,585.21,0,1
32,0,26.85,5219,Two Year,1,0,Female,0,,32.67117,-117.00232,1,20.15,0,1,0,,0,0,1,1,Credit Card,1,0,0,3,0,0,0,0,70,1411.2,0,1879.5,0.0,3290.7,0,0
36,10,0.0,4207,Month-to-Month,0,1,Male,1,Cable,33.973616,-118.24902,1,34.4,0,0,1,,0,1,0,1,Mailed Check,0,0,1,3,0,0,0,0,17,592.75,0,0.0,0.0,592.75,1,0
23,0,37.85,2948,Month-to-Month,1,0,Male,0,,38.736685,-121.251984,0,20.05,0,1,0,,0,0,1,0,Credit Card,1,0,0,4,0,0,0,0,3,75.45,0,113.55,0.0,189.0,0,0
42,9,6.19,6124,Two Year,0,1,Male,1,Fiber Optic,33.680302,-117.833296,1,116.25,1,0,4,,1,1,1,1,Bank Withdrawal,1,1,1,3,0,1,1,1,71,8564.75,0,439.49,0.0,9004.24,1,0
79,11,33.1,4449,One Year,0,1,Male,1,Fiber Optic,34.030578,-118.399613,1,95.5,0,0,10,Offer E,0,0,1,1,Credit Card,1,0,1,5,1,1,0,1,2,181.65,10,66.2,0.0,257.85,0,0
58,5,13.03,4975,Two Year,0,0,Female,1,DSL,36.04533,-119.532424,0,55.5,0,0,0,,1,1,0,0,Credit Card,1,0,0,4,0,0,0,0,48,2627.35,0,625.44,0.0,3252.79,1,0
37,13,24.63,3579,Month-to-Month,0,0,Female,1,Fiber Optic,35.214982,-118.59049,0,85.9,0,0,0,,1,0,1,0,Bank Withdrawal,1,0,0,3,0,1,1,0,15,1269.55,0,369.45,0.0,1639.0,1,1
72,30,11.12,2415,Month-to-Month,0,1,Male,1,Fiber Optic,32.886925,-117.152162,1,92.5,0,0,1,,1,0,1,1,Credit Card,1,1,1,1,1,0,0,1,10,934.1,100,111.2,0.0,1145.3,0,1
29,0,8.39,5423,Two Year,1,0,Female,0,,39.34128,-120.786867,1,19.8,0,2,7,Offer A,0,0,0,1,Credit Card,1,0,1,5,0,0,0,0,69,1436.95,0,578.91,0.0,2015.86,0,0
22,46,15.18,3619,Month-to-Month,0,0,Female,1,Fiber Optic,38.421458,-122.365048,0,79.1,0,0,0,,1,0,1,0,Credit Card,1,1,0,5,0,0,0,0,23,1783.75,0,349.14,0.0,2132.89,1,0
21,0,39.84,2980,Month-to-Month,0,0,Male,0,,34.048013,-118.293953,0,25.6,1,0,0,,0,0,1,0,Bank Withdrawal,1,0,0,4,0,0,0,0,35,901.25,0,1394.4,0.0,2295.65,0,0
38,7,25.81,4916,Month-to-Month,0,0,Female,1,Cable,35.279984,-120.824288,0,54.35,1,0,0,,0,0,1,0,Credit Card,1,1,0,5,0,0,0,0,2,117.05,0,51.62,0.0,168.67,1,0
53,12,0.0,5360,Month-to-Month,0,0,Male,1,DSL,35.490705,-119.286833,1,46.35,0,0,1,Offer D,0,0,0,1,Bank Withdrawal,0,0,1,3,0,1,1,1,14,667.7,0,0.0,0.0,667.7,1,1
59,0,26.47,3330,Month-to-Month,0,0,Female,0,,38.9386,-120.785514,0,20.7,0,0,0,Offer E,0,0,1,0,Mailed Check,1,0,0,5,0,0,0,0,8,137.6,0,211.76,0.0,349.36,0,0
44,0,26.37,3830,Month-to-Month,0,0,Female,0,,38.724322,-120.991237,0,20.3,0,0,0,Offer E,0,0,1,0,Mailed Check,1,0,0,3,0,0,0,0,1,20.3,0,26.37,0.0,46.67,0,1
43,13,15.94,5879,Two Year,1,1,Male,1,Fiber Optic,34.601055,-120.382917,1,114.3,1,1,1,,1,1,1,1,Credit Card,1,1,1,3,0,1,1,1,72,8058.55,0,1147.68,0.0,9206.23,1,0
28,69,34.44,4097,Month-to-Month,0,0,Male,1,Cable,34.370378,-118.504118,0,45.55,0,0,0,Offer D,0,0,1,0,Bank Withdrawal,1,0,0,1,0,0,1,0,10,402.6,0,344.4,0.0,747.0,1,1
41,25,31.73,3696,Month-to-Month,0,1,Female,1,Fiber Optic,36.600193,-120.153393,1,89.45,0,0,1,,1,0,1,1,Credit Card,1,0,1,3,0,0,0,1,16,1430.25,0,507.68,0.0,1937.93,1,1
74,6,39.12,3802,Month-to-Month,0,0,Male,1,Fiber Optic,38.394091,-122.739814,0,89.55,0,0,0,,0,0,1,0,Mailed Check,1,0,0,1,1,1,1,1,43,3856.75,0,1682.16,0.0,5538.91,1,1
32,18,11.57,6016,One Year,0,0,Male,1,Fiber Optic,33.507255,-117.029473,1,89.7,1,0,2,Offer A,1,0,1,1,Bank Withdrawal,1,0,1,3,0,0,0,1,72,6588.95,0,833.04,0.0,7421.99,1,0
74,25,46.65,2868,Two Year,0,1,Female,1,Fiber Optic,34.108833,-118.229715,0,73.85,0,0,0,,0,0,0,0,Bank Withdrawal,1,0,0,4,1,0,0,0,3,196.4,0,139.95,0.0,336.35,1,0
61,20,7.56,5948,Month-to-Month,0,1,Male,1,Fiber Optic,33.601309,-117.902304,0,101.3,0,0,0,,1,0,0,0,Credit Card,1,0,0,3,0,1,1,1,18,1794.65,0,136.08,0.0,1930.73,1,0
37,16,38.98,5666,One Year,1,1,Male,1,Fiber Optic,33.796568,-116.924723,1,105.4,1,2,0,Offer A,1,0,1,1,Bank Withdrawal,1,0,0,5,0,1,1,1,67,6989.45,0,2611.66,0.0,9601.11,1,0
57,12,0.0,4568,Month-to-Month,1,0,Female,1,DSL,38.99003,-121.114408,1,51.2,0,2,1,,0,0,0,1,Credit Card,0,1,1,3,0,1,1,1,30,1561.5,0,0.0,0.0,1561.5,1,1
37,52,8.39,5661,Two Year,1,1,Female,1,DSL,33.818,-117.974404,1,85.1,1,3,1,,0,1,1,1,Bank Withdrawal,1,1,1,3,0,1,1,1,55,4657.95,0,461.45,0.0,5119.4,1,0
24,47,29.58,5841,Two Year,0,1,Male,1,DSL,35.16207,-119.194488,0,86.7,0,0,0,,1,1,1,0,Bank Withdrawal,1,1,0,3,0,1,1,1,63,5309.5,0,1863.54,0.0,7173.04,1,0
57,5,38.21,5556,One Year,0,1,Female,1,DSL,33.90139,-118.315697,0,79.85,0,0,0,,0,1,1,0,Bank Withdrawal,1,1,0,4,0,1,1,1,41,3320.75,0,1566.61,0.0,4887.36,1,0
34,17,35.55,5477,Two Year,0,1,Male,1,DSL,38.591134,-121.161585,1,59.5,1,0,9,Offer B,1,0,0,1,Credit Card,1,0,1,5,0,0,0,0,56,3389.25,0,1990.8,0.0,5380.05,1,0
31,11,3.97,4796,Month-to-Month,0,0,Male,1,DSL,32.673483,-116.472863,0,49.8,1,0,0,,0,0,1,0,Credit Card,1,0,0,4,0,0,0,0,1,49.8,0,3.97,0.0,53.77,1,0
69,25,9.9,4389,One Year,0,1,Male,1,Fiber Optic,39.24124,-120.054765,0,110.9,1,0,0,,1,0,0,0,Credit Card,1,1,0,3,1,1,0,1,66,7432.05,0,653.4,0.0,8085.45,1,1
33,19,40.22,2563,Month-to-Month,1,0,Female,1,Fiber Optic,33.823943,-118.111335,1,80.9,0,1,7,,0,0,1,1,Bank Withdrawal,1,0,1,5,0,1,1,0,14,1152.8,0,563.08,0.0,1715.88,1,0
73,0,35.14,5443,One Year,1,0,Male,0,,38.660442,-121.346321,1,19.5,0,1,8,,0,0,0,1,Bank Withdrawal,1,0,1,3,1,0,0,0,68,1193.55,0,2389.52,0.0,3583.07,0,0
35,21,28.19,2166,Month-to-Month,0,0,Male,1,Cable,38.24458,-122.956268,0,50.25,0,0,0,,0,0,1,0,Credit Card,1,1,0,3,0,0,0,0,3,152.3,0,84.57,0.0,236.87,1,0
56,0,3.6,3428,One Year,0,0,Female,0,,36.527243,-118.594938,1,26.8,1,0,10,,0,0,1,1,Credit Card,1,0,1,5,0,0,0,0,25,733.55,0,90.0,0.0,823.55,0,0
59,13,32.5,4905,Two Year,0,0,Female,1,Fiber Optic,38.527297,-122.810044,1,97.2,0,0,6,,0,1,1,1,Bank Withdrawal,1,1,1,4,0,1,1,1,60,5611.75,0,1950.0,0.0,7561.75,1,0
43,0,44.86,4408,Two Year,0,0,Female,0,,35.478736,-115.516984,1,19.9,0,0,6,,0,0,0,1,Bank Withdrawal,1,0,1,5,0,0,0,0,57,1115.6,0,2557.02,0.0,3672.62,0,0
38,9,12.16,5928,Month-to-Month,0,1,Female,1,DSL,36.810568,-121.503022,1,81.25,0,0,4,,0,1,0,1,Bank Withdrawal,1,1,1,3,0,1,1,1,7,580.1,0,85.12,47.36,617.86,1,0
75,29,40.45,5906,Month-to-Month,0,1,Male,1,Fiber Optic,37.871416,-122.246597,0,100.6,1,0,0,Offer E,0,0,1,0,Bank Withdrawal,1,0,0,1,1,1,0,1,8,819.4,0,323.6,0.0,1143.0,1,1
26,59,5.16,3722,Month-to-Month,0,1,Female,1,Fiber Optic,38.25485,-122.461799,0,99.95,0,0,0,,0,0,1,0,Mailed Check,1,1,0,2,0,1,1,1,6,547.65,0,30.96,0.0,578.61,1,1
77,17,35.11,4412,One Year,0,1,Female,1,Fiber Optic,34.099869,-118.326843,1,104.4,1,0,1,,1,0,1,1,Credit Card,1,0,1,1,1,1,0,1,61,6405.0,0,2141.71,0.0,8546.71,1,1
65,3,34.66,2016,Month-to-Month,0,1,Male,1,Fiber Optic,38.759751,-121.288545,1,101.95,1,0,2,,0,0,1,1,Bank Withdrawal,1,0,1,1,1,1,1,1,7,700.85,0,242.62,0.0,943.47,1,1
67,25,16.82,5092,Two Year,1,1,Male,1,Fiber Optic,41.081847,-122.700545,1,104.1,0,2,4,,0,1,1,1,Credit Card,1,1,1,3,1,1,0,1,72,7447.7,40,1211.04,0.0,8698.74,0,0
19,59,4.19,2721,Month-to-Month,1,1,Female,1,Fiber Optic,34.122671,-118.112911,1,105.35,1,3,6,Offer D,1,0,1,1,Bank Withdrawal,1,0,1,3,0,1,1,1,15,1559.25,0,62.85,0.0,1622.1,1,0
62,0,41.93,2878,Month-to-Month,0,0,Female,0,,39.913777,-122.289984,0,19.65,0,0,0,,0,0,1,0,Credit Card,1,0,0,3,0,0,0,0,5,92.05,0,209.65,0.0,301.7,0,0
74,10,14.78,3155,Two Year,0,0,Male,1,DSL,33.766004,-117.786763,0,59.6,1,0,0,,1,0,0,0,Bank Withdrawal,1,1,0,3,1,0,0,0,47,2754.0,0,694.66,0.0,3448.66,1,0
19,51,40.32,2626,Month-to-Month,0,0,Female,1,Cable,34.757783,-117.33997,0,44.95,0,0,0,,0,0,0,0,Bank Withdrawal,1,0,0,5,0,0,0,0,46,2168.9,0,1854.72,0.0,4023.62,1,0
79,6,5.14,6161,One Year,0,1,Male,1,DSL,38.784329,-121.373245,0,65.25,0,0,0,Offer B,0,0,0,0,Bank Withdrawal,1,1,0,4,1,1,0,0,54,3529.95,0,277.56,33.07,3774.44,1,0
53,0,16.72,4451,One Year,0,0,Female,0,,34.147149,-118.463365,0,19.35,0,0,0,Offer D,0,0,1,0,Bank Withdrawal,1,0,0,5,0,0,0,0,12,219.35,0,200.64,0.0,419.99,0,0
61,0,22.97,4204,Month-to-Month,0,0,Male,0,,37.529656,-120.854357,0,20.05,0,0,0,,0,0,0,0,Credit Card,1,0,0,3,0,0,0,0,18,358.5,0,413.46,0.0,771.96,0,0
34,0,26.11,3971,One Year,0,0,Male,0,,40.367964,-122.937379,1,20.55,0,0,6,,0,0,1,1,Credit Card,1,0,1,5,0,0,0,0,11,184.95,0,287.21,0.0,472.16,0,0
50,25,22.86,4154,Month-to-Month,0,0,Male,1,Fiber Optic,33.940619,-117.9513,0,69.8,0,0,0,,0,0,1,0,Bank Withdrawal,1,0,0,2,0,0,0,0,1,69.8,10,22.86,0.0,102.66,0,1
73,21,6.25,2233,Month-to-Month,0,0,Male,1,Fiber Optic,37.161544,-121.649371,1,94.45,1,0,1,,0,0,1,1,Bank Withdrawal,1,0,1,1,1,1,0,1,29,2653.65,0,181.25,0.0,2834.9,1,1
61,21,48.69,3142,Month-to-Month,0,1,Male,1,Fiber Optic,38.922812,-121.312005,1,104.1,1,0,2,Offer B,1,0,1,1,Bank Withdrawal,1,0,1,5,0,1,1,1,47,5135.15,0,2288.43,0.0,7423.58,1,0
52,8,44.67,6043,Month-to-Month,0,0,Male,1,Fiber Optic,37.550074,-118.837167,0,80.65,1,0,0,,0,0,0,0,Bank Withdrawal,1,1,0,5,0,0,0,0,58,4807.35,0,2590.86,0.0,7398.21,1,0
21,73,36.05,4842,Month-to-Month,0,1,Male,1,Fiber Optic,33.907361,-117.109972,0,106.45,1,0,0,Offer B,0,1,1,0,Bank Withdrawal,1,0,0,3,0,1,1,1,61,6300.15,0,2199.05,0.0,8499.2,1,0
47,7,0.0,2510,Month-to-Month,0,1,Female,1,DSL,35.511833,-120.918713,0,50.35,0,0,0,,0,0,1,0,Credit Card,0,0,0,5,0,1,1,1,26,1277.5,0,0.0,0.0,1277.5,1,0
47,19,24.08,4004,Two Year,1,1,Male,1,Fiber Optic,38.018065,-122.546024,1,111.95,0,1,9,,1,1,0,1,Bank Withdrawal,1,1,1,3,0,1,1,1,72,8033.1,0,1733.76,0.0,9766.86,1,0
38,4,11.3,5640,Month-to-Month,0,0,Male,1,Fiber Optic,38.431407,-120.8421,1,79.95,0,0,1,,0,0,1,1,Bank Withdrawal,1,0,1,1,0,0,0,1,10,857.2,0,113.0,0.0,970.2,1,1
28,0,42.49,5267,Two Year,1,0,Female,0,,37.672906,-120.946594,1,20.2,0,2,5,,0,0,0,1,Bank Withdrawal,1,0,1,5,0,0,0,0,69,1412.65,0,2931.81,0.0,4344.46,0,0
32,26,17.87,5590,Month-to-Month,0,0,Female,1,Cable,38.093701,-122.276589,0,66.1,1,0,0,,0,1,1,0,Bank Withdrawal,1,0,0,3,0,1,1,0,29,1912.15,0,518.23,0.0,2430.38,1,0
41,28,31.09,5123,Month-to-Month,1,1,Female,1,Fiber Optic,39.607831,-121.777959,1,98.15,1,1,6,,1,1,0,1,Bank Withdrawal,1,0,1,4,0,1,1,0,52,4993.4,0,1616.68,0.0,6610.08,1,0
50,0,15.04,5409,Two Year,1,0,Female,0,,40.796621,-124.15428,1,25.0,1,2,1,,0,0,0,1,Credit Card,1,0,1,4,0,0,0,0,11,300.7,0,165.44,0.0,466.14,0,0
24,26,32.93,5037,One Year,0,0,Male,1,DSL,33.734933,-117.044145,1,70.15,1,0,5,,1,0,1,1,Credit Card,1,1,1,4,0,1,1,0,64,4480.7,0,2107.52,0.0,6588.22,1,0
51,3,22.56,2876,Month-to-Month,0,0,Female,1,Cable,37.424655,-121.74841,0,50.65,1,0,0,Offer E,0,0,1,0,Mailed Check,1,0,0,1,0,0,0,0,3,151.3,0,67.68,0.0,218.98,1,1
27,59,14.96,2010,Month-to-Month,1,0,Male,1,Fiber Optic,34.114772,-118.089431,0,73.75,1,1,0,Offer D,0,0,1,0,Credit Card,1,0,0,3,0,0,1,0,12,871.4,0,179.52,0.0,1050.92,1,1
35,16,40.35,4780,Two Year,1,0,Female,1,Fiber Optic,37.027663,-119.69056,1,106.7,1,2,3,Offer A,0,1,0,1,Credit Card,1,1,1,3,0,1,1,1,67,7009.5,0,2703.45,0.0,9712.95,1,0
46,7,36.65,4669,One Year,0,0,Female,1,DSL,33.720359,-117.733655,1,70.1,0,0,1,Offer B,0,1,1,1,Bank Withdrawal,1,0,1,1,0,1,1,1,57,3913.3,0,2089.05,0.0,6002.35,1,1
56,22,6.99,3347,Month-to-Month,0,1,Male,1,Fiber Optic,39.227434,-120.091806,1,90.35,0,0,4,,0,0,1,1,Bank Withdrawal,1,1,1,3,0,1,1,0,37,3419.3,150,258.63,0.0,3827.93,0,0
63,0,29.1,4840,Month-to-Month,1,0,Male,0,,38.274451,-121.259201,0,19.85,0,2,0,,0,0,0,0,Credit Card,1,0,0,3,0,0,0,0,1,19.85,0,29.1,0.0,48.95,0,0
22,27,31.03,2318,Month-to-Month,0,0,Female,1,Fiber Optic,34.061918,-118.277939,0,85.45,1,0,0,,0,0,1,0,Credit Card,1,0,0,1,0,1,1,0,1,85.45,0,31.03,0.0,116.48,1,1
80,20,4.14,5397,Month-to-Month,0,0,Female,1,Fiber Optic,34.321621,-118.399841,0,85.7,0,0,0,,1,1,1,0,Bank Withdrawal,1,1,0,4,1,0,0,0,45,3778.1,50,186.3,0.0,4014.4,0,0
51,13,24.95,4700,Two Year,1,1,Male,1,Fiber Optic,34.037037,-118.705803,1,114.45,1,1,0,Offer A,1,1,0,1,Bank Withdrawal,1,1,0,3,0,1,1,1,72,8100.55,0,1796.4,0.0,9896.95,1,0
49,24,0.0,5671,Two Year,1,1,Male,1,Cable,38.731771,-123.064272,1,53.7,0,2,2,Offer D,1,1,0,1,Credit Card,0,1,1,3,0,1,1,0,10,521.0,0,0.0,22.97,498.03,1,0
40,0,13.85,3075,Month-to-Month,0,0,Male,0,,33.570023,-117.773669,0,19.65,0,0,0,Offer E,0,0,1,0,Bank Withdrawal,1,0,0,3,0,0,0,0,1,19.65,0,13.85,0.0,33.5,0,0
64,26,37.68,3463,Month-to-Month,1,0,Male,1,Fiber Optic,32.698964,-115.886656,1,70.65,0,2,1,,0,0,1,1,Credit Card,1,0,1,1,0,0,0,0,1,70.65,0,37.68,0.0,108.33,1,1
74,16,41.8,4438,Two Year,0,1,Female,1,Fiber Optic,41.572813,-124.035011,0,89.6,1,0,0,Offer B,0,0,1,0,Bank Withdrawal,1,0,0,4,1,1,1,0,63,5538.8,0,2633.4,0.0,8172.2,1,0
27,0,12.39,4905,Month-to-Month,0,0,Female,0,,37.458367,-119.345011,0,20.9,0,0,0,,0,0,1,0,Credit Card,1,0,0,5,0,0,0,0,10,247.0,0,123.9,0.0,370.9,0,0
35,14,0.0,5463,Month-to-Month,0,1,Female,1,DSL,34.072945,-118.37267,0,29.75,0,0,0,Offer C,0,0,1,0,Credit Card,0,0,0,5,0,0,0,0,28,790.7,0,0.0,0.0,790.7,1,0
60,0,1.69,4193,Two Year,0,0,Male,0,,37.84551,-122.235181,0,20.65,0,0,0,,0,0,0,0,Bank Withdrawal,1,0,0,5,0,0,0,0,57,1125.6,0,96.33,0.0,1221.93,0,0
36,18,34.62,5570,One Year,1,0,Male,1,Fiber Optic,33.215251,-116.53633,1,101.05,1,1,10,Offer A,1,0,1,1,Credit Card,1,0,1,4,0,1,1,1,68,6770.5,0,2354.16,0.0,9124.66,1,0
32,30,39.52,3817,One Year,0,0,Male,1,Fiber Optic,33.88151,-118.234451,1,78.9,1,0,8,Offer B,1,0,1,1,Bank Withdrawal,1,0,1,5,0,0,0,0,47,3650.35,0,1857.44,0.0,5507.79,1,0
33,20,34.76,4668,Two Year,0,1,Female,1,Cable,34.702766,-116.093376,0,66.5,0,0,0,,0,0,0,0,Credit Card,1,1,0,5,0,1,1,0,42,2762.75,0,1459.92,0.0,4222.67,1,0
52,19,0.0,5100,Month-to-Month,1,0,Female,1,DSL,32.67102,-117.095235,1,34.25,0,2,9,,1,0,0,1,Bank Withdrawal,0,1,1,5,0,0,0,0,5,163.55,0,0.0,0.0,163.55,1,0
52,0,49.95,4295,Two Year,1,0,Male,0,,33.012751,-117.200617,0,25.0,1,3,0,,0,0,0,0,Credit Card,1,0,0,4,0,0,0,0,39,1004.35,0,1948.05,0.0,2952.4,0,0
67,25,17.62,2491,One Year,0,0,Female,1,Fiber Optic,37.786031,-122.437301,0,75.4,0,0,0,,0,1,1,0,Bank Withdrawal,1,0,0,4,1,0,0,0,23,1643.55,80,405.26,0.0,2128.81,0,0
31,22,25.75,4718,Month-to-Month,0,0,Female,1,Fiber Optic,34.291273,-118.505104,1,73.2,0,0,1,Offer D,0,1,1,1,Bank Withdrawal,1,0,1,2,0,0,0,0,19,1441.1,0,489.25,0.0,1930.35,1,1
37,23,20.45,5075,Two Year,0,1,Female,1,Cable,35.339796,-119.023552,0,67.4,0,0,0,,1,1,0,0,Bank Withdrawal,1,1,0,3,0,0,0,0,49,3306.85,0,1002.05,0.0,4308.9,1,0
53,0,2.32,3523,Two Year,0,0,Female,0,,34.063947,-118.383001,0,19.85,0,0,0,,0,0,1,0,Credit Card,1,0,0,5,0,0,0,0,41,810.45,0,95.12,0.0,905.57,0,0
52,10,24.57,3880,Month-to-Month,0,0,Female,1,Cable,33.645672,-117.922613,0,58.95,1,0,0,Offer D,0,0,1,0,Credit Card,1,0,0,4,0,1,1,0,11,601.6,70,270.27,0.0,941.87,0,0
54,4,22.56,2576,Month-to-Month,0,0,Male,1,Cable,36.902954,-120.194274,1,101.3,1,0,1,Offer B,1,0,1,1,Bank Withdrawal,1,0,1,1,0,1,1,1,40,4113.1,0,902.4,0.0,5015.5,1,1
39,24,27.99,6424,Two Year,0,1,Female,1,Fiber Optic,33.723579,-118.005441,1,109.45,1,0,1,Offer B,1,1,1,1,Bank Withdrawal,1,0,1,1,0,1,1,1,58,6144.55,0,1623.42,0.0,7767.97,1,1
37,13,34.89,3422,Month-to-Month,0,0,Female,1,Cable,33.994676,-117.372498,0,44.75,0,0,0,,0,0,0,0,Credit Card,1,0,0,5,0,0,0,0,3,148.05,10,104.67,0.0,262.72,0,0
20,48,40.99,5277,Month-to-Month,0,0,Female,1,Cable,34.144703,-117.770299,0,64.6,1,0,0,,0,0,0,0,Bank Withdrawal,1,1,0,5,0,0,0,1,3,174.2,0,122.97,0.0,297.17,1,0
35,30,43.57,4053,One Year,0,1,Male,1,DSL,40.557314,-124.081662,1,65.85,0,0,4,Offer B,1,1,1,1,Bank Withdrawal,1,1,1,3,0,0,0,0,60,3928.3,0,2614.2,0.0,6542.5,1,0
51,75,48.73,5903,Month-to-Month,1,1,Female,1,Fiber Optic,34.341737,-116.539416,1,75.3,0,3,6,Offer D,0,0,1,1,Credit Card,1,0,1,5,0,0,0,0,23,1702.9,0,1120.79,0.0,2823.69,1,0
65,0,30.14,2154,One Year,0,0,Male,0,,37.140104,-119.657092,0,20.05,0,0,0,Offer E,0,0,0,0,Bank Withdrawal,1,0,0,5,1,0,0,0,5,94.15,0,150.7,0.0,244.85,0,0
32,26,0.0,5453,Two Year,1,0,Female,1,Cable,38.166791,-121.14207,1,48.7,0,2,6,Offer B,1,1,0,1,Bank Withdrawal,0,1,1,3,0,0,0,1,62,3008.55,120,0.0,0.0,3128.55,0,0
79,21,6.59,5285,One Year,0,1,Male,1,Fiber Optic,38.598936,-120.963092,0,101.45,0,0,0,Offer C,1,0,1,0,Bank Withdrawal,1,0,0,4,1,1,0,1,29,2948.6,60,191.11,0.0,3199.71,0,0
67,21,18.67,5264,Two Year,0,1,Female,1,DSL,37.449551,-122.183762,1,92.2,1,0,1,Offer A,1,1,1,1,Bank Withdrawal,1,1,1,4,1,1,1,1,70,6474.45,0,1306.9,0.0,7781.35,1,0
65,26,16.04,3856,One Year,0,1,Female,1,DSL,40.524535,-122.647172,0,69.1,1,0,0,,0,0,1,0,Credit Card,1,1,0,3,1,1,1,0,46,3255.35,0,737.84,0.0,3993.19,1,0
42,27,37.2,4283,Month-to-Month,0,1,Female,1,Fiber Optic,37.441931,-121.878502,1,103.95,1,0,1,,1,0,1,1,Bank Withdrawal,1,0,1,2,0,1,1,1,69,7446.9,0,2566.8,0.0,10013.7,1,1
45,28,38.81,5737,Month-to-Month,0,1,Female,1,Fiber Optic,40.689243,-122.037023,1,83.8,0,0,0,,1,0,0,1,Bank Withdrawal,1,1,0,1,0,0,0,0,23,1900.25,0,892.63,0.0,2792.88,1,1
48,0,11.18,5063,Two Year,0,0,Female,0,,38.681651,-122.130569,1,25.6,1,0,3,,0,0,0,1,Credit Card,1,0,1,5,0,0,0,0,71,1888.25,0,793.78,0.0,2682.03,0,0
24,30,48.64,4013,Month-to-Month,0,0,Male,1,Fiber Optic,37.858898,-122.240512,1,74.65,1,0,8,,0,0,1,1,Bank Withdrawal,1,0,1,1,0,0,0,0,4,301.4,0,194.56,0.0,495.96,1,1
42,14,13.04,5042,One Year,0,1,Male,1,DSL,39.69676,-121.644379,0,67.45,1,0,0,Offer C,1,1,0,0,Bank Withdrawal,1,1,0,3,0,0,0,0,37,2443.3,0,482.48,0.0,2925.78,1,0
30,69,10.11,4584,Month-to-Month,0,0,Female,1,Fiber Optic,36.807595,-118.901544,0,89.35,0,0,0,Offer E,1,0,1,0,Bank Withdrawal,1,1,0,3,0,1,1,0,5,461.7,0,50.55,0.0,512.25,1,1
55,13,25.14,4676,Two Year,0,0,Female,1,Fiber Optic,39.172777,-121.805845,1,94.35,1,0,1,Offer B,1,0,1,1,Bank Withdrawal,1,1,1,5,0,1,1,0,61,5703.0,0,1533.54,29.88,7206.66,1,0
30,82,15.06,5049,Month-to-Month,0,1,Female,1,Fiber Optic,37.680844,-122.48131,1,101.35,1,0,10,Offer B,0,0,1,1,Bank Withdrawal,1,0,1,5,0,1,1,1,62,6164.7,0,933.72,0.0,7098.42,1,0
32,0,9.19,3396,One Year,0,0,Female,0,,38.71967,-121.862416,0,19.95,0,0,0,,0,0,0,0,Mailed Check,1,0,0,3,0,0,0,0,48,936.7,0,441.12,0.0,1377.82,0,0
43,23,39.81,4739,Month-to-Month,0,0,Female,1,Fiber Optic,34.312945,-118.858169,0,70.9,0,0,0,Offer E,0,0,0,0,Mailed Check,1,0,0,1,0,0,0,0,1,70.9,0,39.81,0.0,110.71,1,1
42,2,34.98,5827,One Year,0,0,Male,1,Cable,33.345825,-115.596574,0,65.4,0,0,0,Offer B,0,1,0,0,Bank Withdrawal,1,1,0,3,0,0,0,1,44,2774.55,0,1539.12,0.0,4313.67,1,0
64,0,8.54,2847,Month-to-Month,0,0,Male,0,,40.053684,-120.743116,0,19.6,0,0,0,Offer D,0,0,0,0,Credit Card,1,0,0,4,0,0,0,0,14,300.4,0,119.56,0.0,419.96,0,0
33,0,15.73,4075,Month-to-Month,1,0,Male,0,,34.422519,-118.420717,1,20.95,0,2,1,,0,0,0,1,Bank Withdrawal,1,0,1,3,0,0,0,0,11,267.35,0,173.03,18.17,422.21,0,0
78,21,17.51,4138,Month-to-Month,0,0,Male,1,Fiber Optic,37.924014,-122.511694,1,80.3,1,0,1,,0,1,1,1,Bank Withdrawal,1,0,1,1,1,0,0,0,1,80.3,0,17.51,0.0,97.81,1,1
24,0,27.75,5366,Two Year,1,0,Female,0,,34.150354,-118.518292,1,19.4,0,2,8,,0,0,0,1,Credit Card,1,0,1,5,0,0,0,0,55,1083.0,0,1526.25,0.0,2609.25,0,0
20,0,27.88,3625,Month-to-Month,0,0,Male,0,,37.023669,-121.946461,0,19.65,0,0,0,,0,0,0,0,Bank Withdrawal,1,0,0,3,0,0,0,0,1,19.65,0,27.88,0.0,47.53,0,0
75,9,0.0,5693,Two Year,0,1,Female,1,Cable,41.769709,-121.92063,0,53.5,0,0,0,Offer B,1,0,1,0,Bank Withdrawal,0,0,0,3,1,1,0,1,65,3517.9,0,0.0,0.0,3517.9,1,0
56,0,48.75,5154,Two Year,1,0,Female,0,,39.937017,-121.058043,1,19.25,0,1,2,Offer A,0,0,1,1,Bank Withdrawal,1,0,1,4,0,0,0,0,67,1372.9,0,3266.25,0.0,4639.15,0,0
55,28,29.52,4093,Month-to-Month,0,0,Male,1,Fiber Optic,38.833554,-121.498102,0,78.95,0,0,0,Offer E,1,1,1,0,Bank Withdrawal,1,0,0,3,0,0,0,0,6,494.95,0,177.12,0.0,672.07,1,0
42,0,48.61,2607,One Year,0,0,Male,0,,33.28156,-115.955541,0,19.35,0,0,0,,0,0,0,0,Bank Withdrawal,1,0,0,3,0,0,0,0,39,779.2,0,1895.79,0.0,2674.99,0,0
39,20,49.41,4889,Month-to-Month,0,1,Male,1,Fiber Optic,36.618337,-121.926417,1,91.45,1,0,0,,0,0,1,1,Bank Withdrawal,1,0,0,5,0,0,0,1,2,171.45,10,98.82,0.0,280.27,0,0
49,25,1.36,2414,Month-to-Month,0,0,Male,1,Fiber Optic,34.079934,-118.046695,0,85.25,1,0,0,Offer D,0,0,1,0,Bank Withdrawal,1,0,0,2,0,0,0,1,20,1734.5,0,27.2,0.0,1761.7,1,1
37,4,3.84,4806,Month-to-Month,0,1,Female,1,Fiber Optic,37.746699,-122.442833,0,81.15,0,0,0,,1,0,1,0,Bank Withdrawal,1,0,0,1,0,0,0,0,13,952.3,0,49.92,0.0,1002.22,1,1
48,16,15.07,5246,Month-to-Month,0,0,Female,1,Cable,39.732767,-122.042298,0,46.0,0,0,0,,0,0,1,0,Mailed Check,1,0,0,1,0,0,0,0,4,193.6,0,60.28,0.0,253.88,1,1
58,9,15.6,4345,Month-to-Month,0,0,Male,1,Fiber Optic,34.079934,-118.046695,0,92.0,0,0,0,Offer E,0,0,1,0,Bank Withdrawal,1,0,0,3,0,1,1,1,3,266.8,0,46.8,0.0,313.6,1,0
58,15,32.13,5082,Month-to-Month,0,0,Female,1,Fiber Optic,37.803883,-122.208417,0,79.55,0,0,0,,0,0,0,0,Bank Withdrawal,1,0,0,2,0,0,0,1,1,79.55,10,32.13,0.0,121.68,0,1
37,16,0.0,4375,One Year,1,1,Female,1,Cable,41.017282,-121.468945,1,35.4,0,2,1,Offer B,0,1,0,1,Credit Card,0,0,1,4,0,0,0,0,41,1412.4,0,0.0,0.0,1412.4,1,0
61,6,10.36,2185,Month-to-Month,0,1,Male,1,DSL,34.19829,-118.602203,0,75.95,0,0,0,,0,1,1,0,Bank Withdrawal,1,0,0,4,0,1,1,1,45,3273.8,0,466.2,0.0,3740.0,1,0
32,52,28.64,5735,Two Year,1,0,Female,1,Fiber Optic,38.419525,-122.521585,1,101.15,1,3,4,,0,1,1,1,Bank Withdrawal,1,0,1,3,0,1,1,1,62,6638.35,30,1775.68,0.0,8444.03,0,0
63,20,44.36,3653,Month-to-Month,0,1,Male,1,Fiber Optic,33.653338,-117.178271,0,86.05,0,0,0,,0,0,0,0,Bank Withdrawal,1,0,0,5,0,1,1,0,4,308.1,0,177.44,0.0,485.54,1,0
19,52,38.81,4056,Month-to-Month,0,0,Female,1,Fiber Optic,40.310119,-123.909449,0,70.7,0,0,0,,0,0,1,0,Credit Card,1,0,0,3,0,0,1,0,1,70.7,0,38.81,0.0,109.51,1,0
43,0,33.92,5555,Month-to-Month,0,0,Female,0,,36.618337,-121.926417,0,20.05,0,0,0,Offer D,0,0,1,0,Credit Card,1,0,0,5,0,0,0,0,22,470.2,0,746.24,0.0,1216.44,0,0
74,11,0.0,5322,One Year,0,1,Male,1,Cable,33.832799,-116.250973,0,54.6,0,0,0,Offer C,0,0,1,0,Bank Withdrawal,0,1,0,4,1,1,0,1,33,1803.7,0,0.0,0.0,1803.7,1,0
73,0,14.69,6388,Two Year,0,0,Male,0,,38.349195,-121.902943,0,25.1,1,0,0,,0,0,0,0,Credit Card,1,0,0,3,1,0,0,0,67,1672.15,0,984.23,0.0,2656.38,0,0
39,0,6.75,4118,Two Year,0,0,Female,0,,40.267158,-123.805913,0,25.45,1,0,0,Offer A,0,0,0,0,Credit Card,1,0,0,4,0,0,0,0,72,1866.45,0,486.0,0.0,2352.45,0,0
21,82,38.32,2893,Month-to-Month,0,0,Male,1,Fiber Optic,33.787796,-117.875928,0,74.55,0,0,0,,0,0,1,0,Credit Card,1,1,0,3,0,0,0,0,16,1170.5,0,613.12,0.0,1783.62,1,0
71,2,49.75,5720,One Year,0,1,Female,1,Fiber Optic,34.227846,-119.079903,0,109.8,1,0,0,,1,1,1,0,Credit Card,1,0,0,3,1,1,0,1,44,4860.35,0,2189.0,0.0,7049.35,1,0
72,8,12.98,3583,Two Year,0,0,Male,1,Fiber Optic,37.007238,-119.505661,1,71.55,0,0,2,,0,0,0,1,Credit Card,1,0,1,3,1,0,0,0,34,2427.35,0,441.32,0.0,2868.67,1,0
31,8,0.0,4476,Month-to-Month,0,0,Female,1,DSL,33.954017,-118.402447,0,34.7,0,0,0,Offer E,0,0,1,0,Bank Withdrawal,0,0,0,3,0,0,0,1,1,34.7,0,0.0,0.0,34.7,1,1
59,0,49.74,5403,Month-to-Month,0,0,Male,0,,36.618337,-121.926417,0,18.95,0,0,0,Offer E,0,0,1,0,Credit Card,1,0,0,3,0,0,0,0,9,185.6,0,447.66,0.0,633.26,0,1
73,19,17.19,3167,Month-to-Month,0,0,Female,1,DSL,37.83726,-122.287648,0,55.0,1,0,0,Offer D,0,0,0,0,Credit Card,1,1,0,1,1,0,0,0,15,757.1,0,257.85,0.0,1014.95,1,1
29,0,43.57,5160,One Year,0,0,Male,0,,33.964131,-118.272783,1,18.8,0,0,9,,0,0,0,1,Mailed Check,1,0,1,3,0,0,0,0,1,18.8,0,43.57,0.0,62.37,0,0
63,28,14.34,3336,Month-to-Month,0,0,Female,1,Fiber Optic,34.084909,-117.258107,1,86.15,1,0,1,,0,0,0,1,Credit Card,1,0,1,2,0,1,1,0,33,2745.7,0,473.22,0.0,3218.92,1,1
20,59,46.68,3161,One Year,0,0,Female,1,DSL,32.759327,-116.99726,0,55.15,0,0,0,Offer D,0,1,0,0,Credit Card,1,1,0,4,0,0,1,0,13,742.9,0,606.84,0.0,1349.74,1,0
52,0,25.86,6186,Two Year,1,0,Female,0,,38.982373,-122.047751,1,20.5,0,2,10,,0,0,0,1,Credit Card,1,0,1,4,0,0,0,0,58,1191.4,0,1499.88,36.92,2654.36,0,0
53,18,3.2,2613,Month-to-Month,0,0,Female,1,Cable,33.783047,-118.1486,1,58.6,0,0,8,,1,0,1,1,Bank Withdrawal,1,0,1,4,0,0,0,1,47,2723.4,0,150.4,0.0,2873.8,1,0
77,2,5.51,4240,Two Year,0,0,Male,1,Fiber Optic,39.955164,-122.018567,1,84.8,0,0,7,,1,1,1,1,Credit Card,1,1,1,4,1,0,0,0,72,6141.65,0,396.72,0.0,6538.37,1,0
30,42,23.92,4803,Two Year,0,1,Female,1,Fiber Optic,33.143826,-115.497485,0,110.5,1,0,0,Offer A,1,0,1,0,Bank Withdrawal,1,1,0,4,0,1,1,1,69,7455.45,0,1650.48,0.0,9105.93,1,0
73,24,5.57,4522,Month-to-Month,0,1,Male,1,Cable,38.049292,-122.228415,0,66.4,0,0,0,,0,1,0,0,Bank Withdrawal,1,0,0,1,1,0,0,1,2,94.55,0,11.14,0.0,105.69,1,1
77,16,14.87,4270,One Year,0,1,Male,1,Fiber Optic,39.423046,-120.984472,1,80.3,0,0,5,,0,1,0,1,Credit Card,1,0,1,3,1,0,0,0,64,5017.7,0,951.68,0.0,5969.38,1,0
52,0,14.17,3448,Month-to-Month,0,0,Male,0,,32.85723,-117.209774,0,19.6,0,0,0,Offer E,0,0,1,0,Credit Card,1,0,0,1,0,0,0,0,1,19.6,0,14.17,0.0,33.77,0,1
57,20,37.25,2152,Month-to-Month,0,0,Female,1,DSL,35.916943,-120.129921,1,56.15,0,0,3,,0,0,0,1,Bank Withdrawal,1,0,1,2,0,0,0,1,43,2499.3,0,1601.75,0.0,4101.05,1,1
19,0,9.51,4579,Two Year,1,0,Female,0,,38.468893,-122.580539,1,19.5,0,2,1,,0,0,0,1,Credit Card,1,0,1,4,0,0,0,0,59,1222.65,0,561.09,0.0,1783.74,0,0
28,73,32.76,3916,Month-to-Month,0,1,Male,1,Fiber Optic,37.901371,-122.572024,0,98.7,0,0,0,Offer E,0,0,1,0,Bank Withdrawal,1,1,0,3,0,1,1,1,3,293.65,0,98.28,0.0,391.93,1,1
57,10,27.41,3839,Month-to-Month,0,0,Male,1,DSL,38.733714,-120.795213,1,55.05,1,0,6,,0,1,1,1,Mailed Check,1,0,1,5,0,0,0,0,37,2030.75,0,1014.17,0.0,3044.92,1,0
52,12,24.53,5781,Two Year,0,1,Male,1,Fiber Optic,33.991782,-118.479229,0,100.9,1,0,0,Offer A,1,0,1,0,Bank Withdrawal,1,0,0,3,0,1,1,1,72,7459.05,0,1766.16,0.0,9225.21,1,0
67,27,30.63,2709,Month-to-Month,0,1,Female,1,Fiber Optic,37.394411,-120.127262,1,98.1,1,0,1,Offer D,1,0,1,1,Bank Withdrawal,1,0,1,3,1,0,0,1,12,1060.2,0,367.56,49.06,1378.7,1,1
28,69,39.35,5481,One Year,0,0,Female,1,DSL,34.052917,-118.255178,0,55.25,1,0,0,,1,0,1,0,Bank Withdrawal,1,0,0,4,0,0,0,0,29,1620.2,0,1141.15,0.0,2761.35,1,0
58,15,2.64,5039,Month-to-Month,0,0,Male,1,DSL,38.526941,-122.709096,0,64.5,1,0,0,,0,1,1,0,Mailed Check,1,0,0,3,0,1,1,0,30,1888.45,0,79.2,0.0,1967.65,1,0
36,22,12.88,5386,Month-to-Month,1,0,Female,1,Cable,34.003553,-118.308933,1,50.85,1,1,1,,0,0,0,1,Credit Card,1,0,1,1,0,0,0,0,4,239.55,0,51.52,0.0,291.07,1,1
45,5,15.65,4113,Two Year,0,1,Female,1,DSL,34.115192,-118.61017,1,91.7,1,0,10,Offer A,1,1,1,1,Bank Withdrawal,1,1,1,3,0,1,1,1,68,6424.7,0,1064.2,0.0,7488.9,1,0
24,0,23.03,2768,One Year,0,0,Male,0,,38.823278,-121.281856,0,20.3,0,0,0,Offer D,0,0,0,0,Credit Card,1,0,0,4,0,0,0,0,22,467.15,0,506.66,0.0,973.81,0,0
35,21,12.15,5113,Two Year,0,1,Male,1,DSL,34.007353,-118.033683,1,75.7,1,0,3,Offer B,0,1,0,1,Credit Card,1,1,1,3,0,1,1,0,63,4676.7,0,765.45,0.0,5442.15,1,0
52,24,0.0,4380,One Year,0,1,Female,1,DSL,34.019323,-118.391902,0,56.4,0,0,0,,1,0,1,0,Credit Card,0,0,0,4,0,1,1,1,51,2928.5,0,0.0,0.0,2928.5,1,0
31,11,45.32,6444,Two Year,1,1,Male,1,Fiber Optic,36.52588,-121.396719,1,110.9,1,1,5,Offer A,1,0,0,1,Credit Card,1,1,1,4,0,1,1,1,72,7922.75,130,3263.04,0.0,11315.79,0,0
20,59,0.0,4284,Month-to-Month,0,1,Female,1,Cable,33.889632,-118.39737,0,48.25,0,0,0,Offer C,0,0,1,0,Bank Withdrawal,0,0,0,5,0,1,1,1,25,1293.8,0,0.0,0.0,1293.8,1,0
42,30,5.29,4986,Month-to-Month,1,0,Male,1,Cable,34.078991,-118.263804,1,59.6,0,2,3,Offer B,1,1,0,1,Credit Card,1,1,1,3,0,0,0,0,49,2970.3,0,259.21,0.0,3229.51,1,0
27,0,39.53,2446,One Year,1,0,Male,0,,38.460517,-122.790335,1,19.5,0,1,8,Offer B,0,0,0,1,Bank Withdrawal,1,0,1,4,0,0,0,0,41,798.2,0,1620.73,0.0,2418.93,0,0
29,71,2.53,6321,Month-to-Month,1,0,Female,1,Fiber Optic,39.531028,-121.24807,1,79.15,0,2,6,,1,1,1,1,Bank Withdrawal,1,0,1,3,0,0,0,0,51,4018.55,0,129.03,0.0,4147.58,1,0
37,0,2.29,4408,Month-to-Month,0,0,Male,0,,34.030578,-118.399613,0,25.0,1,0,0,Offer D,0,0,0,0,Bank Withdrawal,1,0,0,4,0,0,0,0,12,316.2,0,27.48,0.0,343.68,0,0
67,6,42.53,2939,Two Year,0,0,Male,1,Fiber Optic,37.499411,-122.196318,0,69.95,0,0,0,,0,0,1,0,Credit Card,1,0,0,3,1,0,0,0,8,562.7,0,340.24,0.0,902.94,1,0
57,13,25.11,2604,One Year,0,1,Female,1,DSL,33.752938,-116.230055,0,84.1,1,0,0,,1,1,0,0,Bank Withdrawal,1,0,0,3,0,1,1,1,38,3187.65,0,954.18,0.0,4141.83,1,0
19,71,0.0,2564,Two Year,1,1,Female,1,Cable,37.633361,-121.862395,1,40.65,0,3,5,,0,1,0,1,Credit Card,0,1,1,4,0,0,0,0,36,1547.35,0,0.0,0.0,1547.35,1,0
41,23,3.2,5037,Two Year,0,1,Female,1,DSL,33.879983,-117.895482,1,86.15,1,0,1,Offer A,1,0,0,1,Bank Withdrawal,1,1,1,5,0,1,1,1,67,5883.85,0,214.4,0.0,6098.25,1,0
68,30,23.82,3553,Month-to-Month,0,0,Female,1,Fiber Optic,32.770393,-115.60915,0,75.05,1,0,0,,0,0,1,0,Credit Card,1,0,0,1,1,0,0,0,3,256.25,0,71.46,0.0,327.71,1,1
48,19,44.45,2827,Month-to-Month,0,1,Male,1,Fiber Optic,32.765299,-117.122565,0,111.5,1,0,0,Offer B,1,1,1,0,Bank Withdrawal,1,0,0,4,0,1,1,1,44,4915.15,0,1955.8,0.0,6870.95,1,0
39,0,30.14,5971,Two Year,0,0,Male,0,,32.730583,-115.501083,1,19.95,0,0,7,,0,0,0,1,Credit Card,1,0,1,4,0,0,0,0,60,1258.15,0,1808.4,0.0,3066.55,0,0
56,7,42.33,5395,One Year,0,1,Female,1,Cable,37.393554,-121.965114,0,71.1,1,0,0,,1,1,1,0,Credit Card,1,1,0,3,0,0,0,0,58,4299.2,0,2455.14,0.0,6754.34,1,0
29,59,12.32,4505,Two Year,0,1,Female,1,DSL,38.549822,-121.266725,1,68.75,0,0,6,Offer A,1,1,0,1,Credit Card,1,0,1,3,0,1,1,0,72,4888.2,0,887.04,0.0,5775.24,1,0
32,16,0.0,4934,Two Year,1,1,Male,1,DSL,33.994524,-118.149953,1,65.65,0,1,1,,1,1,1,1,Bank Withdrawal,0,1,1,3,0,1,1,1,72,4664.5,60,0.0,0.0,4724.5,0,0
58,21,42.85,5012,Two Year,0,0,Male,1,DSL,37.84771,-120.486589,1,85.25,1,0,1,,1,1,0,1,Bank Withdrawal,1,1,1,4,0,1,1,1,66,5538.35,0,2828.1,0.0,8366.45,1,0
40,22,19.32,2199,Month-to-Month,0,0,Male,1,Fiber Optic,35.184837,-119.402525,0,79.6,0,0,0,,0,0,0,0,Bank Withdrawal,1,0,0,3,0,1,1,0,1,79.6,0,19.32,0.0,98.92,1,1
48,0,10.67,6002,Two Year,1,0,Male,0,,40.883853,-122.418258,1,19.55,0,2,4,Offer B,0,0,0,1,Mailed Check,1,0,1,5,0,0,0,0,63,1245.6,0,672.21,0.0,1917.81,0,0
31,2,39.62,4384,Month-to-Month,0,1,Female,1,Fiber Optic,36.600193,-120.153393,0,89.2,0,0,0,Offer C,0,0,1,0,Bank Withdrawal,1,1,0,3,0,1,1,0,27,2383.6,0,1069.74,0.0,3453.34,1,0
32,19,27.7,2756,Month-to-Month,0,0,Female,1,Fiber Optic,37.244307,-119.470256,0,77.15,1,0,0,,0,0,1,0,Bank Withdrawal,1,0,0,3,0,0,0,0,1,77.15,10,27.7,0.0,114.85,0,1
25,52,8.95,4704,Month-to-Month,0,0,Male,1,Fiber Optic,37.639029,-120.964772,0,69.55,0,0,0,Offer E,0,0,1,0,Bank Withdrawal,1,0,0,3,0,0,0,0,7,521.35,0,62.65,0.0,584.0,1,0
46,19,16.55,4779,Month-to-Month,0,0,Female,1,Fiber Optic,40.271535,-121.018087,1,69.1,0,0,1,Offer E,0,0,1,1,Credit Card,1,0,1,1,0,0,0,0,1,69.1,0,16.55,0.0,85.65,1,1
25,73,22.73,4551,Month-to-Month,0,0,Male,1,Fiber Optic,37.828416,-122.216005,0,105.4,1,0,0,Offer B,1,0,0,0,Bank Withdrawal,1,1,0,4,0,1,1,1,63,6713.2,130,1431.99,0.0,8275.19,0,0
52,22,0.0,3030,Month-to-Month,0,0,Male,1,Cable,34.559882,-115.637164,0,30.5,0,0,0,,0,0,0,0,Bank Withdrawal,0,1,0,4,0,0,0,0,4,118.4,0,0.0,0.0,118.4,1,0
46,0,31.6,2185,One Year,0,0,Male,0,,40.759401,-122.939337,0,20.1,0,0,0,,0,0,1,0,Credit Card,1,0,0,4,0,0,0,0,17,279.5,0,537.2,0.0,816.7,0,0
60,22,19.58,4730,Two Year,0,1,Female,1,DSL,34.037251,-118.423573,0,88.65,1,0,0,,1,0,0,0,Credit Card,1,1,0,4,0,1,1,1,61,5321.25,0,1194.38,0.0,6515.63,1,0
62,0,33.06,4500,Month-to-Month,1,0,Female,0,,33.75462,-118.071128,0,20.1,0,3,0,Offer D,0,0,0,0,Credit Card,1,0,0,2,0,0,0,0,11,221.35,0,363.66,0.0,585.01,0,1
22,59,44.28,2961,Month-to-Month,0,0,Female,1,Fiber Optic,38.550722,-121.457314,1,80.85,0,0,1,Offer E,0,0,0,1,Bank Withdrawal,1,0,1,1,0,1,1,0,4,302.75,40,177.12,0.0,519.87,0,1
44,19,37.0,5240,Two Year,1,1,Female,1,DSL,37.80821,-121.308401,1,90.6,1,1,3,,1,1,1,1,Mailed Check,1,1,1,4,0,1,1,1,64,5817.45,0,2368.0,0.0,8185.45,1,0
52,0,25.05,5874,Two Year,1,0,Female,0,,33.956228,-118.120993,1,20.1,0,1,4,Offer E,0,0,0,1,Credit Card,1,0,1,4,0,0,0,0,6,100.35,0,150.3,0.0,250.65,0,0
25,51,48.52,5567,Two Year,0,1,Female,1,Fiber Optic,33.991782,-118.479229,0,116.45,1,0,0,Offer A,1,1,1,0,Bank Withdrawal,1,1,0,4,0,1,1,1,72,8013.55,90,3493.44,0.0,11596.99,0,0
42,22,47.43,6487,Two Year,0,1,Male,1,DSL,37.739113,-122.175602,0,90.65,1,0,0,,1,1,0,0,Credit Card,1,1,0,3,0,1,1,1,69,6322.1,0,3272.67,0.0,9594.77,1,0
35,0,45.84,2198,Month-to-Month,0,0,Female,0,,35.176236,-120.483243,1,20.15,0,0,5,,0,0,0,1,Bank Withdrawal,1,0,1,3,0,0,0,0,4,91.4,0,183.36,0.0,274.76,0,0
56,18,4.56,4272,Two Year,0,1,Female,1,Fiber Optic,34.19225,-118.776874,1,112.1,1,0,1,,1,1,0,1,Credit Card,1,1,1,4,0,1,1,1,72,7965.95,0,328.32,18.88,8275.39,1,0
20,52,20.41,5427,One Year,1,1,Female,1,Fiber Optic,33.88856,-118.351813,1,112.35,1,3,3,,1,0,1,1,Credit Card,1,1,1,4,0,1,1,1,67,7388.45,0,1367.47,0.0,8755.92,1,0
61,24,31.43,5014,Month-to-Month,0,0,Female,1,DSL,33.889632,-118.39737,1,44.25,0,0,4,,0,0,1,1,Credit Card,1,0,1,5,0,0,0,0,7,313.45,0,220.01,0.0,533.46,0,0
74,21,23.18,2416,One Year,0,0,Female,1,Fiber Optic,35.013299,-116.834092,0,81.45,0,0,0,Offer D,0,0,1,0,Bank Withdrawal,1,0,0,5,1,1,1,0,20,1671.6,0,463.6,0.0,2135.2,1,0
62,53,5.67,5560,Month-to-Month,1,0,Male,1,DSL,34.129058,-118.759788,1,56.7,1,3,1,,0,1,0,1,Credit Card,1,0,1,1,0,0,0,0,2,113.55,0,11.34,0.0,124.89,1,1
38,4,38.8,2485,Month-to-Month,0,0,Male,1,Fiber Optic,40.809636,-124.189977,1,70.0,0,0,1,,0,0,1,1,Bank Withdrawal,1,0,1,2,0,0,0,0,1,70.0,0,38.8,0.0,108.8,1,1
30,59,26.47,5072,Two Year,0,1,Female,1,DSL,33.801869,-117.995068,1,94.8,1,0,7,Offer A,1,1,1,1,Credit Card,1,1,1,3,0,1,1,1,70,6859.05,0,1852.9,0.0,8711.95,1,0
27,48,10.05,5301,Two Year,0,1,Male,1,Fiber Optic,37.270938,-121.851046,1,101.15,1,0,0,,0,0,0,1,Credit Card,1,0,0,3,0,1,1,1,60,6067.4,0,603.0,0.0,6670.4,1,0
21,27,28.02,5872,Two Year,0,1,Male,1,DSL,37.62984,-122.120843,1,79.1,0,0,6,Offer A,1,0,1,1,Credit Card,1,1,1,5,0,1,1,1,71,5564.85,0,1989.42,0.0,7554.27,1,0
28,48,0.0,4624,One Year,0,0,Female,1,DSL,39.176595,-121.291692,0,40.2,0,0,0,,1,1,1,0,Credit Card,0,1,0,4,0,0,0,0,18,711.95,90,0.0,0.0,801.95,0,0
76,22,12.46,5948,Month-to-Month,0,0,Female,1,Fiber Optic,34.004379,-117.447864,1,69.55,0,0,1,,0,0,1,1,Bank Withdrawal,1,0,1,2,1,0,0,0,1,69.55,0,12.46,0.0,82.01,1,1
63,24,38.83,5568,Two Year,1,1,Male,1,DSL,34.007353,-118.033683,1,84.1,1,3,4,,1,0,1,1,Bank Withdrawal,1,1,1,4,0,1,1,1,70,5979.7,0,2718.1,0.0,8697.8,1,0
66,22,26.22,5527,Month-to-Month,0,1,Female,1,Cable,34.508417,-116.856103,0,55.8,0,0,0,Offer E,0,1,1,0,Bank Withdrawal,1,0,0,1,1,0,0,0,1,55.8,0,26.22,0.0,82.02,1,1
33,14,0.0,4099,Month-to-Month,0,0,Female,1,DSL,35.369553,-120.763864,1,35.0,0,0,9,,0,0,0,1,Bank Withdrawal,0,0,1,3,0,1,1,0,1,35.0,0,0.0,0.0,35.0,1,0
78,28,18.39,4196,Month-to-Month,0,1,Female,1,Fiber Optic,33.884073,-117.732197,1,105.25,1,0,3,Offer B,0,1,0,1,Bank Withdrawal,1,0,1,1,1,1,0,1,65,6786.4,0,1195.35,0.0,7981.75,1,1
26,59,11.85,4213,Two Year,1,0,Female,1,Fiber Optic,41.924174,-123.260788,1,95.9,1,3,9,,1,1,1,1,Bank Withdrawal,1,0,1,3,0,0,0,1,72,6954.15,0,853.2,0.0,7807.35,1,0
25,30,49.7,3498,Month-to-Month,0,1,Male,1,Fiber Optic,38.233879,-120.861666,1,94.65,1,0,1,,1,0,1,1,Bank Withdrawal,1,0,1,2,0,0,0,1,38,3624.3,0,1888.6,0.0,5512.9,1,1
56,0,15.79,2279,One Year,0,0,Male,0,,34.142747,-117.300864,0,19.3,0,0,0,,0,0,0,0,Credit Card,1,0,0,3,0,0,0,0,2,28.3,0,31.58,0.0,59.88,0,1
71,14,15.28,4499,Month-to-Month,0,0,Male,1,Cable,34.136306,-118.26036,0,45.1,0,0,0,Offer E,0,0,0,0,Bank Withdrawal,1,0,0,2,1,0,0,0,1,45.1,0,15.28,0.0,60.38,1,1
49,26,20.37,4582,Month-to-Month,0,1,Female,1,Fiber Optic,37.540582,-122.509594,1,108.75,1,0,10,Offer B,1,0,1,1,Bank Withdrawal,1,1,1,5,0,1,1,1,63,6871.7,0,1283.31,0.0,8155.01,1,0
55,19,42.14,2071,One Year,0,0,Female,1,DSL,32.85723,-117.209774,1,80.3,0,0,1,Offer C,1,1,0,1,Credit Card,1,1,1,1,0,1,1,1,38,3058.65,0,1601.32,0.0,4659.97,1,1
27,41,39.67,5179,One Year,1,0,Male,1,Fiber Optic,38.499302,-122.92444,1,81.45,0,3,1,,1,1,1,1,Credit Card,1,0,1,3,0,0,0,0,62,4983.05,0,2459.54,14.15,7428.44,1,0
59,29,10.03,4298,One Year,1,1,Female,1,Cable,39.220368,-122.907693,1,50.95,0,2,2,Offer B,0,0,1,1,Bank Withdrawal,1,0,1,4,0,0,0,0,52,2610.65,0,521.56,0.0,3132.21,1,0
75,2,21.38,6268,Two Year,0,1,Male,1,Fiber Optic,37.245505,-118.062943,1,114.95,1,0,3,Offer A,1,1,1,1,Bank Withdrawal,1,1,1,3,1,1,0,1,72,8196.4,0,1539.36,0.0,9735.76,1,0
49,28,48.45,5276,One Year,0,0,Male,1,DSL,34.108455,-118.362081,1,70.7,1,0,3,,1,0,1,1,Bank Withdrawal,1,1,1,3,0,0,0,1,54,3770.0,0,2616.3,0.0,6386.3,1,0
54,6,12.95,3880,Month-to-Month,0,0,Male,1,Cable,36.974575,-121.991149,1,45.9,0,0,1,Offer D,0,0,1,1,Bank Withdrawal,1,0,1,5,0,0,0,0,11,521.9,0,142.45,0.0,664.35,1,0
50,25,41.08,2044,Month-to-Month,0,0,Female,1,Fiber Optic,38.954144,-121.482536,0,74.9,1,0,0,,0,0,1,0,Credit Card,1,0,0,4,0,0,0,0,2,136.05,0,82.16,0.0,218.21,1,0
35,23,40.71,5313,Month-to-Month,0,1,Female,1,Fiber Optic,37.45567,-122.407992,1,105.05,1,0,3,Offer B,0,1,1,1,Bank Withdrawal,1,0,1,3,0,1,1,1,65,6914.95,60,2646.15,0.0,9621.1,0,0
26,59,14.78,2431,Month-to-Month,0,0,Male,1,DSL,32.85723,-117.209774,0,50.65,0,0,0,Offer E,1,0,0,0,Credit Card,1,0,0,1,0,0,1,0,1,50.65,0,14.78,0.0,65.43,1,1
53,0,16.13,2681,Month-to-Month,0,0,Male,0,,33.25283,-116.986079,0,19.8,0,0,0,,0,0,1,0,Mailed Check,1,0,0,5,0,0,0,0,15,309.4,0,241.95,0.0,551.35,0,0
24,0,26.02,2400,One Year,0,0,Male,0,,39.933852,-121.584371,0,19.35,0,0,0,Offer D,0,0,0,0,Mailed Check,1,0,0,3,0,0,0,0,14,324.8,0,364.28,0.0,689.08,0,0
42,29,35.62,3207,Month-to-Month,0,0,Male,1,Fiber Optic,38.486502,-121.334051,1,95.9,1,0,6,,0,1,0,1,Credit Card,1,1,1,3,0,0,0,1,22,2234.95,0,783.64,0.0,3018.59,1,0
31,18,9.29,5748,Two Year,1,0,Male,1,Fiber Optic,39.806141,-123.531098,1,95.1,0,2,3,Offer A,1,1,0,1,Bank Withdrawal,1,1,1,3,0,1,1,0,68,6683.4,0,631.72,0.0,7315.12,1,0
32,15,28.57,4382,Month-to-Month,0,0,Female,1,Fiber Optic,34.150354,-118.518292,1,96.55,0,0,0,Offer D,1,1,1,1,Bank Withdrawal,1,1,0,3,0,0,0,1,20,1901.65,0,571.4,0.0,2473.05,1,0
57,13,29.55,2464,Month-to-Month,0,0,Male,1,Fiber Optic,32.852947,-114.850784,0,78.7,0,0,0,,0,0,1,0,Bank Withdrawal,1,0,0,3,0,0,0,1,19,1495.1,0,561.45,26.84,2029.71,1,0
68,25,28.12,2373,Month-to-Month,0,0,Male,1,Fiber Optic,34.079449,-118.548306,0,90.6,1,0,0,Offer D,0,1,1,0,Bank Withdrawal,1,0,0,1,1,0,0,1,19,1660.0,0,534.28,0.0,2194.28,1,1
42,24,36.96,5968,Month-to-Month,0,0,Female,1,DSL,34.406256,-119.726936,0,50.95,0,0,0,Offer E,0,1,0,0,Credit Card,1,0,0,3,0,0,0,0,2,123.05,0,73.92,0.0,196.97,1,0
69,18,46.67,5679,Two Year,0,0,Female,1,Fiber Optic,38.688764,-121.457596,0,96.85,1,0,0,,1,1,1,0,Bank Withdrawal,1,0,0,3,1,1,1,0,56,5219.65,0,2613.52,0.0,7833.17,1,0
26,0,32.32,4177,Month-to-Month,0,0,Female,0,,37.555631,-120.911653,0,20.3,0,0,0,,0,0,0,0,Mailed Check,1,0,0,3,0,0,0,0,12,246.7,0,387.84,0.0,634.54,0,0
36,20,10.97,6045,Two Year,0,1,Male,1,DSL,37.83726,-122.287648,1,80.1,1,0,5,Offer A,1,1,1,1,Credit Card,1,1,1,3,0,1,1,0,71,5585.4,0,778.87,0.0,6364.27,1,0
57,53,30.41,4275,Month-to-Month,1,0,Female,1,Fiber Optic,37.304681,-121.809955,1,105.25,1,3,1,Offer B,1,1,1,1,Credit Card,1,0,1,3,0,1,1,1,48,4997.5,0,1459.68,1.66,6455.52,1,0
78,25,43.66,5655,Month-to-Month,0,0,Male,1,DSL,37.980269,-122.342635,0,44.15,0,0,0,,0,0,1,0,Bank Withdrawal,1,0,0,2,1,0,0,0,2,92.65,0,87.32,0.0,179.97,1,1
51,56,39.55,5613,Month-to-Month,1,0,Female,1,DSL,33.917145,-118.401554,0,64.5,0,3,0,Offer E,0,1,1,0,Bank Withdrawal,1,1,0,3,0,1,1,0,3,177.4,60,118.65,0.0,356.05,0,0
22,82,25.33,5531,One Year,0,0,Female,1,DSL,37.873916,-122.20522,0,47.85,0,0,0,,0,1,1,0,Bank Withdrawal,1,0,0,3,0,0,0,0,39,1886.4,70,987.87,0.0,2944.27,0,0
53,20,31.49,2206,Month-to-Month,0,0,Male,1,Fiber Optic,33.840524,-118.148403,1,94.7,1,0,1,Offer D,0,0,1,1,Bank Withdrawal,1,0,1,1,0,1,1,1,18,1687.95,0,566.82,0.0,2254.77,1,1
23,27,0.0,6404,Two Year,1,0,Female,1,Cable,33.748635,-117.906125,1,34.2,0,2,7,Offer B,0,1,0,1,Bank Withdrawal,0,1,1,4,0,0,1,0,51,1782.0,0,0.0,9.39,1772.61,1,0
63,17,23.15,4240,Two Year,0,1,Female,1,Fiber Optic,34.224377,-118.632656,0,111.15,1,0,0,,1,1,1,0,Credit Card,1,0,0,4,0,1,1,1,70,7737.55,0,1620.5,46.26,9311.79,1,0
34,22,0.0,4699,Month-to-Month,0,0,Female,1,DSL,34.129058,-118.759788,0,29.2,0,0,0,,1,0,0,0,Credit Card,0,0,0,4,0,0,0,0,3,98.5,0,0.0,0.0,98.5,1,0
44,16,12.17,4126,One Year,0,0,Male,1,Fiber Optic,37.304681,-121.809955,0,97.0,0,0,0,,1,0,1,0,Bank Withdrawal,1,0,0,5,0,1,1,1,30,3021.3,0,365.1,0.0,3386.4,1,0
48,15,9.76,4480,One Year,0,1,Female,1,Fiber Optic,33.309852,-116.823091,1,86.45,1,0,5,Offer A,1,0,0,1,Credit Card,1,0,1,5,0,0,0,0,68,5762.95,150,663.68,0.0,6576.63,0,0
70,22,0.0,4277,Two Year,0,0,Female,1,DSL,37.255637,-120.493537,1,49.45,0,0,3,,1,0,1,1,Credit Card,0,0,1,3,1,1,0,1,60,2907.55,40,0.0,0.0,2947.55,0,0
47,4,0.0,5268,One Year,0,1,Male,1,Cable,33.744119,-118.31448,0,35.2,0,0,0,,0,1,1,0,Credit Card,0,0,0,3,0,0,0,0,43,1463.7,0,0.0,0.0,1463.7,1,0
72,30,14.65,2925,Two Year,0,1,Male,1,Fiber Optic,38.392821,-121.799917,1,89.2,1,0,6,Offer B,0,0,1,1,Bank Withdrawal,1,0,1,4,1,0,0,1,44,4040.2,0,644.6,0.0,4684.8,1,0
67,12,41.88,4025,One Year,0,0,Female,1,Fiber Optic,38.184914,-120.364085,1,95.1,0,0,1,,0,1,1,1,Bank Withdrawal,1,0,1,3,1,1,1,1,23,2326.05,0,963.24,0.0,3289.29,1,0
56,56,28.15,4749,Month-to-Month,1,1,Male,1,Cable,32.697098,-117.116587,1,61.8,0,3,8,,1,0,0,1,Bank Withdrawal,1,1,1,3,0,0,0,0,13,750.1,0,365.95,0.0,1116.05,1,0
53,0,14.86,4808,Two Year,1,0,Male,0,,34.027337,-118.28515,1,19.7,0,1,8,Offer A,0,0,0,1,Credit Card,1,0,1,5,0,0,0,0,71,1301.1,0,1055.06,0.0,2356.16,0,0
33,0,43.37,4015,Two Year,0,0,Female,0,,40.664483,-123.865325,1,24.65,1,0,5,,0,0,1,1,Bank Withdrawal,1,0,1,4,0,0,0,0,71,1710.15,0,3079.27,0.0,4789.42,0,0
31,19,2.11,5534,Month-to-Month,1,0,Male,1,DSL,33.571259,-117.731917,1,65.0,0,1,9,Offer B,1,0,0,1,Credit Card,1,1,1,3,0,0,0,1,53,3363.8,0,111.83,0.0,3475.63,1,0
43,16,6.7,5282,Month-to-Month,1,0,Male,1,Cable,33.806708,-117.02007,0,55.0,1,2,0,,1,0,1,0,Credit Card,1,0,0,1,0,0,0,0,54,3092.65,0,361.8,0.0,3454.45,1,1
66,20,44.9,5261,Month-to-Month,0,0,Male,1,Fiber Optic,37.722127,-120.110174,1,83.85,1,0,10,,1,1,0,1,Bank Withdrawal,1,0,1,3,1,0,0,0,67,5588.8,0,3008.3,0.0,8597.1,1,0
62,0,17.61,2051,Month-to-Month,0,0,Male,0,,36.175255,-119.813805,0,19.95,0,0,0,,0,0,0,0,Bank Withdrawal,1,0,0,2,0,0,0,0,1,19.95,0,17.61,0.0,37.56,0,1
45,19,20.53,5926,One Year,0,1,Female,1,Fiber Optic,32.827238,-117.089287,1,99.75,1,0,9,,1,0,1,1,Credit Card,1,1,1,4,0,1,1,0,56,5608.4,0,1149.68,0.0,6758.08,1,0
60,24,9.53,5421,Month-to-Month,0,1,Male,1,Fiber Optic,40.390301,-123.412327,0,85.95,0,0,0,,1,0,1,0,Bank Withdrawal,1,1,0,3,0,0,0,0,24,2107.15,0,228.72,0.0,2335.87,1,0
19,82,27.24,2177,Month-to-Month,1,0,Female,1,Fiber Optic,37.654551,-119.822984,1,84.4,0,2,5,,1,1,0,1,Mailed Check,1,1,1,3,0,0,0,0,23,1936.85,0,626.52,0.0,2563.37,1,0
58,11,20.93,5915,One Year,1,0,Male,1,Fiber Optic,37.609095,-121.263381,0,105.85,0,1,0,,1,1,1,0,Bank Withdrawal,1,1,0,4,0,1,1,1,54,5826.65,10,1130.22,0.0,6966.87,0,0
44,19,40.15,5701,Month-to-Month,0,0,Male,1,Fiber Optic,36.878364,-121.629781,0,94.85,1,0,0,Offer E,0,0,1,0,Bank Withdrawal,1,0,0,3,0,1,1,1,5,462.8,0,200.75,0.0,663.55,1,1
51,17,7.66,4390,Month-to-Month,0,0,Female,1,Fiber Optic,39.432127,-121.099287,0,70.0,0,0,0,,0,0,1,0,Bank Withdrawal,1,0,0,1,0,0,0,0,17,1144.5,80,130.22,0.0,1354.72,0,1
70,2,9.18,5211,Month-to-Month,0,1,Female,1,Fiber Optic,33.215251,-116.53633,1,108.75,1,0,1,Offer B,1,1,0,1,Bank Withdrawal,1,0,1,3,1,1,1,1,50,5431.9,0,459.0,0.0,5890.9,1,0
24,69,36.17,5712,One Year,0,0,Male,1,DSL,34.067699,-116.903891,1,59.45,0,0,5,,0,1,0,1,Credit Card,1,0,1,4,0,1,1,0,55,3157.0,40,1989.35,0.0,5186.35,0,0
61,21,49.2,4525,Month-to-Month,1,0,Male,1,DSL,37.505768,-121.962472,1,44.6,0,1,5,Offer E,0,0,1,1,Bank Withdrawal,1,0,1,2,0,0,0,0,6,260.8,0,295.2,0.0,556.0,1,1
21,53,32.85,5951,Month-to-Month,0,0,Male,1,Fiber Optic,36.732694,-119.783786,0,89.9,0,0,0,Offer E,0,0,1,0,Bank Withdrawal,1,0,0,1,0,1,1,1,1,89.9,0,32.85,0.0,122.75,1,1
31,0,9.33,4954,Two Year,1,0,Male,0,,33.4725,-117.584273,1,25.4,1,1,10,Offer A,0,0,0,1,Credit Card,1,0,1,4,0,0,0,0,70,1782.05,0,653.1,0.0,2435.15,0,0
41,15,19.6,5905,Two Year,0,1,Female,1,Fiber Optic,37.80707,-122.297401,0,115.05,1,0,0,Offer A,1,1,0,0,Credit Card,1,1,0,3,0,1,1,1,72,8405.0,0,1411.2,0.0,9816.2,1,0
71,10,13.36,4204,Two Year,0,1,Male,1,Cable,38.966713,-123.586412,0,74.1,1,0,0,Offer A,0,1,0,0,Credit Card,1,1,0,3,1,1,1,0,69,5031.0,0,921.84,0.0,5952.84,1,0
48,21,27.24,5102,Month-to-Month,0,0,Male,1,DSL,34.624399,-120.137875,1,54.2,0,0,1,Offer D,0,1,1,1,Bank Withdrawal,1,1,1,2,0,0,0,0,22,1152.7,0,599.28,0.0,1751.98,1,1
71,11,18.23,6214,Two Year,1,0,Male,1,Fiber Optic,39.191797,-120.212401,1,80.95,1,1,10,,0,1,1,1,Bank Withdrawal,1,0,1,4,1,0,0,0,60,4859.1,0,1093.8,49.53,5903.37,1,0
74,0,27.95,5432,Month-to-Month,0,0,Female,0,,35.215731,-119.57013,0,19.65,0,0,0,,0,0,0,0,Bank Withdrawal,1,0,0,2,1,0,0,0,8,164.3,0,223.6,0.0,387.9,0,1
37,19,0.0,4043,One Year,0,1,Male,1,DSL,34.199787,-118.68493,0,35.75,0,0,0,,1,0,1,0,Bank Withdrawal,0,0,0,5,0,0,0,0,69,2492.25,150,0.0,0.0,2642.25,0,0
20,82,43.47,6117,One Year,0,1,Female,1,Fiber Optic,32.886925,-117.152162,0,103.95,1,0,0,,0,1,1,0,Bank Withdrawal,1,0,0,3,0,1,1,1,54,5639.05,0,2347.38,0.0,7986.43,1,1
50,12,29.72,6316,One Year,0,0,Female,1,DSL,33.482243,-116.827173,1,65.2,1,0,1,Offer A,0,1,0,1,Bank Withdrawal,1,0,1,3,0,1,1,0,70,4543.15,0,2080.4,0.0,6623.55,1,0
60,19,44.05,5282,Month-to-Month,1,1,Male,1,Fiber Optic,39.176595,-121.291692,1,97.0,0,1,1,Offer D,0,0,0,1,Bank Withdrawal,1,0,1,3,0,1,1,1,13,1334.45,0,572.65,0.0,1907.1,1,0
42,30,39.03,5055,Month-to-Month,0,0,Male,1,Fiber Optic,32.886925,-117.152162,0,80.25,0,0,0,Offer E,0,0,1,0,Bank Withdrawal,1,0,0,1,0,0,0,1,2,144.55,10,78.06,0.0,232.61,0,1
43,16,5.52,3315,Month-to-Month,1,0,Male,1,Fiber Optic,40.310119,-123.909449,1,80.0,1,1,1,Offer B,1,0,1,1,Bank Withdrawal,1,0,1,5,0,0,0,0,46,3769.7,0,253.92,0.0,4023.62,1,0
24,73,41.21,4259,Two Year,0,1,Female,1,Fiber Optic,34.903052,-118.411251,1,110.65,1,0,5,Offer A,1,1,1,1,Credit Card,1,0,1,4,0,1,1,1,72,8065.65,0,2967.12,0.0,11032.77,1,0
36,5,27.88,6432,One Year,0,1,Male,1,DSL,34.441398,-119.513163,1,79.8,1,0,7,Offer B,1,0,1,1,Bank Withdrawal,1,0,1,5,0,1,1,1,61,4914.8,70,1700.68,0.0,6685.48,0,0
49,0,25.4,5398,One Year,0,0,Male,0,,33.8681,-118.067402,0,20.4,0,0,0,Offer B,0,0,1,0,Bank Withdrawal,1,0,0,3,0,0,0,0,45,930.45,0,1143.0,0.0,2073.45,0,1
64,27,2.67,4584,One Year,0,0,Female,1,Fiber Optic,34.236683,-118.517588,0,94.4,0,0,0,,0,0,1,0,Bank Withdrawal,1,1,0,5,0,1,1,1,30,2638.1,0,80.1,0.0,2718.2,1,0
64,11,36.15,3571,One Year,1,1,Male,1,DSL,37.900662,-122.052782,1,78.65,1,2,6,,0,0,1,1,Credit Card,1,1,1,3,0,1,1,1,22,1663.75,0,795.3,0.0,2459.05,1,0
29,73,31.97,4111,Two Year,0,1,Male,1,Fiber Optic,36.995162,-120.955099,1,108.55,1,0,10,Offer A,0,1,1,1,Credit Card,1,1,1,3,0,1,1,1,71,7616.0,0,2269.87,0.0,9885.87,1,0
63,0,3.14,3413,Two Year,1,0,Female,0,,34.18454,-119.224666,1,20.0,0,1,3,Offer B,0,0,0,1,Credit Card,1,0,1,3,0,0,0,0,42,833.55,0,131.88,0.0,965.43,0,0
49,53,0.0,5498,Two Year,1,0,Female,1,DSL,34.044271,-118.185237,1,53.65,0,3,9,,1,0,0,1,Credit Card,0,1,1,3,0,1,1,1,72,3784.0,0,0.0,0.0,3784.0,1,0
39,7,31.88,3567,Month-to-Month,0,0,Male,1,Fiber Optic,37.959706,-121.287669,0,78.5,0,0,0,,0,0,1,0,Bank Withdrawal,1,0,0,2,0,0,0,1,3,242.05,0,95.64,0.0,337.69,1,1
64,23,32.49,5546,Month-to-Month,0,0,Male,1,Fiber Optic,37.587494,-121.862856,0,90.35,0,0,0,,0,0,1,0,Bank Withdrawal,1,0,0,1,0,1,1,1,24,2238.5,0,779.76,0.0,3018.26,1,1
32,18,49.26,4736,Two Year,1,1,Female,1,Fiber Optic,40.243494,-121.154733,1,99.65,1,1,10,Offer B,0,1,0,1,Credit Card,1,1,1,3,0,1,1,0,46,4630.2,0,2265.96,9.35,6886.81,1,0
39,15,42.62,4172,One Year,0,0,Female,1,Fiber Optic,37.305622,-122.000887,0,74.65,0,0,0,,1,0,1,0,Credit Card,1,0,0,5,0,0,0,0,13,966.25,0,554.06,0.0,1520.31,1,0
27,47,0.0,5040,One Year,1,1,Male,1,DSL,38.9386,-120.785514,1,40.3,0,1,7,Offer B,0,1,0,1,Bank Withdrawal,0,1,1,3,0,0,0,0,47,1794.8,0,0.0,0.0,1794.8,1,0
21,71,14.19,4773,Two Year,0,1,Male,1,Fiber Optic,37.794487,-122.42227,1,108.2,1,0,10,,1,0,1,1,Bank Withdrawal,1,1,1,4,0,1,1,1,72,7840.6,0,1021.68,0.0,8862.28,1,0
59,26,12.3,3012,Month-to-Month,0,0,Female,1,DSL,36.5276,-119.865999,1,60.85,1,0,5,,0,1,1,1,Bank Withdrawal,1,1,1,4,0,0,0,0,34,2003.6,0,418.2,0.0,2421.8,1,0
50,0,7.31,4910,One Year,1,0,Female,0,,37.244307,-119.470256,1,19.7,0,3,7,,0,0,0,1,Bank Withdrawal,1,0,1,5,0,0,0,0,20,395.6,0,146.2,0.0,541.8,0,0
63,22,48.31,4879,Month-to-Month,0,0,Female,1,Cable,38.489273,-120.891614,0,44.45,0,0,0,Offer E,0,0,1,0,Mailed Check,1,0,0,3,0,0,0,0,1,44.45,0,48.31,0.0,92.76,1,1
61,7,14.67,4479,Two Year,0,1,Male,1,Fiber Optic,34.049841,-118.33846,0,106.7,1,0,0,,0,1,0,0,Bank Withdrawal,1,0,0,3,0,1,1,1,71,7382.25,0,1041.57,0.0,8423.82,1,0
54,4,45.8,4334,Month-to-Month,0,0,Male,1,DSL,41.949216,-122.050062,0,67.25,1,0,0,Offer D,1,1,1,0,Bank Withdrawal,1,1,0,3,0,0,0,0,12,832.3,0,549.6,0.0,1381.9,1,0
48,25,37.79,2269,Month-to-Month,0,0,Female,1,Cable,39.493991,-122.286363,0,49.85,0,0,0,,0,1,1,0,Bank Withdrawal,1,0,0,3,0,0,0,0,8,365.55,10,302.32,13.01,664.86,0,1
51,30,30.52,5679,Month-to-Month,0,0,Female,1,Fiber Optic,33.643095,-117.810896,0,85.0,1,0,0,Offer E,0,0,1,0,Bank Withdrawal,1,0,0,3,0,1,1,0,1,85.0,0,30.52,0.0,115.52,1,1
56,28,25.3,3282,Month-to-Month,0,1,Male,1,Cable,38.922812,-121.312005,1,66.4,0,0,7,Offer C,0,0,1,1,Credit Card,1,1,1,4,0,1,1,0,31,2019.8,0,784.3,0.0,2804.1,1,0
68,4,26.11,5394,Month-to-Month,0,0,Male,1,Fiber Optic,33.874224,-117.993368,0,90.5,0,0,0,,0,0,1,0,Bank Withdrawal,1,0,0,1,1,1,1,1,13,1201.15,140,339.43,29.84,1650.74,0,1
53,13,0.0,5750,Month-to-Month,0,0,Female,1,Cable,37.717196,-122.159338,0,44.95,0,0,0,,1,0,0,0,Bank Withdrawal,0,1,0,3,0,1,1,0,68,3085.35,0,0.0,0.0,3085.35,1,0
80,5,42.91,2571,Month-to-Month,0,0,Male,1,Fiber Optic,33.927254,-118.249826,0,81.45,1,0,0,,1,0,1,0,Bank Withdrawal,1,0,0,3,1,0,0,0,27,2122.05,0,1158.57,0.0,3280.62,1,1
20,52,8.48,2278,Month-to-Month,0,1,Male,1,Fiber Optic,39.578792,-120.780786,0,79.5,0,0,0,Offer D,0,1,1,0,Bank Withdrawal,1,0,0,4,0,0,0,0,11,795.65,0,93.28,0.0,888.93,1,0
35,76,48.04,6399,One Year,1,0,Female,1,Fiber Optic,39.342587,-121.249833,1,94.15,1,3,1,Offer B,1,1,0,1,Bank Withdrawal,1,0,1,4,0,0,0,1,60,5811.8,0,2882.4,0.0,8694.2,1,0
49,0,8.91,4671,Two Year,0,0,Female,0,,37.945288,-122.383941,1,23.65,1,0,4,,0,0,0,1,Bank Withdrawal,1,0,1,4,0,0,0,0,62,1416.75,0,552.42,0.0,1969.17,0,0
32,0,31.7,4821,Two Year,1,0,Male,0,,38.965804,-122.631779,1,20.2,0,3,3,,0,0,0,1,Credit Card,1,0,1,3,0,0,0,0,19,387.4,0,602.3,0.0,989.7,0,0
45,57,26.66,4970,Month-to-Month,1,0,Female,1,Fiber Optic,37.815459,-121.977203,1,86.1,0,3,7,,1,0,1,1,Bank Withdrawal,1,0,1,5,0,0,0,1,32,2723.75,130,853.12,0.0,3706.87,0,0
41,15,41.83,5357,Month-to-Month,0,0,Female,1,Fiber Optic,35.214982,-118.59049,1,80.45,1,0,7,Offer B,1,0,0,1,Bank Withdrawal,1,0,1,4,0,0,0,0,43,3398.9,0,1798.69,0.0,5197.59,1,0
37,24,46.18,5344,One Year,0,0,Male,1,Fiber Optic,37.972662,-122.491452,1,80.9,0,0,3,,0,0,1,1,Bank Withdrawal,1,0,1,5,0,1,1,0,56,4557.5,0,2586.08,0.0,7143.58,1,0
63,27,6.43,5286,Month-to-Month,0,0,Female,1,DSL,34.818227,-120.418784,0,55.45,0,0,0,Offer E,0,0,1,0,Bank Withdrawal,1,0,0,4,0,1,1,0,1,55.45,10,6.43,0.0,71.88,0,0
59,0,9.61,3007,Month-to-Month,0,0,Male,0,,33.818,-117.974404,0,19.65,0,0,0,Offer E,0,0,1,0,Credit Card,1,0,0,4,0,0,0,0,2,38.8,0,19.22,0.0,58.02,0,0
36,26,25.16,4732,Two Year,1,1,Female,1,Cable,38.522328,-122.97932,1,85.3,1,2,1,,1,0,0,1,Bank Withdrawal,1,1,1,4,0,1,1,1,68,5560.0,0,1710.88,0.0,7270.88,1,0
23,0,22.08,5418,One Year,0,0,Female,0,,36.689582,-121.758398,1,26.3,1,0,7,Offer A,0,0,1,1,Bank Withdrawal,1,0,1,4,0,0,0,0,69,1763.55,0,1523.52,0.0,3287.07,0,0
54,52,47.06,5756,Month-to-Month,1,0,Female,1,Cable,33.174725,-116.743329,1,49.4,0,3,3,,0,1,1,1,Mailed Check,1,0,1,4,0,0,0,0,5,232.55,10,235.3,0.0,477.85,0,0
57,2,0.0,2038,Month-to-Month,0,0,Female,1,DSL,36.29223,-119.622676,0,29.25,0,0,0,,1,0,1,0,Credit Card,0,0,0,3,0,0,0,0,8,226.95,0,0.0,0.0,226.95,1,0
42,14,41.18,3051,Month-to-Month,0,0,Male,1,Fiber Optic,33.507255,-117.029473,0,82.0,1,0,0,,1,0,1,0,Bank Withdrawal,1,0,0,3,0,0,0,0,2,184.65,0,82.36,0.0,267.01,1,1
29,46,13.04,5341,Month-to-Month,0,0,Female,1,Fiber Optic,37.722302,-122.491129,0,69.95,0,0,0,Offer E,0,0,1,0,Credit Card,1,0,0,3,0,0,0,0,1,69.95,0,13.04,0.0,82.99,1,1
80,27,11.55,6335,One Year,0,1,Female,1,Fiber Optic,37.444314,-122.149996,1,95.65,1,0,10,Offer B,1,1,0,1,Bank Withdrawal,1,1,1,3,1,0,0,0,56,5471.75,0,646.8,21.71,6096.84,1,0
19,82,4.39,4695,One Year,0,1,Female,1,Fiber Optic,38.7904,-121.236973,1,104.1,1,0,8,Offer A,0,1,1,1,Credit Card,1,0,1,4,0,1,1,1,71,7412.25,0,311.69,0.0,7723.94,1,0
71,18,26.49,3202,One Year,0,0,Male,1,Fiber Optic,34.105493,-117.660934,1,90.15,0,0,7,,0,1,0,1,Credit Card,1,1,1,3,1,0,0,1,34,3128.8,0,900.66,0.0,4029.46,1,0
41,29,33.22,3517,One Year,0,0,Female,1,Fiber Optic,33.736387,-118.284363,1,103.15,1,0,3,Offer B,1,0,1,1,Bank Withdrawal,1,1,1,3,0,1,1,1,46,4594.65,130,1528.12,0.0,6252.77,0,0
26,52,0.0,2802,Month-to-Month,0,0,Female,1,Cable,35.916943,-120.129921,0,34.25,0,0,0,Offer E,0,1,0,0,Mailed Check,0,1,0,1,0,0,0,0,3,139.35,0,0.0,0.0,139.35,1,1
19,59,0.0,4161,One Year,0,0,Male,1,DSL,38.801936,-122.938935,0,24.85,0,0,0,,0,0,1,0,Credit Card,0,0,0,5,0,0,0,0,29,788.05,0,0.0,0.0,788.05,1,0
51,19,12.13,4548,Month-to-Month,0,0,Male,1,Fiber Optic,38.358464,-120.579304,0,69.85,0,0,0,Offer E,0,0,1,0,Bank Withdrawal,1,0,0,1,0,0,0,0,1,69.85,0,12.13,0.0,81.98,1,1
71,11,4.89,5795,Month-to-Month,0,0,Male,1,Fiber Optic,33.876482,-118.284077,1,95.1,1,0,1,,0,0,1,1,Bank Withdrawal,1,0,1,1,1,1,0,1,1,95.1,0,4.89,0.0,99.99,1,1
53,28,15.09,2191,Month-to-Month,0,0,Male,1,Cable,34.037251,-118.423573,0,53.45,0,0,0,,0,1,0,0,Credit Card,1,1,0,3,0,0,0,0,27,1461.45,0,407.43,0.0,1868.88,1,0
47,2,24.76,4193,Month-to-Month,0,0,Male,1,Fiber Optic,34.757477,-120.550507,0,86.55,1,0,0,Offer E,0,0,1,0,Bank Withdrawal,1,0,0,3,0,1,1,0,8,649.65,0,198.08,0.0,847.73,1,1
29,59,33.98,4163,Month-to-Month,0,0,Male,1,DSL,41.082472,-121.195215,0,54.5,1,0,0,,0,1,1,0,Credit Card,1,0,0,4,0,0,0,0,10,568.2,0,339.8,0.0,908.0,1,0
40,0,44.68,3753,Two Year,1,0,Female,0,,32.747484,-117.166877,1,24.1,1,1,5,,0,0,1,1,Bank Withdrawal,1,0,1,4,0,0,0,0,37,861.85,0,1653.16,0.0,2515.01,0,0
70,30,16.85,3320,Month-to-Month,0,1,Female,1,Fiber Optic,35.233745,-120.626442,0,84.6,0,0,0,,0,0,1,0,Credit Card,1,0,0,3,1,1,1,0,10,865.55,0,168.5,0.0,1034.05,1,1
19,52,40.96,4171,Month-to-Month,0,1,Female,1,DSL,35.666886,-119.186717,0,64.05,0,0,0,Offer D,0,1,0,0,Bank Withdrawal,1,0,0,4,0,1,1,0,11,733.95,90,450.56,0.0,1274.51,0,0
60,13,32.43,4167,Month-to-Month,0,0,Male,1,Fiber Optic,34.983808,-117.239306,1,80.35,0,0,3,,0,0,1,1,Bank Withdrawal,1,0,1,1,0,0,0,1,4,307.4,0,129.72,0.0,437.12,1,1
78,3,35.65,5651,Two Year,0,0,Female,1,DSL,33.994524,-118.149953,0,43.8,0,0,0,,0,0,0,0,Credit Card,1,0,0,5,1,0,0,0,49,2106.05,0,1746.85,20.45,3832.45,1,0
32,11,45.35,3546,One Year,0,0,Male,1,DSL,34.536232,-118.082935,1,64.8,0,0,2,Offer D,1,1,0,1,Credit Card,1,0,1,4,0,1,1,0,17,1175.6,0,770.95,0.0,1946.55,1,0
20,52,0.0,3522,One Year,1,1,Male,1,DSL,39.194539,-120.988066,1,44.45,0,2,1,,0,1,0,1,Credit Card,0,0,1,3,0,0,0,1,17,792.15,0,0.0,0.0,792.15,1,0
57,0,22.55,5186,One Year,0,0,Female,0,,34.028735,-118.317236,0,20.65,0,0,0,Offer B,0,0,0,0,Mailed Check,1,0,0,4,0,0,0,0,52,1022.95,0,1172.6,0.0,2195.55,0,0
47,12,49.49,5168,Month-to-Month,1,0,Male,1,Fiber Optic,37.343827,-121.883119,1,81.05,0,2,4,,1,1,0,1,Bank Withdrawal,1,0,1,3,0,0,0,0,64,5135.35,0,3167.36,0.0,8302.71,1,0
64,0,20.49,5453,Two Year,1,0,Male,0,,36.624338,-121.615669,1,25.2,1,2,8,,0,0,0,1,Credit Card,1,0,1,5,0,0,0,0,39,987.95,0,799.11,0.0,1787.06,0,0
42,17,35.96,3740,Month-to-Month,0,0,Female,1,DSL,34.127194,-118.295647,1,50.3,0,0,4,Offer D,0,0,1,1,Credit Card,1,1,1,3,0,0,0,0,18,908.75,0,647.28,0.0,1556.03,1,0
40,0,49.52,5880,One Year,0,0,Male,0,,34.243088,-116.830015,0,19.1,0,0,0,Offer C,0,0,0,0,Credit Card,1,0,0,4,0,0,0,0,29,529.5,0,1436.08,0.0,1965.58,0,0
23,73,38.04,5156,One Year,0,0,Male,1,DSL,33.830453,-118.384565,0,61.55,1,0,0,,1,1,0,0,Bank Withdrawal,1,0,0,3,0,0,0,0,26,1581.95,0,989.04,0.0,2570.99,1,0
37,29,18.26,2075,Month-to-Month,0,1,Male,1,Fiber Optic,39.361283,-123.784599,1,95.25,1,0,1,Offer B,1,0,1,1,Bank Withdrawal,1,0,1,1,0,0,0,1,42,3959.35,0,766.92,27.3,4698.97,1,1
30,41,10.79,4873,Month-to-Month,0,0,Female,1,Cable,37.524721,-120.757977,1,50.25,1,0,2,Offer B,0,0,1,1,Bank Withdrawal,1,0,1,2,0,0,0,0,42,2203.65,0,453.18,28.49,2628.34,1,1
25,59,35.9,4422,One Year,1,1,Male,1,Cable,34.581308,-118.931948,1,78.35,1,1,2,Offer A,1,1,0,1,Bank Withdrawal,1,1,1,4,0,1,1,0,70,5445.95,0,2513.0,0.0,7958.95,1,0
44,0,30.34,4943,Month-to-Month,1,0,Female,0,,36.64545,-118.924982,1,19.65,0,3,1,,0,0,0,1,Credit Card,1,0,1,4,0,0,0,0,3,60.65,0,91.02,0.0,151.67,0,0
62,27,7.48,4221,Two Year,1,1,Male,1,Fiber Optic,36.37559,-119.211689,1,109.75,1,3,2,,1,0,1,1,Bank Withdrawal,1,1,1,3,0,1,1,1,45,4900.65,0,336.6,0.0,5237.25,1,0
46,15,0.0,2613,Month-to-Month,1,0,Female,1,Cable,39.117018,-120.212535,1,29.7,0,2,1,Offer E,0,1,0,1,Credit Card,0,0,1,1,0,0,0,0,3,91.7,0,0.0,0.0,91.7,1,1
52,27,7.64,2323,Month-to-Month,0,0,Female,1,Fiber Optic,36.462671,-118.997291,0,69.65,0,0,0,Offer E,0,0,0,0,Bank Withdrawal,1,0,0,2,0,0,0,0,2,145.15,0,15.28,0.0,160.43,1,1
49,30,41.46,4620,One Year,0,0,Female,1,DSL,34.341737,-116.539416,1,58.25,1,0,4,Offer A,0,1,0,1,Bank Withdrawal,1,1,1,3,0,0,0,0,68,3975.7,140,2819.28,0.0,6934.98,0,0
44,0,31.01,4486,One Year,1,0,Female,0,,37.830267,-121.201018,0,20.5,0,3,0,,0,0,0,0,Bank Withdrawal,1,0,0,3,0,0,0,0,2,38.25,0,62.02,0.0,100.27,0,0
36,0,26.83,5434,Two Year,1,0,Male,0,,37.474396,-120.875917,1,25.75,1,1,10,,0,0,0,1,Mailed Check,1,0,1,4,0,0,0,0,68,1686.15,0,1824.44,0.0,3510.59,0,0
31,0,3.05,4344,Month-to-Month,0,0,Female,0,,33.936291,-118.332639,0,20.45,0,0,0,,0,0,0,0,Credit Card,1,0,0,5,0,0,0,0,4,82.85,0,12.2,0.0,95.05,0,0
52,0,2.29,2285,Month-to-Month,0,0,Male,0,,33.141265,-116.967221,0,20.95,0,0,0,Offer E,0,0,0,0,Bank Withdrawal,1,0,0,3,0,0,0,0,1,20.95,0,2.29,0.0,23.24,0,0
56,24,12.94,5195,One Year,1,0,Female,1,Fiber Optic,33.818477,-118.038307,1,70.4,0,2,6,Offer C,0,0,1,1,Bank Withdrawal,1,0,1,3,0,0,0,0,28,1992.2,0,362.32,0.0,2354.52,1,0
55,20,39.6,4639,Month-to-Month,0,0,Male,1,Fiber Optic,37.980057,-121.801599,1,84.5,1,0,1,Offer B,0,0,0,1,Bank Withdrawal,1,0,1,3,0,0,0,1,49,4254.85,0,1940.4,0.0,6195.25,1,1
60,3,25.66,2921,Month-to-Month,0,1,Female,1,Fiber Optic,33.643095,-117.810896,0,100.5,1,0,0,Offer C,0,0,1,0,Bank Withdrawal,1,0,0,3,0,1,1,1,26,2599.95,0,667.16,0.0,3267.11,1,0
70,5,12.08,4149,One Year,0,0,Female,1,DSL,32.85723,-117.209774,0,82.45,1,0,0,Offer B,1,1,0,0,Bank Withdrawal,1,1,0,1,1,1,1,1,54,4350.1,0,652.32,0.0,5002.42,1,1
60,23,48.97,4490,Month-to-Month,0,0,Male,1,Fiber Optic,33.477923,-117.705314,0,79.5,0,0,0,Offer E,0,0,1,0,Bank Withdrawal,1,0,0,2,0,0,0,1,1,79.5,0,48.97,0.0,128.47,0,1
56,22,49.4,2182,Month-to-Month,0,0,Female,1,Cable,38.264262,-120.515133,0,53.8,1,0,0,,0,1,1,0,Bank Withdrawal,1,0,0,4,0,0,0,0,5,283.95,10,247.0,0.0,540.95,0,0
48,0,31.85,4246,Two Year,1,0,Female,0,,39.756049,-123.358701,1,20.15,0,3,1,Offer D,0,0,0,1,Credit Card,1,0,1,3,0,0,0,0,19,387.7,0,605.15,2.97,989.88,0,0
69,29,24.62,6488,Two Year,0,1,Female,1,DSL,34.168686,-118.057505,1,79.95,0,0,9,Offer B,0,1,1,1,Credit Card,1,1,1,4,1,1,0,1,62,4819.75,0,1526.44,0.0,6346.19,1,0
55,30,17.17,4111,Month-to-Month,0,0,Male,1,Fiber Optic,36.78724,-119.827813,0,106.4,1,0,0,Offer C,1,1,1,0,Bank Withdrawal,1,0,0,4,0,1,1,1,39,4040.65,0,669.63,0.0,4710.28,1,0
59,14,23.89,2632,Month-to-Month,0,1,Male,1,Fiber Optic,37.590421,-122.306467,0,94.0,1,0,0,,1,0,1,0,Bank Withdrawal,1,0,0,1,0,0,0,1,8,773.65,0,191.12,0.0,964.77,1,1
71,4,21.49,3111,One Year,0,0,Female,1,Fiber Optic,39.724433,-123.767578,0,80.7,0,0,0,,0,0,0,0,Bank Withdrawal,1,0,0,5,1,0,0,1,20,1614.2,0,429.8,0.0,2044.0,1,0
47,53,16.22,2950,Month-to-Month,1,1,Female,1,DSL,34.243088,-116.830015,1,75.7,0,3,8,,1,1,1,1,Bank Withdrawal,1,1,1,3,0,0,0,1,7,554.05,0,113.54,0.0,667.59,1,0
27,69,2.73,4162,Two Year,0,0,Female,1,DSL,35.690535,-118.552784,1,61.45,0,0,1,,1,0,1,1,Credit Card,1,0,1,5,0,1,1,0,69,4131.2,0,188.37,0.0,4319.57,1,0
31,0,21.98,6315,Two Year,1,0,Male,0,,34.11572,-118.192754,1,19.65,0,1,7,,0,0,0,1,Credit Card,1,0,1,5,0,0,0,0,60,1161.75,0,1318.8,0.0,2480.55,0,0
23,41,26.73,5604,One Year,0,0,Male,1,Fiber Optic,33.015866,-117.272254,1,110.05,1,0,6,,1,1,0,1,Credit Card,1,1,1,3,0,1,1,1,51,5686.4,0,1363.23,20.28,7029.35,1,0
42,0,20.74,5302,Two Year,1,0,Female,0,,40.03194,-122.176023,1,24.7,1,3,7,,0,0,0,1,Mailed Check,1,0,1,3,0,0,0,0,24,571.75,0,497.76,0.0,1069.51,0,0
52,57,27.38,4325,Month-to-Month,1,0,Female,1,Fiber Optic,34.035849,-118.503508,1,98.35,1,3,7,Offer B,1,0,1,1,Bank Withdrawal,1,0,1,5,0,1,1,1,49,4889.2,0,1341.62,0.0,6230.82,1,0
54,16,3.76,3969,Month-to-Month,0,0,Male,1,Fiber Optic,37.980269,-122.342635,0,74.95,0,0,0,,1,0,0,0,Bank Withdrawal,1,0,0,4,0,0,0,0,2,151.75,0,7.52,0.0,159.27,1,0
32,21,6.19,5036,Month-to-Month,1,1,Male,1,Fiber Optic,33.830453,-118.384565,1,82.05,0,3,5,Offer C,1,0,0,1,Bank Withdrawal,1,0,1,3,0,0,0,0,30,2570.2,120,185.7,0.0,2875.9,0,0
37,25,0.0,3248,Two Year,1,1,Female,1,DSL,36.654614,-119.903674,1,60.0,0,2,1,,1,1,1,1,Credit Card,0,0,1,3,0,1,1,1,47,2768.65,0,0.0,0.0,2768.65,1,0
69,11,48.32,2893,Month-to-Month,0,0,Male,1,Fiber Optic,34.152875,-118.486056,0,79.7,0,0,0,Offer E,0,0,1,0,Bank Withdrawal,1,0,0,5,1,0,0,1,6,497.6,0,289.92,0.0,787.52,1,0
52,10,17.83,3740,Month-to-Month,0,0,Female,1,Fiber Optic,32.886925,-117.152162,1,88.35,0,0,1,,0,0,0,1,Bank Withdrawal,1,0,1,2,0,1,1,1,13,1222.8,0,231.79,0.0,1454.59,1,1
63,0,6.54,2021,Two Year,0,0,Male,0,,38.00474,-122.663717,1,19.65,0,0,7,,0,0,0,1,Credit Card,1,0,1,5,0,0,0,0,47,973.1,0,307.38,0.0,1280.48,0,0
73,26,3.23,5245,Month-to-Month,0,1,Male,1,Fiber Optic,37.791222,-122.402241,0,102.95,1,0,0,,1,0,1,0,Credit Card,1,0,0,3,1,1,0,1,24,2496.7,0,77.52,0.0,2574.22,1,1
27,51,13.11,3410,Month-to-Month,0,0,Female,1,DSL,33.695532,-116.310571,1,79.2,1,0,1,,0,1,1,1,Bank Withdrawal,1,1,1,1,0,1,1,1,22,1742.75,0,288.42,0.0,2031.17,1,1
38,13,35.75,3286,Two Year,0,1,Female,1,DSL,34.624399,-120.137875,0,65.0,1,0,0,Offer B,0,1,1,0,Credit Card,1,1,0,3,0,0,0,0,47,2879.9,0,1680.25,0.0,4560.15,0,0
60,8,40.66,4519,Month-to-Month,0,0,Female,1,DSL,33.927254,-118.249826,0,55.7,1,0,0,Offer D,0,1,1,0,Mailed Check,1,0,0,2,0,0,0,0,15,899.8,0,609.9,0.0,1509.7,1,1
25,52,33.57,5530,Month-to-Month,0,1,Male,1,Fiber Optic,33.923149,-117.244933,1,96.6,1,0,10,,1,0,0,1,Credit Card,1,0,1,5,0,0,0,1,28,2684.35,0,939.96,0.0,3624.31,1,0
66,4,46.62,5636,One Year,0,1,Male,1,Fiber Optic,36.478239,-119.52137,1,90.65,0,0,10,,1,0,1,1,Bank Withdrawal,1,0,1,4,1,0,0,1,57,5199.8,0,2657.34,0.0,7857.14,1,0
49,0,45.28,2403,One Year,0,0,Male,0,,38.052209,-122.775567,1,20.05,0,0,10,,0,0,1,1,Bank Withdrawal,1,0,1,5,0,0,0,0,26,505.9,0,1177.28,0.0,1683.18,0,0
64,6,0.0,5924,Month-to-Month,0,1,Female,1,Cable,39.564113,-120.868836,0,40.2,0,0,0,Offer C,0,0,1,0,Credit Card,0,0,0,5,0,1,1,0,37,1478.85,0,0.0,0.0,1478.85,1,0
35,27,19.18,4748,Month-to-Month,0,1,Male,1,Fiber Optic,35.013299,-116.834092,1,79.9,0,0,0,Offer E,1,0,1,1,Bank Withdrawal,1,0,0,2,0,0,0,0,9,741.7,0,172.62,0.0,914.32,1,1
22,52,34.4,3913,Month-to-Month,1,1,Male,1,Cable,41.405193,-123.008567,0,48.95,0,2,0,,0,0,0,0,Bank Withdrawal,1,0,0,1,0,0,1,0,1,48.95,0,34.4,0.0,83.35,1,1
76,17,17.12,2502,One Year,0,1,Female,1,Cable,34.43987,-118.644609,1,60.7,0,0,2,,0,0,0,1,Credit Card,1,0,1,5,1,1,0,0,26,1597.4,0,445.12,0.0,2042.52,1,0
25,30,17.51,3425,Month-to-Month,1,0,Female,1,DSL,36.057458,-118.591951,0,57.65,1,2,0,Offer D,0,1,0,0,Credit Card,1,0,0,3,0,0,0,0,18,992.7,0,315.18,0.0,1307.88,1,0
39,19,41.29,3083,Month-to-Month,1,1,Female,1,Fiber Optic,33.828289,-117.201666,1,94.05,1,2,7,,1,0,1,1,Credit Card,1,0,1,3,0,0,0,1,6,518.75,0,247.74,0.0,766.49,1,0
63,9,44.09,5557,Month-to-Month,0,1,Female,1,Fiber Optic,37.339533,-121.777179,0,88.95,1,0,0,Offer C,0,0,1,0,Credit Card,1,0,0,3,0,0,0,1,24,2072.75,0,1058.16,0.0,3130.91,1,0
26,0,48.39,3152,One Year,0,0,Male,0,,38.749466,-121.184196,1,19.9,0,0,5,Offer E,0,0,0,1,Credit Card,1,0,1,5,0,0,0,0,8,153.95,0,387.12,0.0,541.07,0,0
36,16,11.24,2663,Month-to-Month,0,0,Male,1,Fiber Optic,39.783747,-120.661032,1,70.75,0,0,1,,0,0,1,1,Bank Withdrawal,1,0,1,1,0,0,0,0,29,1974.8,0,325.96,0.0,2300.76,1,1
32,19,7.83,2299,Month-to-Month,0,0,Female,1,Fiber Optic,40.077028,-121.494168,0,81.3,1,0,0,,0,1,1,0,Credit Card,1,0,0,4,0,0,0,0,41,3190.65,0,321.03,0.0,3511.68,1,0
29,0,27.16,5265,Two Year,1,0,Male,0,,34.146635,-118.139225,1,20.3,0,1,9,Offer A,0,0,0,1,Bank Withdrawal,1,0,1,3,0,0,0,0,72,1401.15,0,1955.52,0.0,3356.67,0,0
48,13,40.35,3178,Month-to-Month,0,0,Male,1,Fiber Optic,37.612612,-121.108568,0,85.75,0,0,0,,1,0,1,0,Bank Withdrawal,1,0,0,3,0,0,0,1,26,2146.5,0,1049.1,0.0,3195.6,1,0
28,59,20.41,4854,One Year,1,1,Female,1,Fiber Optic,40.171312,-121.120605,1,109.1,1,2,3,,1,0,1,1,Bank Withdrawal,1,1,1,5,0,1,1,1,41,4454.25,0,836.81,0.0,5291.06,1,0
19,51,44.46,4903,Month-to-Month,0,0,Female,1,DSL,34.076259,-118.310715,1,44.3,0,0,1,Offer E,0,0,0,1,Credit Card,1,0,1,2,0,0,1,0,3,134.5,0,133.38,0.0,267.88,1,1
71,9,22.3,5318,Month-to-Month,0,1,Male,1,Fiber Optic,33.902211,-117.914922,1,86.55,0,0,0,,0,0,0,1,Bank Withdrawal,1,0,0,5,1,0,0,1,21,1857.25,0,468.3,0.0,2325.55,1,0
52,8,28.86,5152,Two Year,0,1,Male,1,Fiber Optic,33.877639,-117.961212,1,99.15,1,0,1,,1,1,1,1,Bank Withdrawal,1,0,1,3,0,1,1,0,72,7422.1,0,2077.92,0.0,9500.02,1,0
76,19,30.16,4485,One Year,1,1,Male,1,Fiber Optic,33.529047,-117.701175,1,86.7,0,2,5,Offer A,1,1,1,1,Bank Withdrawal,1,0,1,3,1,0,0,0,71,6179.35,0,2141.36,0.0,8320.71,1,0
80,12,48.8,6268,One Year,0,1,Male,1,Fiber Optic,35.869626,-119.498771,1,104.55,1,0,0,Offer B,0,1,1,1,Bank Withdrawal,1,0,0,1,1,1,0,1,56,5794.65,0,2732.8,0.0,8527.45,1,1
79,27,34.69,5154,Month-to-Month,0,0,Female,1,Fiber Optic,34.084909,-117.258107,0,91.25,0,0,0,Offer C,0,0,1,0,Bank Withdrawal,1,0,0,3,1,1,0,1,26,2351.8,0,901.94,0.0,3253.74,1,1
31,26,12.15,5372,Month-to-Month,1,1,Female,1,Cable,34.048013,-118.293953,0,99.65,1,2,0,,0,0,1,0,Bank Withdrawal,1,0,0,3,0,1,1,1,8,820.5,0,97.2,0.0,917.7,1,1
58,23,0.0,4021,Month-to-Month,0,0,Female,1,DSL,39.492046,-123.375818,0,44.85,0,0,0,,0,0,1,0,Credit Card,0,0,0,5,0,1,1,1,56,2564.95,0,0.0,0.0,2564.95,1,0
47,17,27.8,4296,Month-to-Month,0,0,Male,1,Fiber Optic,36.413433,-118.854708,0,92.9,0,0,0,Offer D,0,0,1,0,Bank Withdrawal,1,0,0,3,0,1,1,1,14,1337.45,0,389.2,0.0,1726.65,1,0
74,10,13.17,2671,Month-to-Month,0,0,Female,1,Fiber Optic,32.85723,-117.209774,0,70.35,0,0,0,Offer E,0,0,1,0,Bank Withdrawal,1,0,0,3,1,0,0,0,2,139.05,0,26.34,0.0,165.39,1,1
27,85,0.0,2649,Month-to-Month,0,0,Female,1,DSL,38.489273,-120.891614,0,35.0,0,0,0,,0,0,1,0,Bank Withdrawal,0,0,0,2,0,1,1,0,18,553.0,70,0.0,0.0,623.0,0,1
27,52,42.88,6292,Month-to-Month,0,0,Male,1,Fiber Optic,34.102084,-118.451629,0,89.9,1,0,0,Offer B,1,0,1,0,Bank Withdrawal,1,0,0,3,0,0,0,1,60,5450.7,0,2572.8,0.0,8023.5,1,0
49,0,48.03,4137,Month-to-Month,0,0,Female,0,,38.69549,-121.307864,1,19.25,0,0,0,Offer D,0,0,0,1,Bank Withdrawal,1,0,0,3,0,0,0,0,20,375.25,0,960.6,0.0,1335.85,0,0
71,29,4.65,4795,Month-to-Month,0,0,Male,1,DSL,33.990646,-117.663025,1,50.4,0,0,1,,1,0,1,1,Bank Withdrawal,1,0,1,3,1,0,0,0,30,1527.5,0,139.5,0.0,1667.0,1,1
33,20,39.19,4011,Month-to-Month,0,0,Female,1,Cable,33.141265,-116.967221,0,59.5,0,0,0,Offer E,0,0,1,0,Bank Withdrawal,1,1,0,5,0,0,0,1,9,530.05,0,352.71,0.0,882.76,1,0
22,59,23.7,6188,Two Year,1,1,Male,1,Fiber Optic,36.397745,-120.119911,1,90.8,1,1,1,Offer A,0,0,1,1,Credit Card,1,0,1,3,0,1,1,0,72,6511.8,60,1706.4,0.0,8278.2,0,0
64,16,43.48,4531,Month-to-Month,1,0,Female,1,DSL,34.601055,-120.382917,0,60.0,0,2,0,Offer E,1,1,1,0,Bank Withdrawal,1,1,0,1,0,0,0,0,1,60.0,10,43.48,0.0,113.48,0,1
27,0,16.74,2333,Month-to-Month,1,0,Female,0,,37.233226,-121.78809,1,18.8,0,1,6,Offer D,0,0,0,1,Credit Card,1,0,1,5,0,0,0,0,13,251.25,0,217.62,0.0,468.87,0,0
33,22,10.5,4095,Month-to-Month,0,0,Male,1,Fiber Optic,37.770533,-122.445121,1,94.05,1,0,1,Offer C,0,0,1,1,Credit Card,1,0,1,3,0,1,1,1,30,2866.45,0,315.0,0.0,3181.45,1,1
64,19,2.03,5764,Month-to-Month,0,1,Female,1,Fiber Optic,33.507255,-117.029473,1,84.85,1,0,1,Offer B,0,0,1,1,Bank Withdrawal,1,1,1,2,0,0,0,0,40,3303.05,0,81.2,0.0,3384.25,1,1
60,0,49.8,5397,Two Year,0,0,Male,0,,34.167236,-116.281511,0,20.4,0,0,0,Offer D,0,0,0,0,Credit Card,1,0,0,4,0,0,0,0,11,231.45,0,547.8,0.0,779.25,0,0
72,5,2.97,2469,Two Year,0,0,Male,1,Fiber Optic,34.613476,-118.256358,0,70.05,0,0,0,Offer E,0,0,1,0,Bank Withdrawal,1,0,0,3,1,0,0,0,1,70.05,0,2.97,0.0,73.02,1,0
19,69,24.35,4033,One Year,0,0,Female,1,Cable,33.570023,-117.773669,0,58.2,0,0,0,,1,0,0,0,Bank Withdrawal,1,0,0,4,0,0,0,1,19,1045.25,0,462.65,0.0,1507.9,1,0
26,53,11.51,4690,Month-to-Month,1,1,Female,1,Fiber Optic,34.296574,-118.244839,1,104.4,1,3,1,Offer E,0,0,1,1,Bank Withdrawal,1,1,1,3,0,1,1,1,2,242.8,0,23.02,45.44,220.38,1,1
72,18,3.33,4638,Month-to-Month,1,1,Female,1,Fiber Optic,33.989524,-118.089299,0,78.05,1,1,0,Offer C,0,0,1,0,Bank Withdrawal,1,0,0,1,1,0,0,0,27,2135.5,10,89.91,0.0,2235.41,0,1
76,29,24.42,2848,Two Year,0,0,Male,1,Fiber Optic,34.136367,-117.460803,1,70.2,0,0,7,Offer D,0,0,1,1,Bank Withdrawal,1,0,1,3,1,0,0,0,11,834.7,0,268.62,0.0,1103.32,1,0
23,0,45.12,4106,Two Year,0,0,Female,0,,38.691607,-121.602284,1,24.95,1,0,10,,0,0,1,1,Credit Card,1,0,1,3,0,0,0,0,69,1718.35,0,3113.28,0.0,4831.63,0,0
75,15,28.25,4912,Month-to-Month,1,1,Female,1,Fiber Optic,38.148862,-121.737696,1,95.3,0,1,8,,1,0,1,1,Credit Card,1,1,1,3,1,0,0,1,57,5567.45,0,1610.25,0.0,7177.7,1,0
74,24,11.31,4777,Month-to-Month,0,0,Male,1,Fiber Optic,37.946617,-122.563571,0,90.45,0,0,0,,0,0,0,0,Credit Card,1,0,0,3,1,1,0,1,14,1266.1,0,158.34,0.0,1424.44,1,1
45,15,10.83,5277,Month-to-Month,0,0,Female,1,DSL,34.067699,-116.903891,0,49.55,0,0,0,,0,1,0,0,Bank Withdrawal,1,0,0,4,0,0,0,0,1,49.55,0,10.83,0.0,60.38,1,0
54,20,0.0,5028,Month-to-Month,0,0,Male,1,Cable,33.923573,-118.200669,0,45.4,0,0,0,,0,0,1,0,Bank Withdrawal,0,0,0,1,0,1,1,1,9,418.8,20,0.0,0.0,438.8,0,1
32,57,11.31,4743,Two Year,1,0,Male,1,Fiber Optic,32.912664,-116.635387,1,104.6,1,3,10,,0,1,0,1,Bank Withdrawal,1,1,1,3,0,1,1,1,67,6885.75,0,757.77,0.0,7643.52,1,0
54,21,0.0,5097,Month-to-Month,0,0,Female,1,DSL,37.971751,-122.611873,0,24.15,0,0,0,,0,0,0,0,Bank Withdrawal,0,0,0,4,0,0,0,0,35,812.5,40,0.0,0.0,852.5,0,0
57,53,23.41,5280,One Year,1,1,Male,1,DSL,34.95934,-120.490081,1,85.45,1,3,0,Offer A,0,1,0,1,Bank Withdrawal,1,1,0,4,0,1,1,1,71,6300.85,0,1662.11,0.0,7962.96,1,0
70,2,7.23,5844,Month-to-Month,0,0,Male,1,Fiber Optic,34.422519,-118.420717,0,69.65,0,0,0,,0,0,1,0,Bank Withdrawal,1,0,0,2,1,0,0,0,1,69.65,0,7.23,0.0,76.88,1,1
26,0,32.3,5745,Two Year,1,0,Male,0,,33.830209,-117.906099,1,19.45,0,2,2,,0,0,0,1,Credit Card,1,0,1,5,0,0,0,0,36,754.5,0,1162.8,0.0,1917.3,0,0
23,51,43.01,5263,One Year,1,0,Male,1,Fiber Optic,37.515556,-122.502311,1,91.2,0,3,1,Offer C,0,0,0,1,Credit Card,1,0,1,5,0,1,1,1,37,3247.55,0,1591.37,0.0,4838.92,1,0
56,28,46.66,4331,Month-to-Month,1,0,Female,1,Fiber Optic,36.657462,-119.595293,1,74.4,0,2,6,Offer C,0,1,0,1,Credit Card,1,0,1,3,0,0,0,0,27,1972.35,0,1259.82,0.0,3232.17,1,0
29,51,33.28,5442,Month-to-Month,1,1,Female,1,DSL,37.348129,-121.98469,1,62.45,1,1,9,Offer C,1,0,0,1,Bank Withdrawal,1,0,1,3,0,0,1,0,32,2045.55,0,1064.96,0.0,3110.51,1,0
58,0,40.39,5327,One Year,0,0,Male,0,,34.273872,-114.192901,0,18.25,0,0,0,Offer C,0,0,0,0,Credit Card,1,0,0,4,0,0,0,0,28,534.7,0,1130.92,0.0,1665.62,0,0
52,0,15.5,2231,Month-to-Month,1,0,Male,0,,34.2565,-117.19335,0,19.65,0,2,0,,0,0,0,0,Mailed Check,1,0,0,5,0,0,0,0,6,100.9,0,93.0,0.0,193.9,0,0
37,6,0.0,3784,Month-to-Month,0,0,Male,1,DSL,34.460197,-119.802602,0,25.15,0,0,0,Offer D,0,0,1,0,Bank Withdrawal,0,0,0,4,0,0,0,0,19,468.35,0,0.0,0.0,468.35,1,0
79,0,44.91,5644,One Year,0,0,Male,0,,39.786755,-120.445626,1,24.7,1,0,5,,0,0,0,1,Credit Card,1,0,1,4,1,0,0,0,45,1174.35,0,2020.95,0.0,3195.3,0,0
65,28,47.16,4017,One Year,0,1,Male,1,DSL,38.235021,-122.557332,1,54.1,0,0,9,Offer C,0,0,0,1,Credit Card,1,1,1,3,1,0,0,0,36,1992.85,0,1697.76,1.09,3689.52,1,0
25,41,11.5,3094,Month-to-Month,0,0,Male,1,Fiber Optic,37.449537,-121.994813,0,94.9,0,0,0,,1,1,1,0,Credit Card,1,1,0,4,0,1,1,0,4,360.55,0,46.0,0.0,406.55,1,0
22,52,44.24,5680,One Year,0,1,Male,1,Fiber Optic,40.664483,-123.865325,0,116.6,1,0,0,,1,1,1,0,Credit Card,1,1,0,3,0,1,1,1,60,7049.5,0,2654.4,0.0,9703.9,1,0
53,0,9.14,4489,Month-to-Month,0,0,Male,0,,37.674002,-122.076796,0,19.25,0,0,0,,0,0,0,0,Bank Withdrawal,1,0,0,3,0,0,0,0,7,112.3,0,63.98,0.0,176.28,0,1
37,16,25.51,5928,One Year,0,1,Male,1,Fiber Optic,33.945318,-117.992066,0,85.15,0,0,0,,0,0,1,0,Bank Withdrawal,1,0,0,1,0,0,0,1,35,3030.6,0,892.85,0.0,3923.45,1,1
38,2,15.62,3757,Month-to-Month,0,0,Female,1,DSL,32.774046,-117.142454,0,45.15,0,0,0,,0,0,0,0,Bank Withdrawal,1,0,0,1,0,0,0,0,9,416.45,0,140.58,0.0,557.03,1,1
58,13,48.0,4120,Two Year,0,1,Male,1,Fiber Optic,34.445239,-117.894868,1,99.35,1,0,10,Offer A,1,1,1,1,Credit Card,1,0,1,3,0,0,0,1,70,6944.5,0,3360.0,0.0,10304.5,1,0
49,2,16.28,5963,Month-to-Month,0,1,Male,1,Fiber Optic,36.462671,-118.997291,0,104.05,1,0,0,Offer D,0,0,1,0,Credit Card,1,1,0,1,0,1,1,1,23,2470.1,0,374.44,0.0,2844.54,1,1
24,41,41.33,2701,Month-to-Month,0,0,Male,1,Fiber Optic,32.555828,-117.040073,1,93.6,0,0,3,Offer C,0,1,1,1,Bank Withdrawal,1,0,1,4,0,1,1,1,36,3366.05,0,1487.88,16.56,4837.37,1,0
59,11,0.0,3461,Two Year,1,1,Female,1,DSL,34.13946,-118.166649,0,53.15,0,1,0,,1,1,0,0,Credit Card,0,1,0,4,0,0,0,1,21,1183.2,0,0.0,19.13,1164.07,1,0
77,26,0.0,2030,Two Year,0,1,Female,1,Cable,36.768774,-119.762633,0,39.85,0,0,0,,0,0,1,0,Bank Withdrawal,0,0,0,4,1,0,0,1,35,1434.6,0,0.0,0.0,1434.6,1,0
49,0,16.59,5316,Two Year,1,0,Male,0,,34.15136,-118.364786,0,19.95,0,2,0,Offer B,0,0,0,0,Credit Card,1,0,0,3,0,0,0,0,60,1189.9,0,995.4,0.0,2185.3,0,0
65,11,18.92,4287,Month-to-Month,0,0,Male,1,Fiber Optic,34.059281,-118.30742,0,95.7,1,0,0,,0,0,1,0,Bank Withdrawal,1,0,0,3,1,1,1,1,50,4816.7,0,946.0,0.0,5762.7,1,1
49,5,19.98,5533,Month-to-Month,0,0,Male,1,Fiber Optic,37.639029,-120.964772,0,79.25,0,0,0,Offer E,0,0,1,0,Bank Withdrawal,1,0,0,1,0,1,1,0,1,79.25,0,19.98,0.0,99.23,1,1
78,30,14.94,4008,Two Year,0,1,Female,1,Fiber Optic,36.667794,-121.601306,0,117.35,1,0,0,Offer A,1,1,1,0,Credit Card,1,1,0,4,1,1,1,1,72,8436.25,0,1075.68,0.0,9511.93,1,0
21,48,36.14,4487,Two Year,0,1,Female,1,Cable,33.362575,-117.299644,0,69.75,0,0,0,,1,0,0,0,Mailed Check,1,1,0,3,0,0,1,1,57,3894.4,0,2059.98,0.0,5954.38,1,0
36,8,19.0,4099,Month-to-Month,0,1,Male,1,Cable,34.122501,-117.320138,1,54.75,0,0,10,Offer E,1,0,1,1,Credit Card,1,0,1,3,0,0,0,0,8,445.85,0,152.0,0.0,597.85,1,0
34,30,44.65,4024,Month-to-Month,0,1,Male,1,Fiber Optic,34.943523,-120.256729,0,105.3,1,0,0,Offer E,1,0,0,0,Bank Withdrawal,1,0,0,3,0,1,1,1,5,550.6,0,223.25,0.0,773.85,1,0
46,29,0.0,3080,Month-to-Month,0,1,Female,1,Cable,35.28952,-116.092214,0,44.45,0,0,0,,0,0,1,0,Credit Card,0,1,0,4,0,0,0,1,26,1183.8,0,0.0,0.0,1183.8,1,0
33,0,32.86,3573,One Year,0,0,Female,0,,33.017518,-117.118456,1,20.15,0,0,1,Offer C,0,0,0,1,Credit Card,1,0,1,3,0,0,0,0,24,456.85,0,788.64,0.0,1245.49,0,0
57,30,10.97,6450,Two Year,0,1,Male,1,DSL,35.916943,-120.129921,1,85.95,1,0,2,Offer A,1,0,0,1,Bank Withdrawal,1,1,1,4,0,1,1,1,72,6151.9,0,789.84,0.0,6941.74,1,0
50,29,15.94,5958,One Year,1,0,Female,1,Fiber Optic,33.141265,-116.967221,1,83.65,1,2,1,Offer A,1,0,1,1,Bank Withdrawal,1,1,1,4,0,0,0,0,68,5733.4,0,1083.92,46.99,6770.33,1,0
23,58,13.13,2615,Two Year,0,1,Male,1,Fiber Optic,33.923573,-118.200669,1,94.3,1,0,8,Offer C,0,0,0,1,Credit Card,1,1,1,3,0,0,0,1,37,3460.95,0,485.81,0.0,3946.76,1,0
37,57,20.76,2132,Month-to-Month,1,1,Male,1,Fiber Optic,37.388349,-122.075299,1,89.3,1,3,1,Offer C,0,1,0,1,Bank Withdrawal,1,1,1,3,0,0,0,0,31,2823.0,0,643.56,0.0,3466.56,1,0
28,73,35.99,4363,One Year,0,0,Female,1,DSL,36.799648,-119.801247,0,60.5,0,0,0,Offer A,1,1,0,0,Credit Card,1,1,0,3,0,0,0,0,67,3870.0,0,2411.33,0.0,6281.33,1,0
32,24,32.91,2610,Month-to-Month,0,0,Male,1,Fiber Optic,39.396585,-121.38029,0,78.75,0,0,0,,0,0,0,0,Credit Card,1,0,0,5,0,1,1,0,5,426.35,10,164.55,0.0,600.9,0,0
77,23,14.12,5232,Two Year,0,0,Female,1,Fiber Optic,37.872902,-122.303708,0,110.1,1,0,0,Offer A,1,1,1,0,Bank Withdrawal,1,1,0,4,1,1,0,1,72,7746.7,0,1016.64,44.81,8718.53,1,0
76,27,28.11,3716,Month-to-Month,0,0,Male,1,Fiber Optic,34.255442,-118.421314,1,74.95,1,0,1,,0,0,0,1,Bank Withdrawal,1,0,1,2,1,0,0,0,4,308.7,0,112.44,0.0,421.14,1,1
55,0,23.46,3087,Two Year,0,0,Female,0,,40.310119,-123.909449,0,20.0,0,0,0,,0,0,0,0,Credit Card,1,0,0,3,0,0,0,0,8,141.6,0,187.68,0.0,329.28,0,0
33,7,40.67,4352,Month-to-Month,0,0,Female,1,DSL,38.237018,-122.77872,1,50.2,0,0,6,,0,0,0,1,Bank Withdrawal,1,1,1,5,0,0,0,0,34,1815.3,0,1382.78,0.0,3198.08,1,0
24,59,36.26,4123,Month-to-Month,0,1,Male,1,Fiber Optic,36.841655,-119.797113,1,111.2,1,0,1,,1,0,1,1,Bank Withdrawal,1,1,1,3,0,1,1,1,21,2317.1,120,761.46,0.0,3198.56,0,1
50,16,4.11,4412,Two Year,1,1,Female,1,Cable,32.898613,-117.202937,1,80.7,1,2,6,Offer A,1,1,0,1,Bank Withdrawal,1,1,1,4,0,0,0,1,70,5617.95,0,287.7,0.0,5905.65,1,0
27,85,3.86,5973,Two Year,0,0,Male,1,Fiber Optic,33.362575,-117.299644,1,104.15,1,0,1,Offer A,1,0,1,1,Credit Card,1,1,1,4,0,1,1,1,71,7365.3,0,274.06,0.0,7639.36,1,0
37,4,43.27,2929,Two Year,0,1,Male,1,DSL,39.218096,-120.79153,1,53.3,0,0,10,,0,1,0,1,Credit Card,1,0,1,3,0,0,0,0,45,2296.25,90,1947.15,0.0,4333.4,0,0
43,22,15.6,5739,Month-to-Month,0,0,Male,1,Fiber Optic,33.655421,-117.391751,0,79.85,1,0,0,,1,0,0,0,Bank Withdrawal,1,0,0,5,0,0,0,0,10,797.25,0,156.0,0.0,953.25,1,0
51,18,28.0,5503,Month-to-Month,0,0,Male,1,Fiber Optic,38.493888,-122.777141,0,105.35,1,0,0,,1,0,1,0,Bank Withdrawal,1,1,0,3,0,1,1,1,34,3540.65,0,952.0,0.0,4492.65,1,0
38,0,16.91,3478,Month-to-Month,1,0,Male,0,,37.965695,-121.260051,0,20.2,0,2,0,,0,0,1,0,Credit Card,1,0,0,4,0,0,0,0,6,98.35,0,101.46,0.0,199.81,0,0
39,21,9.05,4884,Month-to-Month,0,0,Female,1,Fiber Optic,35.358953,-118.527064,0,75.7,0,0,0,Offer E,1,0,1,0,Bank Withdrawal,1,0,0,3,0,0,0,0,1,75.7,0,9.05,0.0,84.75,1,1
47,11,22.49,5436,Two Year,1,1,Male,1,Fiber Optic,33.88274,-117.224878,1,105.0,1,2,9,Offer A,1,0,1,1,Bank Withdrawal,1,0,1,4,0,1,1,1,69,7297.75,0,1551.81,0.0,8849.56,1,0
38,0,16.94,3114,Two Year,1,0,Male,0,,34.122671,-118.112911,0,20.5,0,2,0,,0,0,0,0,Credit Card,1,0,0,4,0,0,0,0,32,696.8,0,542.08,0.0,1238.88,0,0
33,0,7.49,4633,Month-to-Month,1,0,Female,0,,35.809921,-119.127437,1,19.9,0,1,1,,0,0,1,1,Bank Withdrawal,1,0,1,3,0,0,0,0,1,19.9,0,7.49,0.0,27.39,0,1
36,12,13.45,2777,Month-to-Month,0,0,Male,1,Fiber Optic,37.529656,-120.854357,1,78.3,0,0,1,,0,0,0,1,Bank Withdrawal,1,0,1,3,0,0,0,1,34,2564.3,0,457.3,0.0,3021.6,1,1
27,59,4.05,4253,Month-to-Month,0,1,Male,1,DSL,32.857946,-116.561917,1,50.2,0,0,6,,0,0,0,1,Credit Card,1,0,1,3,0,0,0,0,14,668.85,0,56.7,0.0,725.55,1,0
24,51,34.43,3628,Month-to-Month,0,1,Male,1,DSL,33.21846,-117.116916,0,69.5,0,0,0,,0,1,1,0,Credit Card,1,1,0,3,0,0,1,1,9,653.25,0,309.87,0.0,963.12,1,0
79,30,14.39,3471,Two Year,1,0,Female,1,Fiber Optic,35.405722,-117.773354,1,95.8,1,1,5,,0,0,1,1,Bank Withdrawal,1,0,1,3,1,1,0,1,14,1346.3,0,201.46,0.0,1547.76,1,0
35,12,10.5,4304,Month-to-Month,0,1,Female,1,Fiber Optic,32.770393,-115.60915,0,103.85,1,0,0,,0,0,1,0,Bank Withdrawal,1,1,0,5,0,1,1,1,48,4946.05,0,504.0,0.0,5450.05,1,0
54,0,39.84,2428,Month-to-Month,0,0,Female,0,,37.186141,-121.843554,0,19.75,0,0,0,Offer D,0,0,0,0,Bank Withdrawal,1,0,0,2,0,0,0,0,15,297.3,0,597.6,0.0,894.9,0,1
50,25,19.3,3469,Month-to-Month,0,0,Female,1,Fiber Optic,39.492046,-123.375818,0,75.6,1,0,0,,0,0,0,0,Bank Withdrawal,1,0,0,3,0,0,0,0,5,402.5,10,96.5,0.0,509.0,0,0
69,12,6.18,4510,Month-to-Month,0,0,Male,1,Fiber Optic,37.40122,-120.514191,0,70.65,0,0,0,Offer E,0,0,1,0,Bank Withdrawal,1,0,0,4,1,0,0,0,4,293.85,0,24.72,0.0,318.57,1,0
54,26,6.78,2008,Month-to-Month,0,0,Female,1,Fiber Optic,38.631489,-120.015167,0,100.35,1,0,0,Offer D,0,1,1,0,Bank Withdrawal,1,0,0,1,0,1,1,1,13,1358.85,0,88.14,34.09,1412.9,1,1
60,19,22.61,5564,Month-to-Month,0,0,Female,1,Fiber Optic,33.012751,-117.200617,0,83.55,0,0,0,,1,0,1,0,Bank Withdrawal,1,0,0,5,0,0,0,1,17,1329.15,0,384.37,0.0,1713.52,1,0
43,0,46.94,4283,Month-to-Month,0,0,Female,0,,38.69508,-121.271616,0,19.5,0,0,0,,0,0,1,0,Bank Withdrawal,1,0,0,4,0,0,0,0,9,178.85,0,422.46,0.0,601.31,0,0
30,26,48.8,4020,Month-to-Month,0,1,Male,1,Fiber Optic,32.85723,-117.209774,1,99.45,1,0,2,Offer A,0,0,1,1,Credit Card,1,0,1,3,0,1,1,1,69,7007.6,0,3367.2,0.0,10374.8,1,1
71,27,28.3,4036,One Year,1,0,Male,1,Fiber Optic,32.800671,-116.483363,1,101.15,1,1,9,,1,0,0,1,Bank Withdrawal,1,0,1,5,1,1,0,1,38,3741.85,0,1075.4,0.0,4817.25,1,0
25,0,22.05,4603,Two Year,1,0,Female,0,,39.245911,-123.77214,1,20.1,0,2,6,,0,0,1,1,Credit Card,1,0,1,4,0,0,0,0,72,1326.25,0,1587.6,0.0,2913.85,0,0
30,69,40.25,4510,One Year,0,1,Female,1,Fiber Optic,37.858898,-122.240512,0,94.9,1,0,0,Offer B,0,1,0,0,Credit Card,1,0,0,4,0,0,0,1,47,4615.25,0,1891.75,0.0,6507.0,1,0
64,25,21.52,4620,Month-to-Month,0,0,Female,1,Fiber Optic,34.072121,-117.698319,0,69.7,0,0,0,,0,0,0,0,Bank Withdrawal,1,0,0,2,0,0,0,0,1,69.7,0,21.52,0.0,91.22,1,1
62,17,6.77,5843,One Year,0,0,Female,1,DSL,38.105733,-122.186338,0,59.3,0,0,0,,0,0,0,0,Bank Withdrawal,1,1,0,4,0,1,1,0,39,2209.15,0,264.03,0.0,2473.18,1,0
80,0,7.03,4577,Two Year,0,0,Male,0,,37.654436,-122.426468,0,19.2,0,0,0,,0,0,0,0,Bank Withdrawal,1,0,0,5,1,0,0,0,2,37.2,0,14.06,0.0,51.26,0,0
66,5,41.85,5242,Two Year,0,0,Male,1,Fiber Optic,32.847336,-116.997605,0,69.7,0,0,0,Offer E,0,0,1,0,Bank Withdrawal,1,0,0,4,1,0,0,0,8,572.85,0,334.8,0.0,907.65,1,0
20,42,28.16,5598,Month-to-Month,0,0,Male,1,Fiber Optic,39.003358,-121.022539,0,99.95,1,0,0,,0,0,1,0,Credit Card,1,1,0,1,0,1,1,1,12,1132.75,120,337.92,0.0,1590.67,0,1
30,52,25.39,4212,Month-to-Month,0,1,Male,1,DSL,34.103578,-117.04054,0,54.35,1,0,0,Offer E,0,0,0,0,Bank Withdrawal,1,0,0,3,0,0,0,0,1,54.35,0,25.39,0.0,79.74,1,1
29,0,46.53,4267,Month-to-Month,0,0,Male,0,,38.527297,-122.810044,0,20.2,0,0,0,,0,0,1,0,Bank Withdrawal,1,0,0,3,0,0,0,0,4,55.7,0,186.12,0.0,241.82,0,0
19,0,24.72,4412,Two Year,0,0,Female,0,,34.093781,-118.381061,1,24.4,1,0,1,Offer A,0,0,1,1,Credit Card,1,0,1,5,0,0,0,0,71,1725.4,0,1755.12,0.0,3480.52,0,0
42,0,21.59,4939,Month-to-Month,0,0,Female,0,,34.559882,-115.637164,0,20.15,0,0,0,Offer E,0,0,1,0,Mailed Check,1,0,0,3,0,0,0,0,1,20.15,0,21.59,0.0,41.74,0,1
30,52,5.78,5715,Month-to-Month,0,0,Male,1,Fiber Optic,32.85723,-117.209774,0,80.6,0,0,0,Offer E,0,0,1,0,Bank Withdrawal,1,0,0,2,0,0,0,1,5,415.55,40,28.9,36.44,448.01,0,1
35,7,14.39,4934,Two Year,0,1,Male,1,DSL,38.922812,-121.312005,0,86.55,1,0,0,Offer B,1,0,0,0,Credit Card,1,1,0,4,0,1,1,1,64,5632.55,0,920.96,0.0,6553.51,1,0
36,16,24.13,3150,Month-to-Month,0,0,Male,1,Cable,35.342891,-119.064803,0,45.2,0,0,0,Offer B,0,0,1,0,Credit Card,1,0,0,5,0,0,0,0,46,2065.15,0,1109.98,0.0,3175.13,1,0
20,53,23.45,4621,Month-to-Month,0,0,Female,1,Fiber Optic,34.103578,-117.04054,1,77.75,1,0,3,,1,0,1,1,Credit Card,1,0,1,3,0,0,0,0,55,4266.4,0,1289.75,0.0,5556.15,1,0
42,0,16.59,4018,One Year,0,0,Male,0,,37.801776,-122.402293,0,20.05,0,0,0,,0,0,0,0,Credit Card,1,0,0,3,0,0,0,0,12,267.0,0,199.08,0.0,466.08,0,0
49,12,46.45,2683,Month-to-Month,1,1,Female,1,Fiber Optic,34.242058,-116.89802,1,112.95,1,1,8,Offer D,0,1,1,1,Bank Withdrawal,1,1,1,3,0,1,1,1,16,1882.55,0,743.2,0.0,2625.75,1,0
80,24,29.12,6080,Two Year,0,0,Female,1,DSL,33.960891,-118.032222,0,70.2,0,0,0,Offer B,1,1,1,0,Credit Card,1,1,0,1,1,0,0,1,64,4481.0,0,1863.68,0.0,6344.68,1,1
19,59,2.63,5978,One Year,1,0,Male,1,DSL,37.246064,-121.749494,0,56.2,0,2,0,Offer C,1,1,0,0,Credit Card,1,0,0,4,0,0,0,0,27,1567.55,30,71.01,0.0,1668.56,0,0
56,0,6.93,5761,Month-to-Month,0,0,Male,0,,39.239818,-123.565432,0,20.15,0,0,0,,0,0,0,0,Bank Withdrawal,1,0,0,5,0,0,0,0,6,130.5,0,41.58,0.0,172.08,0,0
27,0,49.51,5657,Month-to-Month,1,0,Female,0,,37.750822,-121.238423,1,19.9,0,2,2,Offer D,0,0,0,1,Credit Card,1,0,1,4,0,0,0,0,22,400.3,0,1089.22,0.0,1489.52,0,0
32,0,39.61,2664,Month-to-Month,0,0,Male,0,,38.488431,-122.752839,0,20.45,0,0,0,,0,0,0,0,Mailed Check,1,0,0,5,0,0,0,0,1,20.45,0,39.61,0.0,60.06,0,0
72,6,0.0,4272,Month-to-Month,0,0,Female,1,Cable,36.301689,-119.018233,0,55.8,0,0,0,,1,1,1,0,Bank Withdrawal,0,0,0,1,1,1,1,1,40,2109.35,80,0.0,0.0,2189.35,0,1
45,13,1.27,5038,Two Year,0,1,Female,1,Fiber Optic,35.151491,-117.927597,1,94.6,1,0,7,Offer B,0,1,1,1,Credit Card,1,0,1,4,0,0,0,1,64,5948.7,0,81.28,0.0,6029.98,1,0
40,0,12.82,4146,Month-to-Month,1,0,Female,0,,39.19514,-121.503883,1,19.35,0,3,10,,0,0,0,1,Credit Card,1,0,1,5,0,0,0,0,16,275.9,0,205.12,33.24,447.78,0,0
51,22,16.63,3200,One Year,0,1,Male,1,Fiber Optic,32.636792,-117.054989,1,86.8,0,0,2,Offer D,1,0,0,1,Credit Card,1,1,1,4,0,0,0,0,23,1940.8,90,382.49,0.0,2413.29,0,0
19,76,12.59,4623,Month-to-Month,0,0,Female,1,Cable,38.113533,-122.11926,1,50.85,0,0,4,,1,0,0,1,Credit Card,1,0,1,4,0,0,0,0,9,466.6,0,113.31,0.0,579.91,1,0
72,18,1.26,3157,Month-to-Month,0,1,Male,1,Fiber Optic,32.730264,-116.950963,1,105.75,1,0,0,Offer C,1,0,0,1,Bank Withdrawal,1,0,0,1,1,1,1,1,26,2710.25,90,32.76,0.0,2833.01,0,1
35,53,41.93,5775,Month-to-Month,1,0,Female,1,Fiber Optic,34.137319,-118.029837,1,78.9,0,3,9,,0,0,1,1,Credit Card,1,0,1,4,0,0,0,1,4,299.75,0,167.72,37.01,430.46,1,0
70,29,35.1,2080,Month-to-Month,0,0,Male,1,Fiber Optic,39.600599,-120.636358,0,95.45,1,0,0,Offer C,0,0,1,0,Bank Withdrawal,1,0,0,2,1,1,0,1,35,3474.05,80,1228.5,0.0,4782.55,0,1
73,21,20.15,3172,Month-to-Month,0,0,Female,1,Fiber Optic,35.453912,-120.69461,1,101.25,1,0,9,,0,0,1,1,Bank Withdrawal,1,1,1,4,1,1,1,1,39,3949.15,0,785.85,0.0,4735.0,1,0
31,20,0.0,4387,Month-to-Month,1,0,Female,1,DSL,37.245505,-118.062943,1,30.25,0,2,6,Offer E,1,0,1,1,Mailed Check,0,0,1,3,0,0,0,0,2,63.75,0,0.0,0.0,63.75,1,0
27,48,33.63,5105,One Year,0,0,Male,1,DSL,37.84551,-122.235181,1,54.35,0,0,1,,0,1,0,1,Credit Card,1,1,1,5,0,0,0,0,28,1426.45,30,941.64,0.0,2398.09,0,0
74,22,4.2,2641,One Year,0,1,Male,1,Fiber Optic,36.784481,-121.759054,1,98.85,1,0,6,,0,0,1,1,Bank Withdrawal,1,0,1,5,1,1,0,1,46,4564.9,0,193.2,0.0,4758.1,1,0
63,0,34.22,5212,One Year,0,0,Male,0,,32.898613,-117.202937,1,20.6,0,0,2,,0,0,0,1,Credit Card,1,0,1,5,0,0,0,0,33,690.25,0,1129.26,0.0,1819.51,0,0
31,22,32.07,3596,Month-to-Month,0,1,Female,1,Fiber Optic,34.099869,-118.326843,1,102.1,1,0,1,,1,0,1,1,Credit Card,1,0,1,3,0,1,1,1,10,1068.85,0,320.7,0.0,1389.55,1,1
23,0,15.22,2569,Month-to-Month,0,0,Female,0,,37.991259,-122.214945,0,25.75,1,0,0,,0,0,1,0,Credit Card,1,0,0,4,0,0,0,0,1,25.75,0,15.22,0.0,40.97,0,0
28,42,16.16,2887,Month-to-Month,0,1,Male,1,DSL,33.680302,-117.833296,0,65.35,0,0,0,,0,1,0,0,Bank Withdrawal,1,0,0,3,0,0,0,1,21,1424.4,0,339.36,0.0,1763.76,1,0
25,52,39.85,2926,Month-to-Month,0,1,Male,1,DSL,33.948558,-116.516976,0,61.65,0,0,0,Offer D,0,0,0,0,Credit Card,1,0,0,4,0,1,1,0,21,1393.6,0,836.85,0.0,2230.45,1,0
55,0,32.13,4642,Two Year,0,0,Female,0,,34.506627,-118.699048,1,24.75,1,0,3,,0,0,0,1,Bank Withdrawal,1,0,1,3,0,0,0,0,71,1836.9,0,2281.23,0.0,4118.13,0,0
51,16,0.0,3099,One Year,0,1,Male,1,DSL,33.930931,-117.361788,0,43.75,0,0,0,Offer D,1,0,1,0,Bank Withdrawal,0,0,0,3,0,1,1,0,22,903.6,0,0.0,0.0,903.6,1,1
21,27,34.58,5371,Month-to-Month,1,1,Male,1,Fiber Optic,37.971751,-122.611873,1,91.8,1,1,0,,1,1,1,1,Bank Withdrawal,1,0,0,3,0,0,0,0,64,5960.5,0,2213.12,0.0,8173.62,1,0
25,42,30.99,4562,Month-to-Month,0,0,Female,1,Fiber Optic,37.750553,-122.197175,0,69.9,0,0,0,,0,0,1,0,Credit Card,1,0,0,4,0,0,0,0,7,497.3,0,216.93,0.0,714.23,1,0
60,8,27.66,2058,Month-to-Month,0,0,Female,1,Fiber Optic,33.902045,-118.008961,1,94.3,1,0,6,Offer D,0,0,1,1,Bank Withdrawal,1,0,1,3,0,1,1,1,21,1948.35,30,580.86,0.0,2559.21,0,0
53,15,10.12,4157,Month-to-Month,0,0,Male,1,Fiber Optic,41.764869,-122.671316,0,99.7,1,0,0,Offer D,0,1,1,0,Bank Withdrawal,1,0,0,3,0,1,1,1,15,1566.75,0,151.8,0.0,1718.55,1,0
80,25,7.02,4517,Month-to-Month,0,0,Female,1,Cable,33.828289,-117.201666,1,75.2,0,0,2,,0,1,1,1,Bank Withdrawal,1,0,1,1,1,0,0,0,27,1929.35,0,189.54,0.0,2118.89,1,1
53,30,9.21,4965,One Year,0,0,Male,1,Fiber Optic,33.784597,-117.844535,1,90.35,1,0,0,,1,0,1,1,Credit Card,1,0,0,3,0,1,1,0,51,4614.55,0,469.71,0.0,5084.26,1,0
42,2,39.87,3043,Month-to-Month,0,0,Male,1,DSL,37.750822,-121.238423,0,50.15,1,0,0,Offer E,0,0,1,0,Bank Withdrawal,1,0,0,3,0,0,0,0,1,50.15,0,39.87,0.0,90.02,1,0
25,30,33.75,4193,Two Year,1,1,Male,1,Cable,38.672638,-121.147403,1,89.7,1,1,10,Offer A,1,1,0,1,Credit Card,1,1,1,3,0,1,1,1,72,6339.3,0,2430.0,0.0,8769.3,1,0
67,27,0.0,2560,Two Year,0,1,Male,1,Cable,39.045246,-122.743181,1,43.35,0,0,1,,1,0,1,1,Credit Card,0,0,1,3,1,1,0,0,8,371.4,0,0.0,0.0,371.4,1,0
20,0,41.64,3575,One Year,0,0,Female,0,,41.813521,-121.492666,1,20.65,0,0,2,Offer E,0,0,0,1,Mailed Check,1,0,1,4,0,0,0,0,7,134.05,0,291.48,0.0,425.53,0,0
65,29,40.65,5688,One Year,0,1,Male,1,DSL,41.266008,-120.490731,1,84.0,0,0,1,,1,1,1,1,Bank Withdrawal,1,1,1,3,1,1,1,1,63,5329.55,0,2560.95,0.0,7890.5,1,0
60,13,15.03,3407,Month-to-Month,0,1,Male,1,DSL,32.787836,-117.232376,0,53.75,1,0,0,Offer D,0,0,0,0,Bank Withdrawal,1,0,0,1,0,0,0,0,11,608.0,0,165.33,0.0,773.33,1,1
34,16,19.52,3843,Month-to-Month,0,0,Male,1,Cable,32.857946,-116.561917,0,45.85,0,0,0,,0,0,0,0,Credit Card,1,0,0,1,0,0,0,0,2,81.0,0,39.04,0.0,120.04,1,1
35,7,31.76,3348,Month-to-Month,0,1,Male,1,Fiber Optic,34.244411,-117.072654,1,93.35,1,0,5,,1,0,1,1,Bank Withdrawal,1,0,1,4,0,1,1,0,33,3092.0,0,1048.08,0.0,4140.08,1,0
77,9,37.65,5495,One Year,0,0,Male,1,DSL,33.653338,-117.178271,1,51.6,1,0,1,Offer C,0,0,1,1,Bank Withdrawal,1,0,1,5,1,0,0,0,29,1442.0,0,1091.85,0.0,2533.85,1,0
41,21,0.0,5942,Month-to-Month,0,0,Female,1,DSL,40.692523,-122.369876,0,24.9,0,0,0,,0,0,0,0,Credit Card,0,0,0,5,0,0,0,0,20,505.95,0,0.0,0.0,505.95,1,0
38,8,5.4,5160,One Year,0,1,Female,1,Fiber Optic,41.816595,-122.948287,1,98.6,0,0,1,Offer D,0,0,0,1,Bank Withdrawal,1,1,1,2,0,1,1,1,17,1704.95,0,91.8,0.0,1796.75,1,1
51,13,33.91,2681,One Year,0,1,Female,1,DSL,38.439696,-122.668817,0,60.35,0,0,0,,0,1,1,0,Credit Card,1,1,0,1,0,0,0,0,48,2896.4,0,1627.68,0.0,4524.08,1,1
20,30,0.0,5450,Month-to-Month,0,0,Female,1,DSL,33.792791,-117.789749,0,35.2,0,0,0,Offer E,0,0,0,0,Credit Card,0,0,0,1,0,0,0,1,3,108.95,0,0.0,0.0,108.95,1,1
35,20,34.12,2421,Month-to-Month,0,0,Female,1,Fiber Optic,37.277592,-121.986477,0,69.8,0,0,0,Offer D,0,0,1,0,Bank Withdrawal,1,0,0,4,0,0,0,0,18,1221.65,0,614.16,0.0,1835.81,1,0
28,0,8.74,3646,One Year,0,0,Female,0,,33.954017,-118.402447,1,20.75,0,0,8,Offer D,0,0,0,1,Credit Card,1,0,1,4,0,0,0,0,17,418.25,0,148.58,0.0,566.83,0,0
56,17,17.31,4613,Two Year,0,1,Male,1,DSL,37.252057,-119.95783,1,68.15,1,0,1,Offer A,1,1,0,1,Credit Card,1,1,1,3,0,0,0,0,72,4808.7,0,1246.32,0.0,6055.02,1,0
54,0,1.41,5508,Month-to-Month,0,0,Male,0,,33.88151,-118.234451,0,23.5,1,0,0,Offer E,0,0,0,0,Credit Card,1,0,0,4,0,0,0,0,7,173.0,0,9.87,0.0,182.87,0,0
63,20,43.32,3223,Month-to-Month,0,0,Female,1,Fiber Optic,36.315979,-119.710852,0,85.65,1,0,0,Offer E,0,0,1,0,Bank Withdrawal,1,0,0,1,0,0,0,1,4,321.65,10,173.28,0.0,504.93,0,1
27,0,42.33,5145,Month-to-Month,0,0,Female,0,,39.873371,-123.741474,1,20.5,0,0,3,,0,0,0,1,Credit Card,1,0,1,4,0,0,0,0,28,563.05,0,1185.24,0.0,1748.29,0,0
21,59,16.06,4504,Month-to-Month,0,0,Female,1,DSL,32.649787,-116.2237,1,53.55,0,0,6,Offer E,1,1,1,1,Credit Card,1,0,1,4,0,0,1,0,1,53.55,0,16.06,0.0,69.61,1,0
31,21,19.22,5369,One Year,0,0,Female,1,Fiber Optic,32.89325,-117.087091,1,96.9,0,0,10,,0,1,1,1,Credit Card,1,1,1,3,0,1,1,1,64,6314.35,0,1230.08,13.37,7531.06,1,0
25,27,6.84,5458,Month-to-Month,0,0,Female,1,Fiber Optic,41.121108,-122.336613,1,94.2,1,0,1,,0,0,1,1,Bank Withdrawal,1,0,1,1,0,1,1,1,42,4186.3,0,287.28,0.0,4473.58,1,1
52,0,20.85,3764,Two Year,1,0,Male,0,,33.617108,-117.253349,1,19.6,0,3,1,Offer C,0,0,0,1,Credit Card,1,0,1,4,0,0,0,0,35,686.95,0,729.75,0.0,1416.7,0,0
68,11,47.28,4287,Month-to-Month,0,0,Female,1,Fiber Optic,32.85723,-117.209774,1,81.0,1,0,1,Offer E,1,0,1,1,Bank Withdrawal,1,0,1,1,1,0,0,0,5,371.65,10,236.4,40.64,577.41,0,1
52,20,40.48,4666,One Year,1,1,Female,1,DSL,38.627951,-121.593287,1,79.4,1,2,3,Offer B,1,1,1,1,Bank Withdrawal,1,1,1,3,0,1,1,0,61,4820.55,0,2469.28,0.0,7289.83,1,0
33,5,9.01,3560,One Year,0,0,Male,1,DSL,33.936827,-118.359824,1,48.7,0,0,10,,0,1,0,1,Credit Card,1,0,1,3,0,0,0,0,27,1421.75,0,243.27,0.0,1665.02,1,0
33,21,48.66,5239,Month-to-Month,0,0,Male,1,Fiber Optic,33.850504,-118.039892,0,79.0,0,0,0,,0,0,0,0,Bank Withdrawal,1,0,0,3,0,0,0,1,2,143.65,0,97.32,0.0,240.97,1,1
33,16,36.94,2757,Month-to-Month,1,0,Male,1,Fiber Optic,33.890853,-118.297967,1,101.5,0,1,1,,1,0,1,1,Bank Withdrawal,1,1,1,3,0,1,1,1,9,906.85,0,332.46,0.0,1239.31,1,0
55,12,41.13,6469,Two Year,0,1,Male,1,Cable,40.342928,-124.063329,0,69.4,1,0,0,Offer B,1,1,0,0,Bank Withdrawal,1,1,0,3,0,0,0,0,62,4237.5,0,2550.06,0.0,6787.56,1,0
62,27,1.18,5733,Two Year,1,1,Female,1,DSL,34.136367,-117.460803,1,63.55,0,2,6,Offer B,1,1,0,1,Credit Card,1,1,1,3,0,0,0,0,63,4014.2,90,74.34,0.0,4178.54,0,0
19,51,29.13,5617,Month-to-Month,0,0,Female,1,Cable,33.655421,-117.391751,0,50.1,1,0,0,,0,0,1,0,Bank Withdrawal,1,0,0,4,0,0,0,0,1,50.1,0,29.13,0.0,79.23,1,0
59,21,13.32,4741,One Year,1,0,Male,1,DSL,38.129308,-122.834815,1,64.75,0,1,1,,0,0,1,1,Bank Withdrawal,1,0,1,3,0,1,1,1,13,877.35,0,173.16,0.0,1050.51,1,0
30,0,34.26,2604,Month-to-Month,0,0,Male,0,,33.956445,-118.358634,0,21.05,0,0,0,Offer E,0,0,0,0,Credit Card,1,0,0,3,0,0,0,0,5,113.85,0,171.3,0.0,285.15,0,1
44,10,16.93,4180,Two Year,0,1,Female,1,DSL,36.185471,-119.375243,0,84.7,1,0,0,,1,1,0,0,Credit Card,1,0,0,4,0,1,1,1,70,5991.05,0,1185.1,0.0,7176.15,1,0
49,25,6.24,3452,Month-to-Month,0,1,Male,1,Fiber Optic,32.886925,-117.152162,0,89.8,0,0,0,Offer C,1,0,0,0,Bank Withdrawal,1,0,0,1,0,0,0,1,26,2335.3,0,162.24,0.0,2497.54,1,1
48,0,41.93,5646,Two Year,1,0,Female,0,,33.162624,-117.170863,1,20.35,0,4,1,,0,0,1,1,Bank Withdrawal,1,0,1,3,0,0,0,0,54,1092.35,0,2264.22,0.0,3356.57,0,0
40,0,26.98,6391,One Year,1,0,Male,0,,37.127386,-120.506422,1,20.35,0,2,9,,0,0,1,1,Credit Card,1,0,1,5,0,0,0,0,50,938.95,0,1349.0,0.0,2287.95,0,0
19,0,9.77,2608,Two Year,1,0,Female,0,,34.598221,-117.79593,1,20.0,0,3,2,,0,0,0,1,Credit Card,1,0,1,5,0,0,0,0,48,935.9,0,468.96,0.0,1404.86,0,0
49,0,28.19,6058,Two Year,1,0,Male,0,,32.858595,-115.662709,1,19.9,0,2,10,Offer A,0,0,0,1,Bank Withdrawal,1,0,1,3,0,0,0,0,69,1356.7,0,1945.11,0.0,3301.81,0,0
63,14,31.83,4055,Two Year,1,1,Female,1,Fiber Optic,32.827238,-117.089287,1,116.85,1,1,1,Offer A,1,1,1,1,Bank Withdrawal,1,1,1,3,0,1,1,1,72,8477.7,0,2291.76,0.0,10769.46,1,0
47,23,35.46,4019,Month-to-Month,0,1,Male,1,Fiber Optic,40.946785,-121.719489,1,104.3,1,0,1,,1,0,1,1,Bank Withdrawal,1,0,1,1,0,1,1,1,54,5278.15,0,1914.84,11.45,7181.54,1,1
63,0,37.95,4934,One Year,0,0,Female,0,,34.255203,-117.175654,0,19.75,0,0,0,Offer B,0,0,0,0,Bank Withdrawal,1,0,0,4,0,0,0,0,50,989.05,0,1897.5,0.0,2886.55,0,0
20,26,20.26,3578,Month-to-Month,0,1,Female,1,Fiber Optic,34.279221,-119.221437,0,98.15,0,0,0,Offer E,1,1,1,0,Bank Withdrawal,1,1,0,1,0,1,1,0,6,567.45,0,121.56,0.0,689.01,1,1
43,57,6.95,5169,Two Year,1,1,Male,1,Fiber Optic,39.624561,-121.552866,1,104.9,0,3,5,Offer A,0,1,1,1,Credit Card,1,1,1,4,0,1,1,1,72,7559.55,0,500.4,0.0,8059.95,1,0
41,23,28.54,5979,Two Year,0,1,Female,1,Fiber Optic,33.507255,-117.029473,1,110.5,1,0,4,,1,0,1,1,Bank Withdrawal,1,1,1,4,0,1,1,1,70,7752.05,0,1997.8,0.0,9749.85,1,0
39,3,32.67,4629,One Year,0,1,Male,1,Fiber Optic,39.178337,-120.162806,0,117.2,1,0,0,,1,1,1,0,Credit Card,1,1,0,3,0,1,1,1,68,8035.95,0,2221.56,0.0,10257.51,1,0
34,22,15.37,6435,One Year,0,1,Male,1,Fiber Optic,38.304194,-120.592431,0,90.1,0,0,0,,1,1,1,0,Credit Card,1,1,0,3,0,0,0,0,50,4549.45,0,768.5,0.0,5317.95,1,0
41,18,22.11,5973,Month-to-Month,0,0,Female,1,DSL,32.898613,-117.202937,0,45.8,0,0,0,Offer E,0,0,0,0,Bank Withdrawal,1,0,0,1,0,0,0,0,1,45.8,10,22.11,0.0,77.91,0,1
52,26,15.96,5504,Two Year,1,0,Male,1,DSL,37.587494,-121.862856,1,68.4,0,1,7,,1,1,0,1,Bank Withdrawal,1,1,1,3,0,0,0,1,72,4855.35,0,1149.12,0.0,6004.47,1,0
25,69,3.67,5379,Month-to-Month,0,0,Male,1,DSL,32.825086,-117.199424,1,59.95,0,0,5,,0,1,1,1,Bank Withdrawal,1,0,1,4,0,1,1,0,23,1406.0,140,84.41,26.55,1603.86,0,0
41,0,12.87,2192,Month-to-Month,1,0,Female,0,,32.832706,-116.873258,0,20.05,0,3,0,Offer C,0,0,0,0,Credit Card,1,0,0,5,0,0,0,0,25,471.7,0,321.75,0.0,793.45,0,0
62,58,34.54,5641,One Year,1,1,Male,1,Fiber Optic,37.521708,-120.426843,1,99.9,1,3,3,,0,0,1,1,Bank Withdrawal,1,0,1,5,0,1,1,1,61,6241.35,0,2106.94,0.0,8348.29,1,0
30,85,47.51,5948,Month-to-Month,0,0,Female,1,Fiber Optic,35.215731,-119.57013,0,75.5,1,0,0,Offer E,0,0,1,0,Bank Withdrawal,1,0,0,2,0,0,0,0,3,220.6,0,142.53,0.0,363.13,1,1
47,0,10.54,4411,One Year,0,0,Female,0,,36.878709,-119.7645,1,20.25,0,0,1,Offer C,0,0,1,1,Credit Card,1,0,1,4,0,0,0,0,38,814.75,0,400.52,0.0,1215.27,0,0
38,23,6.63,6231,Two Year,0,1,Male,1,DSL,41.042003,-120.506086,1,58.6,0,0,9,Offer B,1,1,0,1,Bank Withdrawal,1,0,1,3,0,0,0,0,55,3068.6,0,364.65,0.0,3433.25,1,0
74,14,46.2,4588,Two Year,0,1,Female,1,Fiber Optic,38.006047,-121.916834,1,113.0,1,0,8,Offer A,1,1,1,1,Credit Card,1,1,1,3,1,1,0,1,70,7987.6,0,3234.0,0.0,11221.6,1,0
49,0,11.52,3421,Month-to-Month,0,0,Female,0,,34.13946,-118.166649,1,24.7,1,0,5,Offer C,0,0,0,1,Bank Withdrawal,1,0,1,4,0,0,0,0,34,780.2,0,391.68,0.0,1171.88,0,0
60,27,36.49,4886,Two Year,0,1,Male,1,Fiber Optic,38.166791,-121.14207,0,118.2,1,0,0,,1,1,1,0,Bank Withdrawal,1,1,0,3,0,1,1,1,72,8547.15,0,2627.28,0.0,11174.43,1,0
73,5,35.16,4991,Month-to-Month,0,0,Male,1,Fiber Optic,38.787446,-122.58675,1,74.0,1,0,10,,0,0,0,1,Bank Withdrawal,1,0,1,5,1,0,0,0,54,3919.15,0,1898.64,0.0,5817.79,1,0
24,73,48.3,5721,Month-to-Month,1,1,Male,1,Fiber Optic,34.17051,-118.289463,1,109.95,1,3,8,,1,0,1,1,Bank Withdrawal,1,1,1,3,0,1,1,1,35,3782.4,0,1690.5,31.9,5441.0,1,0
49,19,1.86,3878,Month-to-Month,1,1,Male,1,DSL,40.789799,-121.474529,1,55.3,0,1,1,Offer E,1,0,1,1,Mailed Check,1,0,1,2,0,0,0,0,6,324.25,0,11.16,0.0,335.41,1,1
23,0,14.04,3509,One Year,0,0,Female,0,,39.084645,-120.894014,1,20.1,0,0,4,,0,0,0,1,Credit Card,1,0,1,5,0,0,0,0,10,184.4,0,140.4,0.0,324.8,0,0
27,0,18.57,3179,Two Year,1,0,Female,0,,37.717196,-122.159338,1,26.1,1,2,10,Offer D,0,0,0,1,Credit Card,1,0,1,5,0,0,0,0,10,225.55,0,185.7,0.0,411.25,0,0
63,18,37.43,3790,Month-to-Month,0,1,Male,1,Fiber Optic,38.880622,-120.973865,0,95.85,0,0,0,,0,0,1,0,Bank Withdrawal,1,0,0,1,0,1,1,1,2,197.7,0,74.86,0.0,272.56,1,1
21,69,7.67,5956,Month-to-Month,0,0,Male,1,DSL,33.723579,-118.005441,1,63.85,1,0,4,,0,0,0,1,Bank Withdrawal,1,1,1,3,0,1,1,0,66,4264.6,0,506.22,0.0,4770.82,1,0
37,27,44.98,5230,Month-to-Month,0,0,Female,1,DSL,33.345825,-115.596574,0,49.95,0,0,0,,1,0,0,0,Bank Withdrawal,1,0,0,3,0,0,0,0,1,49.95,0,44.98,0.0,94.93,1,0
77,18,9.13,4599,One Year,0,0,Female,1,Fiber Optic,37.147198,-121.120161,1,99.1,0,0,6,,1,1,0,1,Mailed Check,1,0,1,3,1,1,0,1,39,3877.95,0,356.07,0.0,4234.02,1,0
48,0,30.58,4271,One Year,0,0,Male,0,,32.690654,-115.431225,0,19.5,0,0,0,Offer E,0,0,0,0,Credit Card,1,0,0,5,0,0,0,0,7,128.6,0,214.06,0.0,342.66,0,0
72,20,41.43,4618,Month-to-Month,0,0,Male,1,Cable,33.952714,-118.292061,0,44.7,0,0,0,Offer E,0,0,1,0,Bank Withdrawal,1,0,0,1,1,0,0,0,2,93.7,0,82.86,0.0,176.56,1,1
54,24,18.85,6287,One Year,1,1,Female,1,Cable,38.196497,-120.61689,1,59.3,0,1,6,Offer B,0,1,1,1,Credit Card,1,1,1,3,0,0,0,0,57,3274.35,0,1074.45,0.0,4348.8,1,0
32,23,33.07,4567,One Year,1,1,Female,1,DSL,34.239636,-118.245259,1,87.2,0,2,4,,1,1,1,1,Credit Card,1,1,1,3,0,1,1,1,49,4345.0,0,1620.43,0.0,5965.43,1,0
64,29,0.0,6435,Two Year,0,1,Female,1,DSL,38.421458,-122.365048,0,47.4,0,0,0,Offer A,1,1,1,0,Mailed Check,0,1,0,3,0,0,0,0,66,3177.25,0,0.0,0.0,3177.25,0,0
53,9,49.63,5732,Month-to-Month,0,0,Female,1,Fiber Optic,37.45809,-122.115398,1,95.6,1,0,2,,0,0,1,1,Bank Withdrawal,1,0,1,1,0,1,1,1,49,4783.5,0,2431.87,0.0,7215.37,1,1
61,24,16.87,5494,Month-to-Month,1,1,Female,1,Fiber Optic,41.764869,-122.671316,1,85.8,0,1,3,Offer B,1,0,0,1,Bank Withdrawal,1,1,1,3,0,0,0,0,52,4433.3,0,877.24,0.0,5310.54,1,0
44,16,0.0,4795,Two Year,0,1,Female,1,DSL,33.832799,-116.250973,1,47.6,0,0,1,Offer A,1,1,1,1,Bank Withdrawal,0,1,1,3,0,0,0,0,71,3377.8,0,0.0,0.0,3377.8,1,0
42,24,48.25,3522,Month-to-Month,0,0,Male,1,Fiber Optic,39.467828,-120.841386,0,70.05,0,0,0,,0,0,0,0,Credit Card,1,0,0,3,0,0,0,0,9,657.5,0,434.25,0.0,1091.75,1,0
44,23,34.62,4766,Month-to-Month,0,1,Male,1,Fiber Optic,33.933565,-118.062611,1,101.05,1,0,1,,0,0,1,1,Bank Withdrawal,1,0,1,1,0,1,1,1,24,2391.8,0,830.88,0.0,3222.68,1,1
34,12,30.27,5044,One Year,0,0,Male,1,Fiber Optic,33.75462,-118.071128,0,84.3,1,0,0,,1,1,1,0,Credit Card,1,0,0,3,0,0,0,0,64,5289.05,0,1937.28,0.0,7226.33,1,0
44,0,17.23,2558,Two Year,1,0,Male,0,,34.078821,-118.177576,0,19.35,0,3,0,Offer D,0,0,0,0,Bank Withdrawal,1,0,0,5,0,0,0,0,12,212.3,0,206.76,0.0,419.06,0,0
32,26,5.07,5630,Month-to-Month,0,0,Female,1,Fiber Optic,33.624654,-117.611733,1,74.05,0,0,1,,1,0,1,1,Bank Withdrawal,1,0,1,3,0,0,0,0,21,1565.7,0,106.47,0.0,1672.17,1,1
42,24,27.72,2558,Month-to-Month,0,1,Female,1,Fiber Optic,36.635661,-120.288644,0,87.55,0,0,0,,0,0,1,0,Bank Withdrawal,1,1,0,1,0,1,1,0,36,3078.1,0,997.92,0.0,4076.02,1,1
77,0,32.12,5819,Two Year,1,0,Male,0,,38.445939,-121.496855,1,19.8,0,1,5,,0,0,0,1,Credit Card,1,0,1,4,1,0,0,0,71,1388.45,0,2280.52,0.0,3668.97,0,0
71,30,31.68,6500,Two Year,0,1,Male,1,DSL,33.678591,-117.905471,1,85.65,0,0,8,,1,1,1,1,Bank Withdrawal,1,1,1,3,1,1,0,1,56,4824.45,0,1774.08,0.0,6598.53,1,0
49,57,8.02,4198,Month-to-Month,1,0,Female,1,DSL,39.473896,-121.415927,0,75.9,1,3,0,Offer D,1,1,1,0,Credit Card,1,1,0,4,0,0,0,1,19,1375.6,0,152.38,0.0,1527.98,1,0
54,27,15.9,5913,Month-to-Month,0,0,Male,1,Cable,33.859171,-118.252272,0,43.85,0,0,0,,0,0,1,0,Bank Withdrawal,1,0,0,4,0,0,0,0,1,43.85,10,15.9,0.0,69.75,0,0
42,8,1.64,3641,Month-to-Month,0,0,Female,1,Fiber Optic,33.83796,-117.870494,0,74.95,1,0,0,Offer E,0,0,1,0,Bank Withdrawal,1,0,0,5,0,0,0,0,3,212.4,0,4.92,27.6,189.72,1,0
73,24,19.03,2230,Month-to-Month,0,0,Female,1,Fiber Optic,38.544002,-121.685559,0,95.05,1,0,0,,0,0,1,0,Bank Withdrawal,1,0,0,1,1,1,1,1,13,1290.0,0,247.39,0.0,1537.39,1,1
58,22,40.78,6258,Two Year,0,0,Male,1,Fiber Optic,34.04622,-118.053753,1,109.95,1,0,9,Offer A,1,1,1,1,Credit Card,1,1,1,4,0,1,1,1,72,7852.4,0,2936.16,0.0,10788.56,1,0
40,57,39.52,4024,Two Year,1,1,Male,1,Fiber Optic,38.833554,-121.498102,1,104.1,1,3,0,Offer B,0,0,1,1,Bank Withdrawal,1,1,0,4,0,1,1,1,65,6700.05,0,2568.8,0.0,9268.85,1,0
25,0,8.82,5179,Month-to-Month,0,0,Female,0,,34.002028,-118.430656,0,20.1,0,0,0,Offer D,0,0,0,0,Credit Card,1,0,0,4,0,0,0,0,12,223.6,0,105.84,0.0,329.44,0,0
50,19,2.51,5249,Month-to-Month,0,1,Female,1,Fiber Optic,34.059281,-118.30742,0,90.8,1,0,0,,1,1,0,0,Bank Withdrawal,1,0,0,3,0,0,0,0,53,4921.2,60,133.03,0.0,5114.23,0,0
23,42,18.03,4781,Two Year,0,1,Female,1,Cable,39.082568,-121.55325,1,74.35,0,0,2,,1,1,1,1,Mailed Check,1,1,1,3,0,1,1,0,64,4759.55,0,1153.92,0.0,5913.47,1,0
33,8,38.93,6334,Month-to-Month,0,0,Female,1,DSL,40.012675,-120.101857,0,49.75,0,0,0,Offer B,0,1,1,0,Bank Withdrawal,1,0,0,3,0,0,0,0,52,2535.55,0,2024.36,0.0,4559.91,1,0
55,15,30.88,3302,One Year,0,1,Female,1,DSL,34.122501,-117.320138,0,64.85,0,0,0,Offer D,0,1,0,0,Mailed Check,1,0,0,3,0,1,1,0,21,1336.8,0,648.48,0.0,1985.28,1,0
33,11,5.92,2966,Month-to-Month,0,0,Male,1,Fiber Optic,33.644849,-117.684254,0,86.05,1,0,0,Offer D,0,0,1,0,Bank Withdrawal,1,0,0,3,0,0,0,1,10,834.1,0,59.2,0.0,893.3,1,1
64,0,26.74,4948,Two Year,0,0,Female,0,,33.987945,-118.370442,0,24.2,1,0,0,Offer B,0,0,0,0,Credit Card,1,0,0,3,0,0,0,0,63,1618.2,0,1684.62,0.0,3302.82,0,0
55,29,17.73,2325,Month-to-Month,0,0,Female,1,Fiber Optic,32.747484,-117.166877,1,75.4,1,0,1,,0,0,1,1,Credit Card,1,0,1,3,0,0,0,0,24,1747.85,0,425.52,0.0,2173.37,1,1
22,41,36.61,6115,One Year,1,0,Male,1,DSL,34.402343,-119.094824,1,44.8,0,2,10,,0,0,1,1,Bank Withdrawal,1,0,1,5,0,0,0,0,50,2230.85,0,1830.5,36.22,4025.13,1,0
80,28,39.01,3950,Month-to-Month,0,0,Female,1,Fiber Optic,37.031404,-121.981865,0,87.1,0,0,0,,1,0,1,0,Bank Withdrawal,1,0,0,5,1,0,0,1,8,713.6,0,312.08,0.0,1025.68,1,0
50,26,31.34,5554,Two Year,0,1,Female,1,DSL,38.052209,-122.775567,0,80.3,1,0,0,,1,1,1,0,Credit Card,1,1,0,3,0,1,1,0,63,4995.35,0,1974.42,0.0,6969.77,1,0
28,69,2.87,4292,Two Year,1,1,Female,1,DSL,33.141265,-116.967221,1,75.8,1,2,1,Offer B,0,1,0,1,Credit Card,1,1,1,3,0,0,0,1,58,4415.75,0,166.46,0.0,4582.21,1,0
61,28,4.53,4120,Month-to-Month,0,0,Male,1,Fiber Optic,34.983808,-117.239306,0,75.1,1,0,0,,0,0,1,0,Bank Withdrawal,1,0,0,3,0,0,0,0,1,75.1,0,4.53,0.0,79.63,1,0
45,10,19.22,5007,Month-to-Month,0,0,Male,1,Fiber Optic,38.52576,-123.013347,0,95.5,1,0,0,,0,0,1,0,Bank Withdrawal,1,0,0,2,0,1,1,1,9,829.1,0,172.98,0.0,1002.08,1,1
45,27,44.75,5433,One Year,0,0,Female,1,DSL,40.198234,-120.18089,1,70.6,0,0,6,,1,1,0,1,Credit Card,1,1,1,3,0,1,1,0,46,3231.05,0,2058.5,0.0,5289.55,1,0
63,9,7.26,5613,Month-to-Month,0,1,Female,1,Cable,33.823943,-118.111335,0,76.35,0,0,0,,0,0,0,0,Bank Withdrawal,1,0,0,2,0,0,0,0,1,76.35,0,7.26,0.0,83.61,1,1
56,10,30.06,4216,Month-to-Month,0,1,Female,1,Fiber Optic,38.113533,-122.11926,0,75.15,0,0,0,,0,0,1,0,Bank Withdrawal,1,0,0,3,0,0,0,0,7,525.0,10,210.42,0.0,745.42,0,0
68,28,21.57,3685,Month-to-Month,0,1,Female,1,Fiber Optic,33.703976,-117.824172,0,88.55,1,0,0,,0,0,1,0,Bank Withdrawal,1,0,0,1,1,1,1,0,2,179.25,0,43.14,0.0,222.39,1,1
50,0,31.97,2648,Month-to-Month,0,0,Male,0,,33.8681,-118.067402,0,20.35,0,0,0,,0,0,0,0,Credit Card,1,0,0,5,0,0,0,0,1,20.35,0,31.97,0.0,52.32,0,0
62,0,32.03,5627,Month-to-Month,0,0,Male,0,,40.557314,-124.081662,0,20.35,0,0,0,,0,0,0,0,Mailed Check,1,0,0,2,0,0,0,0,2,33.2,0,64.06,0.0,97.26,0,1
20,69,2.43,4565,One Year,0,1,Male,1,DSL,32.555828,-117.040073,1,60.3,0,0,8,,1,1,1,1,Bank Withdrawal,1,0,1,3,0,0,1,0,41,2511.3,0,99.63,0.0,2610.93,1,0
39,28,19.66,4898,Month-to-Month,0,0,Male,1,Fiber Optic,32.677716,-117.047666,0,75.35,1,0,0,Offer B,0,0,1,0,Credit Card,1,0,0,5,0,0,0,0,43,3161.4,0,845.38,0.0,4006.78,1,0
38,27,23.31,5511,Two Year,0,1,Male,1,DSL,33.771612,-118.143866,1,64.25,0,0,9,,0,1,0,1,Credit Card,1,0,1,4,0,0,0,1,16,1024.0,0,372.96,0.0,1396.96,1,0
53,13,37.48,4017,Month-to-Month,0,0,Female,1,Fiber Optic,38.689174,-121.218435,1,84.15,0,0,1,,1,0,0,1,Bank Withdrawal,1,0,1,2,0,1,1,0,32,2585.95,0,1199.36,0.0,3785.31,1,1
59,3,9.85,5233,One Year,0,0,Male,1,Cable,39.23754,-120.720196,0,59.9,1,0,0,,0,1,0,0,Credit Card,1,1,0,3,0,0,0,0,51,3043.6,0,502.35,0.0,3545.95,1,0
47,19,0.0,4556,Two Year,1,1,Male,1,DSL,37.684694,-122.40712,1,56.4,0,2,10,Offer A,1,1,1,1,Credit Card,0,1,1,3,0,1,1,0,68,3948.45,0,0.0,0.0,3948.45,1,0
26,30,35.25,5919,Month-to-Month,0,1,Female,1,Fiber Optic,38.326215,-122.718742,0,74.9,0,0,0,,0,0,1,0,Bank Withdrawal,1,0,0,1,0,0,0,0,1,74.9,0,35.25,0.0,110.15,1,1
22,48,48.68,5993,Month-to-Month,0,1,Male,1,DSL,37.639215,-122.037554,0,68.35,0,0,0,Offer D,0,1,1,0,Bank Withdrawal,1,1,0,3,0,0,0,1,18,1299.8,0,876.24,0.0,2176.04,1,0
63,11,0.0,2522,One Year,0,1,Male,1,DSL,33.890853,-118.297967,0,44.15,0,0,0,Offer B,0,0,0,0,Bank Withdrawal,0,1,0,4,0,1,1,0,43,1931.3,0,0.0,0.0,1931.3,1,0
75,18,29.68,4371,Month-to-Month,0,0,Female,1,Cable,40.665952,-124.240051,0,69.25,0,0,0,Offer E,0,0,1,0,Bank Withdrawal,1,0,0,2,1,0,0,0,1,69.25,0,29.68,0.0,98.93,1,1
62,9,28.32,4244,One Year,0,0,Female,1,DSL,32.830852,-116.444601,0,68.7,1,0,0,Offer B,0,1,0,0,Bank Withdrawal,1,1,0,3,0,1,1,0,59,4070.95,150,1670.88,0.0,5891.83,0,0
35,17,46.99,2850,Month-to-Month,0,0,Female,1,Fiber Optic,34.1692,-118.372498,0,72.65,1,0,0,Offer D,0,0,0,0,Bank Withdrawal,1,0,0,1,0,0,0,0,16,1194.3,0,751.84,0.0,1946.14,1,1
32,23,48.14,3900,Month-to-Month,1,1,Female,1,Cable,37.556094,-122.272437,1,59.85,0,2,4,Offer C,0,0,1,1,Credit Card,1,0,1,3,0,0,0,1,39,2341.5,0,1877.46,0.0,4218.96,1,0
69,20,11.34,3348,Month-to-Month,0,0,Male,1,Fiber Optic,39.099204,-121.137962,0,74.7,1,0,0,,0,0,1,0,Bank Withdrawal,1,0,0,1,1,0,0,0,1,74.7,0,11.34,0.0,86.04,1,1
55,5,13.65,2708,Month-to-Month,0,0,Female,1,Fiber Optic,36.523619,-119.386868,0,90.0,1,0,0,,1,0,1,0,Credit Card,1,0,0,1,0,0,0,1,18,1527.35,0,245.7,0.0,1773.05,1,1
38,0,48.63,6473,One Year,0,0,Male,0,,33.645672,-117.922613,0,21.2,0,0,0,Offer B,0,0,1,0,Mailed Check,1,0,0,4,0,0,0,0,56,1238.65,0,2723.28,0.0,3961.93,0,0
26,41,19.68,2363,Month-to-Month,0,0,Female,1,Fiber Optic,36.488056,-120.407691,0,103.35,1,0,0,Offer E,0,1,1,0,Bank Withdrawal,1,1,0,1,0,1,1,1,8,847.3,0,157.44,0.0,1004.74,1,1
23,53,4.01,3804,Month-to-Month,0,0,Female,1,Cable,32.790282,-115.689559,1,83.3,0,0,4,,1,0,0,1,Bank Withdrawal,1,0,1,1,0,1,1,0,22,1845.9,0,88.22,0.0,1934.12,1,1
42,19,22.03,2457,Month-to-Month,0,0,Male,1,Fiber Optic,37.612612,-121.108568,1,70.1,0,0,1,,0,0,1,1,Bank Withdrawal,1,0,1,2,0,0,0,0,10,659.65,0,220.3,34.69,845.26,1,1
48,53,29.87,2814,Month-to-Month,1,1,Male,1,DSL,37.907777,-122.127161,1,66.7,1,3,1,Offer D,1,0,1,1,Mailed Check,1,1,1,3,0,0,0,0,17,1077.05,0,507.79,0.0,1584.84,1,0
31,11,26.71,3038,Month-to-Month,0,0,Male,1,Fiber Optic,34.741406,-118.38111,1,70.3,0,0,1,,0,0,1,1,Bank Withdrawal,1,0,1,1,0,0,0,0,3,208.85,0,80.13,0.0,288.98,1,1
61,30,12.02,6166,Two Year,1,0,Male,1,Fiber Optic,38.731771,-123.064272,1,95.2,0,1,6,,0,0,1,1,Credit Card,1,1,1,4,0,1,1,1,69,6671.7,0,829.38,0.0,7501.08,1,0
71,2,6.13,5400,Two Year,0,0,Female,1,Fiber Optic,37.106902,-122.100006,0,79.2,1,0,0,,1,0,1,0,Credit Card,1,0,0,5,1,0,0,0,59,4590.35,0,361.67,0.0,4952.02,1,0
36,0,2.82,2289,Two Year,1,0,Female,0,,32.622999,-116.687855,1,18.7,0,3,3,Offer C,0,0,1,1,Credit Card,1,0,1,4,0,0,0,0,25,383.65,0,70.5,0.0,454.15,0,0
39,26,33.57,5026,Month-to-Month,0,0,Male,1,Fiber Optic,37.916648,-122.008483,1,99.55,1,0,1,Offer C,0,1,1,1,Credit Card,1,0,1,1,0,1,1,1,32,3204.65,110,1074.24,35.82,4353.07,0,1
37,28,32.37,6351,Month-to-Month,1,0,Female,1,Fiber Optic,37.556094,-122.272437,1,100.6,1,3,1,,1,0,1,1,Bank Withdrawal,1,0,1,3,0,1,1,1,57,5611.7,0,1845.09,0.0,7456.79,1,0
47,20,37.66,2990,Month-to-Month,0,0,Female,1,Fiber Optic,38.618347,-122.908422,1,92.35,0,0,1,,0,1,1,1,Credit Card,1,0,1,1,0,1,1,1,28,2602.9,0,1054.48,0.0,3657.38,1,1
46,6,9.7,6250,One Year,0,1,Male,1,DSL,34.827662,-118.999073,0,61.35,0,0,0,,0,0,1,0,Bank Withdrawal,1,0,0,3,0,1,1,0,59,3645.5,0,572.3,0.0,4217.8,1,0
72,26,0.0,4521,One Year,0,1,Male,1,DSL,38.400264,-120.641274,0,55.45,0,0,0,,1,0,1,0,Bank Withdrawal,0,0,0,3,1,1,1,1,54,2966.95,0,0.0,0.0,2966.95,1,0
45,21,11.39,4741,Month-to-Month,0,1,Female,1,Fiber Optic,35.176236,-120.483243,1,81.0,0,0,6,Offer D,0,0,1,1,Mailed Check,1,1,1,3,0,0,0,0,20,1683.7,0,227.8,0.0,1911.5,1,0
70,15,19.21,4509,Month-to-Month,0,0,Female,1,Fiber Optic,37.505768,-121.962472,0,78.8,0,0,0,,0,0,1,0,Bank Withdrawal,1,0,0,3,1,1,1,0,26,2006.1,0,499.46,0.0,2505.56,1,0
53,21,0.0,2580,Month-to-Month,0,0,Female,1,Cable,37.349546,-122.134356,0,51.4,0,0,0,,1,0,0,0,Bank Withdrawal,0,0,0,5,0,1,1,1,2,96.8,0,0.0,0.0,96.8,1,0
24,0,49.7,4843,Two Year,1,0,Male,0,,37.872902,-122.303708,1,21.05,0,1,3,,0,0,0,1,Bank Withdrawal,1,0,1,4,0,0,0,0,12,262.05,0,596.4,0.0,858.45,0,0
31,0,43.68,5137,One Year,1,0,Male,0,,34.178068,-118.615714,1,19.8,0,1,1,,0,0,0,1,Credit Card,1,0,1,4,0,0,0,0,37,677.05,0,1616.16,29.21,2264.0,0,0
59,0,45.03,4845,One Year,0,0,Male,0,,38.681651,-122.130569,1,20.35,0,0,9,Offer A,0,0,1,1,Bank Withdrawal,1,0,1,5,0,0,0,0,66,1359.5,0,2971.98,0.0,4331.48,0,0
52,0,44.32,4686,One Year,1,0,Female,0,,33.764018,-117.931507,1,20.3,0,3,1,Offer C,0,0,0,1,Credit Card,1,0,1,5,0,0,0,0,38,749.35,0,1684.16,10.65,2422.86,0,0
39,18,42.55,4658,Two Year,0,1,Male,1,DSL,34.02381,-118.156582,1,72.1,1,0,5,,1,1,0,1,Credit Card,1,1,1,3,0,0,0,0,72,5016.65,0,3063.6,0.0,8080.25,1,0
31,0,29.81,2843,Month-to-Month,1,0,Female,0,,36.64152,-121.622188,0,19.6,0,5,0,,0,0,1,0,Bank Withdrawal,1,0,0,3,0,0,0,0,2,35.85,0,59.62,0.0,95.47,0,1
50,16,44.92,4751,Month-to-Month,0,1,Male,1,Fiber Optic,33.946982,-116.977672,0,90.4,1,0,0,,0,0,1,0,Credit Card,1,0,0,4,0,1,1,0,44,4063.0,0,1976.48,0.0,6039.48,1,0
43,0,35.62,5611,Two Year,1,0,Female,0,,35.490705,-119.286833,1,25.1,1,2,4,,0,0,0,1,Bank Withdrawal,1,0,1,4,0,0,0,0,72,1857.85,0,2564.64,0.0,4422.49,0,0
73,27,22.5,3208,Month-to-Month,0,0,Female,1,Fiber Optic,32.825086,-117.199424,0,69.95,0,0,0,Offer E,0,0,1,0,Bank Withdrawal,1,0,0,2,1,0,0,0,1,69.95,10,22.5,0.0,102.45,0,1
48,23,32.0,3235,One Year,0,1,Female,1,Cable,40.839958,-124.003757,0,75.55,0,0,0,,1,1,1,0,Credit Card,1,1,0,4,0,1,1,0,36,2680.15,100,1152.0,0.0,3932.15,0,0
39,10,5.69,6432,One Year,0,1,Male,1,Fiber Optic,34.043144,-118.251977,1,100.35,1,0,7,Offer B,0,0,0,1,Credit Card,1,0,1,3,0,1,1,1,58,5681.1,0,330.02,0.0,6011.12,1,0
47,25,49.13,5107,Month-to-Month,0,0,Male,1,Fiber Optic,38.224869,-119.755729,0,77.85,1,0,0,Offer B,1,0,1,0,Bank Withdrawal,1,0,0,1,0,0,0,0,43,3365.85,0,2112.59,0.0,5478.44,1,1
34,14,33.54,4157,Month-to-Month,0,0,Female,1,DSL,37.830267,-121.201018,0,66.05,0,0,0,Offer E,0,1,0,0,Bank Withdrawal,1,1,0,3,0,1,1,0,8,574.5,0,268.32,0.0,842.82,1,0
76,18,15.65,3960,Two Year,0,0,Male,1,Fiber Optic,37.946282,-121.139499,0,93.9,1,0,0,Offer B,0,0,1,0,Bank Withdrawal,1,0,0,4,1,1,0,1,45,4200.25,0,704.25,0.0,4904.5,1,0
35,28,14.39,5005,Month-to-Month,0,0,Male,1,DSL,32.825086,-117.199424,0,49.55,0,0,0,,0,1,1,0,Bank Withdrawal,1,0,0,1,0,0,0,0,24,1210.4,0,345.36,0.0,1555.76,1,1
77,25,47.64,6355,One Year,0,1,Female,1,Fiber Optic,32.765299,-117.122565,1,94.0,0,0,1,,1,0,1,1,Bank Withdrawal,1,1,1,3,1,0,0,1,53,4871.45,0,2524.92,0.0,7396.37,1,0
35,16,27.34,2037,One Year,0,1,Male,1,Fiber Optic,34.757783,-117.33997,1,92.9,0,0,1,,1,0,0,1,Bank Withdrawal,1,1,1,3,0,0,0,1,28,2768.35,0,765.52,0.0,3533.87,1,0
44,0,4.72,2325,One Year,0,0,Male,0,,33.507255,-117.029473,1,20.2,0,0,6,,0,0,1,1,Bank Withdrawal,1,0,1,3,0,0,0,0,46,845.6,0,217.12,0.0,1062.72,0,0
38,0,37.63,4025,One Year,1,0,Male,0,,34.137412,-118.207607,1,19.4,0,3,3,,0,0,0,1,Credit Card,1,0,1,4,0,0,0,0,51,997.75,0,1919.13,0.0,2916.88,0,0
64,17,0.0,4276,Month-to-Month,1,0,Male,1,Cable,32.85723,-117.209774,0,24.2,0,2,0,Offer E,0,0,0,0,Mailed Check,0,0,0,5,0,0,0,0,1,24.2,0,0.0,0.0,24.2,1,0
37,21,39.55,3063,Month-to-Month,0,0,Male,1,Fiber Optic,39.457388,-121.818201,0,74.3,0,0,0,,0,0,1,0,Mailed Check,1,1,0,5,0,0,0,0,1,74.3,0,39.55,0.0,113.85,1,0
37,19,43.08,4079,One Year,1,1,Male,1,Fiber Optic,37.84771,-120.486589,1,103.9,0,1,3,Offer B,1,0,0,1,Credit Card,1,1,1,5,0,1,1,1,61,6449.15,0,2627.88,0.0,9077.03,1,0
20,73,35.55,6460,Month-to-Month,0,0,Female,1,Fiber Optic,34.04597,-117.011825,0,95.3,0,0,0,,0,0,1,0,Bank Withdrawal,1,1,0,4,0,1,1,1,58,5817.7,0,2061.9,0.0,7879.6,1,0
56,0,40.74,2788,Month-to-Month,0,0,Male,0,,34.183286,-117.221722,0,19.85,0,0,0,,0,0,0,0,Credit Card,1,0,0,3,0,0,0,0,9,178.8,0,366.66,0.0,545.46,0,0
33,19,45.21,6332,Two Year,1,1,Female,1,Fiber Optic,33.079834,-117.134275,1,110.8,1,2,1,Offer B,1,0,1,1,Credit Card,1,1,1,3,0,1,1,1,65,7245.9,0,2938.65,0.0,10184.55,1,0
31,0,46.49,3731,One Year,0,0,Female,0,,38.384648,-121.578701,0,20.0,0,0,0,Offer D,0,0,0,0,Credit Card,1,0,0,4,0,0,0,0,11,211.95,0,511.39,0.0,723.34,0,0
30,59,48.95,4025,Two Year,0,1,Male,1,Fiber Optic,40.825486,-124.049485,0,100.1,0,0,0,Offer B,0,0,0,0,Bank Withdrawal,1,1,0,3,0,1,1,1,44,4378.35,0,2153.8,0.0,6532.15,1,0
53,9,49.32,4564,One Year,0,1,Male,1,Fiber Optic,37.980057,-121.801599,1,109.6,1,0,9,Offer A,1,1,1,1,Bank Withdrawal,1,0,1,3,0,1,1,1,71,7854.15,0,3501.72,0.0,11355.87,1,0
54,0,43.05,2158,Month-to-Month,1,0,Female,0,,37.255479,-121.889838,1,21.05,0,3,5,,0,0,0,1,Credit Card,1,0,1,3,0,0,0,0,8,139.75,0,344.4,0.0,484.15,0,0
60,4,9.36,6001,Month-to-Month,0,1,Male,1,Fiber Optic,34.402343,-119.094824,0,109.15,1,0,0,Offer B,1,0,1,0,Bank Withdrawal,1,1,0,2,0,1,1,1,65,6941.2,140,608.4,0.0,7689.6,0,1
45,26,25.21,3606,Month-to-Month,0,0,Male,1,Fiber Optic,34.127621,-117.717863,0,96.2,0,0,0,,0,0,1,0,Bank Withdrawal,1,1,0,3,0,1,1,1,32,3183.4,0,806.72,0.0,3990.12,1,1
53,23,1.15,2475,Month-to-Month,0,0,Female,1,Fiber Optic,38.140719,-121.838298,0,70.1,0,0,0,,0,0,0,0,Bank Withdrawal,1,0,0,4,0,0,0,0,1,70.1,0,1.15,0.0,71.25,1,0
57,26,22.03,2843,Month-to-Month,0,0,Male,1,Fiber Optic,33.148116,-117.306043,0,69.35,0,0,0,,0,0,1,0,Bank Withdrawal,1,0,0,2,0,0,0,0,1,69.35,0,22.03,0.0,91.38,1,1
51,0,30.79,4929,Month-to-Month,1,0,Female,0,,36.977025,-121.952864,0,20.4,0,3,0,Offer E,0,0,0,0,Credit Card,1,0,0,3,0,0,0,0,4,94.5,0,123.16,0.0,217.66,0,0
52,28,34.74,4811,Month-to-Month,0,1,Female,1,Fiber Optic,33.507255,-117.029473,0,103.45,1,0,0,Offer C,1,0,1,0,Bank Withdrawal,1,0,0,2,0,1,1,1,39,3994.45,0,1354.86,0.0,5349.31,1,1
51,11,10.21,3111,Month-to-Month,1,1,Female,1,DSL,32.688506,-116.938632,1,81.3,1,2,9,Offer B,1,1,0,1,Credit Card,1,1,1,3,0,0,0,1,45,3541.1,0,459.45,0.0,4000.55,1,0
60,12,5.8,4580,One Year,0,0,Male,1,DSL,38.636102,-120.522149,1,48.35,1,0,1,,0,0,1,1,Credit Card,1,0,1,2,0,0,0,0,23,1067.15,0,133.4,0.0,1200.55,1,1
34,5,38.01,3272,Month-to-Month,0,0,Male,1,Cable,35.342891,-119.064803,0,49.25,0,0,0,,1,0,0,0,Mailed Check,1,0,0,3,0,0,0,0,4,208.45,0,152.04,0.0,360.49,1,0
22,0,42.02,2858,One Year,0,0,Male,0,,38.684437,-121.055634,0,20.6,0,0,0,Offer C,0,0,0,0,Bank Withdrawal,1,0,0,4,0,0,0,0,35,754.0,0,1470.7,0.0,2224.7,0,0
57,26,6.22,5825,Two Year,0,1,Male,1,DSL,33.944624,-118.192615,1,84.0,1,0,0,Offer A,0,1,1,1,Credit Card,1,1,0,4,0,1,1,1,66,5714.25,0,410.52,0.0,6124.77,1,0
20,0,13.26,5461,Two Year,1,0,Female,0,,36.902954,-120.194274,1,19.55,0,2,3,Offer B,0,0,0,1,Credit Card,1,0,1,5,0,0,0,0,48,883.35,0,636.48,0.0,1519.83,0,0
36,0,34.37,4422,One Year,0,0,Male,0,,37.249377,-120.249581,0,20.15,0,0,0,,0,0,0,0,Credit Card,1,0,0,5,0,0,0,0,37,785.75,0,1271.69,0.0,2057.44,0,0
52,6,34.73,4041,Month-to-Month,0,0,Female,1,Fiber Optic,33.876482,-118.284077,0,89.15,1,0,0,Offer D,1,0,1,0,Bank Withdrawal,1,0,0,5,0,1,1,0,12,1057.55,70,416.76,0.0,1544.31,0,0
55,7,1.16,3401,Month-to-Month,0,0,Male,1,Fiber Optic,37.941456,-122.320968,1,78.75,1,0,1,,1,0,1,1,Bank Withdrawal,1,0,1,2,0,0,0,0,5,412.1,10,5.8,0.0,427.9,0,1
27,0,27.47,2601,Two Year,0,0,Male,0,,38.522328,-122.97932,0,24.6,1,0,0,,0,0,1,0,Credit Card,1,0,0,5,0,0,0,0,40,973.95,0,1098.8,0.0,2072.75,0,0
22,41,3.16,2482,Month-to-Month,0,0,Male,1,DSL,33.643095,-117.810896,0,55.7,0,0,0,,1,1,1,0,Bank Withdrawal,1,0,0,3,0,0,0,0,6,335.65,0,18.96,0.0,354.61,1,0
38,2,18.01,3161,Month-to-Month,0,0,Female,1,Fiber Optic,34.712708,-117.889656,0,89.25,0,0,0,,0,0,0,0,Bank Withdrawal,1,0,0,1,0,1,1,1,22,1907.85,0,396.22,0.0,2304.07,1,1
21,48,9.56,4417,Month-to-Month,0,1,Male,1,Fiber Optic,34.508417,-116.856103,1,101.15,1,0,3,Offer E,0,0,0,1,Bank Withdrawal,1,0,1,1,0,1,1,1,4,385.9,0,38.24,0.0,424.14,1,1
64,0,21.09,2874,One Year,0,0,Male,0,,34.14649,-117.849815,1,20.65,0,0,1,,0,0,0,1,Mailed Check,1,0,1,5,0,0,0,0,7,150.0,0,147.63,0.0,297.63,0,0
72,27,23.4,4948,Two Year,0,1,Female,1,Fiber Optic,38.033219,-121.297433,0,110.25,1,0,0,,0,1,0,0,Credit Card,1,1,0,3,1,1,1,1,69,7467.55,0,1614.6,0.0,9082.15,1,0
79,0,25.89,3836,One Year,0,0,Male,0,,35.930782,-121.189757,0,19.8,0,0,0,,0,0,0,0,Credit Card,1,0,0,4,1,0,0,0,32,587.7,0,828.48,0.0,1416.18,0,0
65,18,36.93,5301,Month-to-Month,0,0,Female,1,Fiber Optic,36.719141,-119.202677,0,78.85,0,0,0,,0,0,1,0,Bank Withdrawal,1,0,0,3,1,0,0,1,4,292.8,0,147.72,0.0,440.52,1,1
28,0,45.37,4676,Month-to-Month,0,0,Male,0,,36.444232,-119.718285,0,20.7,0,0,0,,0,0,0,0,Credit Card,1,0,0,5,0,0,0,0,4,73.05,0,181.48,0.0,254.53,0,0
55,25,33.94,4818,Month-to-Month,0,1,Male,1,Cable,38.42528,-119.475741,0,59.45,1,0,0,,0,0,0,0,Bank Withdrawal,1,1,0,4,0,0,0,0,27,1611.65,0,916.38,0.0,2528.03,1,0
57,76,27.27,3337,Month-to-Month,1,1,Female,1,Fiber Optic,38.815515,-120.916997,1,100.7,0,3,10,Offer D,0,1,0,1,Bank Withdrawal,1,0,1,4,0,1,1,1,16,1522.7,0,436.32,0.0,1959.02,1,0
34,7,36.39,5071,Month-to-Month,0,0,Female,1,Fiber Optic,37.691561,-122.445202,0,80.1,0,0,0,,0,0,1,0,Bank Withdrawal,1,0,0,1,0,0,0,1,8,679.3,0,291.12,0.0,970.42,1,1
33,25,2.56,6347,Two Year,0,1,Male,1,Fiber Optic,37.369709,-122.215844,0,113.4,1,0,0,Offer A,1,1,0,0,Bank Withdrawal,1,1,0,3,0,1,1,1,72,8164.1,0,184.32,0.0,8348.42,1,0
41,16,30.19,4884,Month-to-Month,0,0,Female,1,Cable,34.031441,-117.936436,1,44.6,0,0,3,Offer E,0,0,1,1,Credit Card,1,0,1,2,0,0,0,0,2,80.55,0,60.38,0.0,140.93,1,1
53,20,8.16,4415,One Year,1,1,Female,1,Fiber Optic,33.728273,-118.085304,1,95.7,1,3,8,Offer B,1,0,1,1,Credit Card,1,0,1,3,0,0,0,1,52,4976.15,0,424.32,0.0,5400.47,1,0
49,26,21.38,6166,One Year,0,1,Female,1,Fiber Optic,34.172071,-118.946262,1,94.3,1,0,1,,1,0,1,1,Bank Withdrawal,1,0,1,3,0,1,1,0,58,5610.15,150,1240.04,5.55,6994.64,0,0
40,20,39.13,3787,Month-to-Month,0,1,Male,1,Fiber Optic,33.788208,-118.404955,0,96.55,1,0,0,,1,0,0,0,Bank Withdrawal,1,0,0,3,0,1,1,0,5,500.1,0,195.65,0.0,695.75,1,0
25,59,21.62,3591,Month-to-Month,0,0,Male,1,Fiber Optic,40.271535,-121.018087,0,81.0,0,0,0,Offer E,0,0,1,0,Bank Withdrawal,1,0,0,2,0,0,1,1,4,340.85,50,86.48,0.0,477.33,0,1
42,15,17.37,3260,Month-to-Month,1,0,Male,1,DSL,32.785165,-116.862648,1,64.4,1,2,7,,1,1,0,1,Credit Card,1,1,1,3,0,0,0,0,5,316.9,0,86.85,0.0,403.75,1,0
36,22,23.5,5396,Month-to-Month,0,0,Female,1,Fiber Optic,37.424655,-121.74841,0,75.65,1,0,0,,0,0,1,0,Bank Withdrawal,1,0,0,5,0,0,0,0,4,302.35,0,94.0,0.0,396.35,1,0
32,0,48.41,4201,Two Year,0,0,Female,0,,36.624338,-121.615669,0,20.5,0,0,0,,0,0,0,0,Credit Card,1,0,0,4,0,0,0,0,68,1424.9,0,3291.88,0.0,4716.78,0,0
78,19,5.93,6357,Two Year,1,0,Female,1,DSL,37.942551,-122.491642,1,72.6,0,1,8,Offer B,0,1,1,1,Credit Card,1,1,1,4,1,1,0,1,56,4084.35,140,332.08,0.0,4556.43,0,0
62,53,32.38,4551,Month-to-Month,1,0,Male,1,Fiber Optic,34.137412,-118.207607,1,97.55,1,3,8,,1,1,1,1,Credit Card,1,0,1,4,0,0,0,1,70,6669.05,0,2266.6,0.0,8935.65,1,0
36,0,36.03,5514,Two Year,0,0,Male,0,,34.422519,-118.420717,1,25.85,1,0,1,,0,0,0,1,Credit Card,1,0,1,5,0,0,0,0,72,1872.2,0,2594.16,5.73,4460.63,0,0
27,52,29.69,4662,Month-to-Month,0,0,Male,1,Cable,38.93706,-123.118111,0,46.05,0,0,0,Offer E,0,0,0,0,Bank Withdrawal,1,0,0,3,0,0,1,0,2,80.35,10,59.38,0.0,149.73,0,1
63,20,4.38,2643,Month-to-Month,0,0,Male,1,Fiber Optic,39.281194,-122.226568,0,74.15,1,0,0,,0,0,0,0,Credit Card,1,0,0,5,0,0,0,0,18,1387.0,0,78.84,0.0,1465.84,1,0
23,0,28.92,4392,Two Year,1,0,Male,0,,38.618347,-122.908422,1,24.65,1,2,5,,0,0,0,1,Credit Card,1,0,1,4,0,0,0,0,63,1574.5,0,1821.96,0.0,3396.46,0,0
56,16,29.47,5040,Two Year,0,1,Female,1,DSL,38.392686,-120.415951,0,64.9,0,0,0,,1,1,1,0,Credit Card,1,1,0,4,0,0,0,0,58,3795.45,0,1709.26,0.0,5504.71,1,0
42,23,20.07,5903,Two Year,0,1,Male,1,Fiber Optic,38.377165,-123.037957,0,108.95,1,0,0,,0,1,1,0,Bank Withdrawal,1,1,0,3,0,1,1,1,35,4025.5,0,702.45,0.0,4727.95,1,0
62,5,22.01,4552,Two Year,0,1,Male,1,DSL,34.360261,-119.306383,1,82.15,1,0,5,Offer A,1,0,0,1,Bank Withdrawal,1,0,1,5,0,1,1,1,72,5784.3,0,1584.72,0.0,7369.02,1,0
40,21,9.47,4708,Two Year,0,1,Female,1,Fiber Optic,34.093781,-118.381061,0,107.5,1,0,0,,0,0,1,0,Credit Card,1,1,0,3,0,1,1,1,72,7853.7,60,681.84,0.0,8595.54,0,0
44,0,46.13,2247,One Year,0,0,Female,0,,38.931425,-121.946081,1,19.75,0,0,1,Offer E,0,0,1,1,Credit Card,1,0,1,3,0,0,0,0,8,145.0,0,369.04,0.0,514.04,0,1
62,11,22.61,3887,Month-to-Month,0,0,Female,1,Fiber Optic,34.091829,-118.491244,1,86.5,1,0,1,,0,0,1,1,Bank Withdrawal,1,0,1,1,0,0,0,1,7,582.5,20,158.27,0.0,760.77,0,1
48,12,48.47,4639,Month-to-Month,0,0,Male,1,Fiber Optic,34.102119,-117.815532,1,75.2,1,0,1,Offer C,0,0,1,1,Bank Withdrawal,1,0,1,2,0,0,0,0,35,2576.2,0,1696.45,0.0,4272.65,1,1
46,17,40.42,4389,Month-to-Month,0,0,Female,1,Cable,34.502432,-118.41459,0,53.65,1,0,0,Offer E,0,1,1,0,Bank Withdrawal,1,0,0,4,0,0,0,0,7,404.35,0,282.94,0.0,687.29,1,0
65,29,29.11,4616,Month-to-Month,0,0,Male,1,Fiber Optic,34.097345,-117.906736,0,74.4,0,0,0,Offer D,1,0,1,0,Bank Withdrawal,1,0,0,1,1,0,0,0,15,1074.3,0,436.65,0.0,1510.95,1,1
23,0,28.02,2484,Month-to-Month,0,0,Female,0,,38.384648,-121.578701,0,19.5,0,0,0,,0,0,0,0,Mailed Check,1,0,0,3,0,0,0,0,2,31.55,0,56.04,0.0,87.59,0,1
74,22,19.76,5098,One Year,0,0,Female,1,Fiber Optic,33.752524,-118.210737,1,99.2,0,0,1,,1,0,1,1,Credit Card,1,1,1,3,1,1,1,1,40,4062.2,0,790.4,0.0,4852.6,1,1
48,10,41.2,5089,Month-to-Month,0,1,Male,1,Fiber Optic,39.172777,-121.805845,1,104.25,1,0,4,,0,1,1,1,Bank Withdrawal,1,0,1,3,0,1,1,1,65,6812.95,0,2678.0,0.0,9490.95,1,0
25,59,6.18,4680,Month-to-Month,1,0,Male,1,Cable,34.146635,-118.139225,1,44.8,0,3,0,,0,0,0,1,Bank Withdrawal,1,0,0,3,0,0,0,0,13,559.2,90,80.34,37.49,692.05,0,0
33,19,30.06,5654,Month-to-Month,0,0,Male,1,Fiber Optic,32.957195,-117.202542,0,90.25,0,0,0,,0,0,1,0,Bank Withdrawal,1,0,0,2,0,1,1,1,30,2755.35,0,901.8,0.0,3657.15,1,1
49,29,22.67,4858,Two Year,1,1,Male,1,DSL,37.051166,-122.056194,1,68.95,1,1,9,Offer A,0,1,0,1,Credit Card,1,0,1,3,0,0,0,1,70,4858.7,0,1586.9,0.0,6445.6,1,0
76,5,1.47,3861,Month-to-Month,0,0,Male,1,Fiber Optic,32.957195,-117.202542,1,89.05,0,0,1,Offer D,1,0,1,1,Bank Withdrawal,1,1,1,1,1,1,0,0,13,1169.35,0,19.11,0.0,1188.46,1,1
47,7,38.33,6421,One Year,0,0,Female,1,Fiber Optic,33.794209,-118.317354,0,89.85,1,0,0,,1,1,1,0,Bank Withdrawal,1,1,0,3,0,0,0,0,65,5844.65,0,2491.45,0.0,8336.1,1,0
43,0,17.64,3848,Month-to-Month,0,0,Male,0,,38.488431,-122.752839,0,20.15,0,0,0,Offer C,0,0,1,0,Mailed Check,1,0,0,5,0,0,0,0,25,536.35,0,441.0,0.0,977.35,0,0
41,75,27.23,5457,Month-to-Month,1,0,Female,1,Fiber Optic,34.19225,-118.776874,1,93.8,1,3,9,,1,1,1,1,Bank Withdrawal,1,0,1,3,0,1,1,0,51,4539.35,0,1388.73,0.0,5928.08,1,0
75,15,41.2,3273,Month-to-Month,0,0,Male,1,Fiber Optic,36.689582,-121.758398,0,69.5,0,0,0,,0,0,1,0,Bank Withdrawal,1,0,0,2,1,0,0,0,1,69.5,80,41.2,0.0,190.7,0,1
63,29,14.46,5730,Two Year,1,1,Female,1,Fiber Optic,34.15136,-118.364786,1,108.65,0,1,1,,1,1,1,1,Bank Withdrawal,1,1,1,4,0,1,1,1,72,7726.35,0,1041.12,0.0,8767.47,1,0
21,47,18.42,6492,One Year,1,0,Female,1,Fiber Optic,37.808731,-122.238708,1,95.15,1,1,2,Offer B,0,1,1,1,Mailed Check,1,1,1,3,0,0,1,1,51,5000.05,0,939.42,0.0,5939.47,1,0
56,13,13.2,5878,Two Year,0,0,Female,1,Fiber Optic,33.728273,-118.085304,1,99.05,1,0,5,,1,1,1,1,Credit Card,1,1,1,3,0,0,0,1,65,6416.7,0,858.0,0.0,7274.7,1,0
52,0,36.5,6263,Two Year,1,0,Male,0,,33.543835,-115.993906,1,24.75,1,2,4,,0,0,0,1,Credit Card,1,0,1,5,0,0,0,0,65,1715.1,0,2372.5,0.0,4087.6,0,0
58,29,8.35,4323,Month-to-Month,0,0,Female,1,Cable,38.419525,-122.521585,0,60.95,0,0,0,,0,0,1,0,Credit Card,1,1,0,3,0,1,1,0,10,629.55,0,83.5,0.0,713.05,1,0
34,22,0.0,3923,Month-to-Month,0,0,Male,1,DSL,34.274846,-116.937581,0,29.15,0,0,0,,0,0,0,0,Credit Card,0,1,0,5,0,0,0,0,1,29.15,0,0.0,0.0,29.15,1,0
74,53,2.03,3937,Two Year,1,1,Female,1,Fiber Optic,39.258746,-121.77697,1,88.45,0,3,4,,1,0,1,1,Bank Withdrawal,1,0,1,5,1,1,0,0,23,2130.55,0,46.69,0.0,2177.24,1,0
61,16,31.69,4590,Two Year,1,0,Male,1,DSL,33.905963,-118.08263,1,69.7,0,2,3,,1,1,1,1,Credit Card,1,1,1,4,0,0,0,1,53,3729.6,0,1679.57,0.0,5409.17,1,0
26,59,19.76,4343,Two Year,1,1,Female,1,DSL,32.697098,-117.116587,1,73.6,0,1,1,,1,1,0,1,Credit Card,1,1,1,4,0,1,1,0,32,2316.85,0,632.32,12.66,2936.51,1,0
36,10,7.89,5750,Month-to-Month,0,0,Female,1,Fiber Optic,33.839989,-116.659215,1,102.0,1,0,1,,1,0,1,1,Bank Withdrawal,1,0,1,1,0,1,1,1,11,1145.35,0,86.79,0.0,1232.14,1,1
42,0,6.0,2159,Month-to-Month,0,0,Female,0,,38.392821,-121.799917,0,19.2,0,0,0,Offer C,0,0,1,0,Credit Card,1,0,0,4,0,0,0,0,25,532.1,0,150.0,0.0,682.1,0,0
42,0,2.38,6490,Two Year,0,0,Male,0,,33.840399,-118.353714,0,24.45,1,0,0,Offer B,0,0,1,0,Credit Card,1,0,0,4,0,0,0,0,58,1513.6,0,138.04,0.0,1651.64,0,0
47,21,48.58,4167,Month-to-Month,0,0,Male,1,DSL,34.281911,-118.556218,0,46.2,0,0,0,Offer E,0,0,0,0,Credit Card,1,0,0,2,0,0,0,0,1,46.2,0,48.58,0.0,94.78,1,1
59,3,36.24,2195,Month-to-Month,0,0,Female,1,Fiber Optic,38.734997,-121.463719,0,100.25,1,0,0,,1,0,1,0,Bank Withdrawal,1,0,0,1,0,1,1,1,25,2387.75,0,906.0,0.0,3293.75,1,1
75,11,7.38,3464,Month-to-Month,0,0,Female,1,Fiber Optic,34.227846,-119.079903,1,83.9,0,0,3,,0,0,1,1,Credit Card,1,1,1,1,1,0,0,1,3,267.4,0,22.14,0.0,289.54,1,1
27,58,0.0,2915,Month-to-Month,0,0,Male,1,DSL,34.089953,-118.294824,1,30.2,0,0,1,,1,0,0,1,Bank Withdrawal,0,0,1,1,0,0,0,0,1,30.2,0,0.0,0.0,30.2,1,1
45,9,43.47,5120,Two Year,0,1,Female,1,Cable,36.478239,-119.52137,1,76.8,1,0,5,Offer A,0,0,1,1,Bank Withdrawal,1,0,1,3,0,1,1,1,72,5468.45,90,3129.84,0.0,8688.29,0,0
41,28,1.7,2053,Month-to-Month,0,0,Male,1,Fiber Optic,34.321621,-118.399841,0,68.85,0,0,0,Offer B,0,0,0,0,Credit Card,1,0,0,3,0,0,0,0,44,2958.95,0,74.8,0.0,3033.75,1,0
33,25,0.0,3610,Month-to-Month,0,0,Male,1,Cable,39.222323,-122.985488,1,35.1,0,0,3,Offer E,0,1,0,1,Credit Card,0,1,1,3,0,0,0,0,3,101.1,0,0.0,0.0,101.1,1,0
29,41,44.43,5985,Month-to-Month,0,0,Male,1,Fiber Optic,34.005439,-118.477507,0,100.75,1,0,0,Offer D,0,0,0,0,Bank Withdrawal,1,1,0,3,0,1,1,1,13,1313.25,120,577.59,0.0,2010.84,0,0
39,28,41.23,4183,Two Year,0,1,Female,1,Fiber Optic,33.924143,-117.79387,0,106.6,1,0,0,,0,0,1,0,Bank Withdrawal,1,1,0,3,0,1,1,1,61,6428.4,0,2515.03,0.0,8943.43,1,1
34,0,44.7,4309,Two Year,0,0,Male,0,,40.021787,-122.127576,0,19.55,0,0,0,Offer B,0,0,1,0,Credit Card,1,0,0,5,0,0,0,0,65,1218.65,0,2905.5,0.0,4124.15,0,0
59,0,18.73,2884,Two Year,0,0,Male,0,,39.194539,-120.988066,0,19.95,0,0,0,Offer D,0,0,0,0,Credit Card,1,0,0,4,0,0,0,0,13,243.65,0,243.49,0.0,487.14,0,0
20,69,6.35,3983,Month-to-Month,0,1,Female,1,Cable,34.279221,-119.221437,1,65.0,0,0,1,Offer E,1,1,0,1,Mailed Check,1,1,1,1,0,0,0,0,9,663.05,0,57.15,0.0,720.2,1,1
38,12,33.3,4648,Month-to-Month,1,0,Male,1,Fiber Optic,33.929704,-118.01208,1,89.85,0,2,1,Offer E,1,1,0,1,Bank Withdrawal,1,0,1,3,0,0,0,1,3,248.4,0,99.9,0.0,348.3,1,0
53,22,0.0,2796,Month-to-Month,0,0,Female,1,Cable,41.212695,-122.392067,0,25.1,0,0,0,,0,0,1,0,Credit Card,0,0,0,1,0,0,0,0,29,712.85,0,0.0,0.0,712.85,1,1
27,51,33.5,5011,One Year,1,0,Female,1,DSL,39.068071,-121.832638,1,75.0,1,2,7,,1,1,1,1,Credit Card,1,1,1,3,0,0,0,1,55,4213.9,0,1842.5,0.0,6056.4,1,0
53,29,36.18,5921,One Year,1,1,Female,1,Fiber Optic,34.061634,-117.893169,1,99.7,0,2,2,Offer B,0,1,1,1,Bank Withdrawal,1,0,1,3,0,1,1,1,48,4977.2,0,1736.64,0.0,6713.84,1,0
61,21,44.64,3147,Month-to-Month,1,0,Female,1,Cable,40.587919,-122.464732,1,50.3,0,1,8,,0,1,0,1,Bank Withdrawal,1,0,1,3,0,0,0,0,4,217.1,0,178.56,0.0,395.66,1,0
43,18,42.16,4171,Two Year,0,1,Male,1,Cable,41.411315,-122.697236,1,75.4,0,0,7,,1,0,1,1,Bank Withdrawal,1,0,1,3,0,1,1,1,72,5480.25,0,3035.52,0.0,8515.77,1,0
59,0,20.47,5447,Two Year,0,0,Female,0,,39.903272,-121.843567,1,25.5,1,0,7,,0,0,0,1,Mailed Check,1,0,1,5,0,0,0,0,51,1281.25,0,1043.97,0.0,2325.22,0,0
67,20,0.0,4107,Two Year,1,1,Female,1,DSL,33.760458,-118.129725,1,35.65,0,1,8,,1,0,1,1,Credit Card,0,0,1,5,1,0,0,0,29,1025.15,0,0.0,25.07,1000.08,1,0
48,0,8.82,5626,Two Year,1,0,Male,0,,33.801869,-117.995068,1,20.8,0,2,6,,0,0,1,1,Credit Card,1,0,1,4,0,0,0,0,67,1411.9,0,590.94,0.0,2002.84,0,0
61,18,16.02,4301,One Year,1,0,Male,1,Fiber Optic,36.633498,-119.298895,1,97.95,1,1,7,Offer B,0,0,1,1,Bank Withdrawal,1,1,1,3,0,1,1,1,49,4917.9,0,784.98,0.0,5702.88,1,0
19,85,28.05,4855,Month-to-Month,0,1,Female,1,Cable,40.053684,-120.743116,0,78.35,1,0,0,,1,1,1,0,Bank Withdrawal,1,1,0,4,0,0,0,1,25,1837.9,0,701.25,0.0,2539.15,1,0
50,0,16.36,5626,Month-to-Month,0,0,Male,0,,37.74441,-122.486764,0,19.3,0,0,0,Offer E,0,0,0,0,Credit Card,1,0,0,5,0,0,0,0,1,19.3,0,16.36,0.0,35.66,0,0
65,20,26.87,4474,Two Year,0,1,Female,1,Fiber Optic,34.667815,-117.536183,0,108.1,1,0,0,Offer A,1,0,1,0,Bank Withdrawal,1,1,0,5,1,1,1,1,72,7774.05,0,1934.64,0.0,9708.69,1,0
68,20,18.91,4708,Month-to-Month,0,0,Female,1,Fiber Optic,37.605926,-120.69955,1,99.6,1,0,1,,0,1,1,1,Bank Withdrawal,1,0,1,1,1,1,0,1,4,347.65,0,75.64,25.79,397.5,1,1
42,12,20.01,6090,Two Year,1,1,Female,1,Fiber Optic,34.119363,-117.855059,1,115.1,1,1,3,Offer B,1,1,0,1,Credit Card,1,1,1,3,0,1,1,1,61,7008.15,0,1220.61,0.0,8228.76,1,0
53,0,2.68,4406,Two Year,1,0,Male,0,,35.280113,-118.962329,1,19.6,0,3,9,Offer E,0,0,0,1,Mailed Check,1,0,1,3,0,0,0,0,9,197.4,0,24.12,0.0,221.52,0,0
58,14,29.43,4274,One Year,0,0,Female,1,Fiber Optic,36.993666,-119.348267,1,108.55,1,0,1,Offer B,1,1,0,1,Bank Withdrawal,1,1,1,2,0,1,1,1,50,5610.7,0,1471.5,0.0,7082.2,1,1
75,17,16.87,5611,Two Year,0,1,Male,1,Fiber Optic,41.486953,-120.913975,1,80.8,1,0,4,,0,0,1,1,Bank Withdrawal,1,0,1,5,1,0,0,0,6,457.1,30,101.22,0.0,588.32,0,0
73,28,0.0,5491,Month-to-Month,0,1,Male,1,Cable,34.137411,-118.328915,1,52.3,0,0,10,,1,0,1,1,Bank Withdrawal,0,0,1,5,1,1,1,1,71,3765.05,40,0.0,0.0,3805.05,0,0
20,59,0.0,4630,Month-to-Month,0,0,Male,1,DSL,39.061227,-120.179546,0,51.0,0,0,0,,1,0,1,0,Mailed Check,0,0,0,2,0,1,1,1,5,305.95,0,0.0,0.0,305.95,1,1
74,22,45.25,4981,Month-to-Month,0,0,Male,1,Cable,40.166028,-123.584144,1,85.6,1,0,1,,0,0,1,1,Bank Withdrawal,1,0,1,1,1,1,0,0,15,1345.55,0,678.75,0.0,2024.3,1,1
33,29,15.02,2270,Month-to-Month,0,0,Female,1,Fiber Optic,33.054579,-117.25665,1,75.15,1,0,1,,0,0,1,1,Credit Card,1,0,1,2,0,0,0,0,3,216.75,0,45.06,0.0,261.81,1,1
44,0,33.87,4315,Two Year,1,0,Male,0,,36.125529,-120.864443,0,26.4,1,1,0,,0,0,1,0,Credit Card,1,0,0,5,0,0,0,0,3,121.25,0,101.61,0.0,222.86,0,0
44,27,33.38,4198,Month-to-Month,0,0,Female,1,Fiber Optic,34.282704,-118.312929,0,86.55,1,0,0,,0,0,1,0,Credit Card,1,0,0,3,0,0,0,1,31,2697.4,0,1034.78,0.0,3732.18,1,1
65,13,18.37,2139,Month-to-Month,0,0,Female,1,Fiber Optic,34.027337,-118.28515,0,78.45,0,0,0,Offer E,0,0,0,0,Bank Withdrawal,1,0,0,1,1,0,0,1,1,78.45,0,18.37,0.0,96.82,1,1
26,0,39.84,2483,Month-to-Month,0,0,Male,0,,37.555631,-120.911653,1,19.45,0,0,1,Offer D,0,0,1,1,Credit Card,1,0,1,5,0,0,0,0,15,340.85,0,597.6,0.0,938.45,0,0
24,59,31.86,3135,Month-to-Month,1,0,Female,1,Cable,33.972119,-118.020188,1,56.3,0,1,10,,1,0,0,1,Bank Withdrawal,1,1,1,5,0,0,0,0,8,401.5,30,254.88,0.0,686.38,0,0
73,13,39.34,5004,Two Year,0,0,Female,1,Fiber Optic,33.738543,-117.785046,1,104.45,1,0,3,Offer A,1,0,1,1,Bank Withdrawal,1,1,1,4,1,1,0,1,70,7349.35,0,2753.8,0.0,10103.15,1,0
48,23,1.67,2463,Month-to-Month,0,0,Male,1,Fiber Optic,37.526791,-119.99437,0,74.35,0,0,0,,0,1,0,0,Credit Card,1,0,0,4,0,0,0,0,7,533.6,0,11.69,0.0,545.29,1,0
36,0,46.18,2997,One Year,0,0,Female,0,,37.233226,-121.78809,0,24.25,1,0,0,,0,0,1,0,Bank Withdrawal,1,0,0,3,0,0,0,0,38,914.4,0,1754.84,35.61,2633.63,0,0
48,19,0.0,4120,Two Year,1,1,Male,1,DSL,34.028735,-118.317236,1,60.05,0,1,3,,0,1,1,1,Bank Withdrawal,0,1,1,4,0,1,1,1,64,3845.45,0,0.0,0.0,3845.45,1,0
53,3,1.15,5656,Month-to-Month,0,0,Female,1,Fiber Optic,32.787836,-117.232376,0,90.1,1,0,0,,1,0,1,0,Bank Withdrawal,1,0,0,1,0,0,0,1,6,521.3,0,6.9,0.0,528.2,1,1
68,12,39.78,3438,Month-to-Month,0,1,Male,1,Cable,32.898613,-117.202937,0,50.15,0,0,0,Offer E,0,0,1,0,Mailed Check,1,0,0,2,1,0,0,0,1,50.15,0,39.78,0.0,89.93,1,1
43,29,5.47,2245,Month-to-Month,0,0,Female,1,DSL,38.859093,-121.182872,0,45.85,0,0,0,Offer E,0,0,1,0,Credit Card,1,0,0,3,0,0,0,0,2,105.6,0,10.94,0.0,116.54,1,0
21,0,8.38,4345,Month-to-Month,0,0,Male,0,,34.079449,-118.548306,0,19.0,0,0,0,,0,0,0,0,Credit Card,1,0,0,5,0,0,0,0,4,73.45,0,33.52,0.0,106.97,0,0
49,14,16.07,2538,Month-to-Month,0,1,Female,1,Fiber Optic,33.888323,-117.277533,0,99.7,1,0,0,Offer D,1,1,1,0,Bank Withdrawal,1,0,0,1,0,1,1,0,12,1238.45,0,192.84,0.0,1431.29,1,1
67,0,2.03,3288,Two Year,0,0,Female,0,,38.550722,-121.457314,0,19.5,0,0,0,Offer E,0,0,0,0,Bank Withdrawal,1,0,0,3,1,0,0,0,6,106.8,0,12.18,0.0,118.98,0,0
47,14,1.79,2251,Month-to-Month,0,0,Male,1,Fiber Optic,34.296574,-118.244839,0,73.85,0,0,0,Offer D,1,0,1,0,Credit Card,1,0,0,3,0,0,0,0,19,1424.5,130,34.01,0.0,1588.51,0,1
79,12,43.71,4337,One Year,0,1,Female,1,Fiber Optic,37.524721,-120.757977,1,115.6,1,0,2,Offer B,1,1,1,1,Bank Withdrawal,1,1,1,3,1,1,0,1,54,6431.05,0,2360.34,0.0,8791.39,1,0
53,18,34.02,5396,Month-to-Month,0,0,Female,1,Fiber Optic,41.082472,-121.195215,1,77.95,0,0,1,,0,0,1,1,Credit Card,1,0,1,1,0,0,0,1,42,3384.0,0,1428.84,0.0,4812.84,1,1
25,59,0.0,3125,Month-to-Month,0,1,Male,1,Cable,34.018354,-117.85492,0,40.0,0,0,0,,0,1,0,0,Credit Card,0,1,0,1,0,0,1,0,5,223.45,0,0.0,0.0,223.45,1,1
64,0,39.49,2722,Two Year,0,0,Female,0,,33.000269,-117.072093,0,19.6,0,0,0,Offer D,0,0,0,0,Credit Card,1,0,0,3,0,0,0,0,15,331.6,0,592.35,0.0,923.95,0,0
33,28,0.0,2876,Month-to-Month,0,0,Female,1,DSL,33.993991,-118.39704,0,29.15,0,0,0,,1,0,0,0,Bank Withdrawal,0,0,0,4,0,0,0,0,13,357.15,0,0.0,0.0,357.15,1,0
19,41,45.09,5689,One Year,0,1,Female,1,Fiber Optic,37.95338,-122.076886,0,87.15,0,0,0,Offer C,0,1,1,0,Credit Card,1,1,0,3,0,0,0,0,26,2274.1,20,1172.34,0.0,3466.44,0,0
54,0,15.33,3037,One Year,0,0,Male,0,,34.457829,-116.139589,1,25.7,1,0,10,Offer B,0,0,0,1,Credit Card,1,0,1,3,0,0,0,0,44,1110.5,0,674.52,0.0,1785.02,0,0
44,28,14.21,2335,One Year,0,1,Female,1,Fiber Optic,34.505273,-117.955054,0,104.05,1,0,0,,1,0,1,0,Credit Card,1,0,0,4,0,1,1,1,32,3416.85,0,454.72,0.0,3871.57,1,0
35,18,27.97,2901,Month-to-Month,0,0,Male,1,Fiber Optic,34.1678,-116.86433,0,69.75,0,0,0,Offer E,0,0,0,0,Bank Withdrawal,1,0,0,2,0,0,0,0,1,69.75,0,27.97,0.0,97.72,1,1
56,0,43.83,4883,Month-to-Month,0,0,Female,0,,39.745712,-121.84333,0,19.5,0,0,0,,0,0,0,0,Bank Withdrawal,1,0,0,4,0,0,0,0,9,150.35,0,394.47,0.0,544.82,0,0
46,27,25.54,5239,Month-to-Month,0,1,Female,1,Fiber Optic,33.798266,-118.300237,0,96.0,0,0,0,,0,0,1,0,Bank Withdrawal,1,0,0,1,0,1,1,1,12,1062.1,0,306.48,0.0,1368.58,1,1
32,16,26.41,2887,Month-to-Month,0,0,Female,1,Fiber Optic,34.049671,-117.468896,1,85.2,1,0,0,Offer E,0,0,1,1,Credit Card,1,0,0,1,0,1,1,0,8,627.4,0,211.28,0.0,838.68,1,1
29,48,2.0,5119,Two Year,0,1,Female,1,Fiber Optic,38.33788,-120.954202,1,108.9,1,0,6,,1,0,1,1,Credit Card,1,1,1,5,0,1,1,1,46,4854.3,0,92.0,0.0,4946.3,1,0
40,0,46.9,5975,Two Year,1,0,Female,0,,37.382909,-121.634151,1,20.0,0,2,7,Offer B,0,0,0,1,Credit Card,1,0,1,5,0,0,0,0,63,1209.25,0,2954.7,0.0,4163.95,0,0
32,30,20.12,3559,Two Year,1,0,Female,1,Cable,34.255442,-118.421314,1,68.25,0,1,10,,1,1,0,1,Bank Withdrawal,1,1,1,3,0,1,1,0,16,1114.85,0,321.92,0.0,1436.77,1,0
33,0,6.36,5685,One Year,0,0,Female,0,,38.029729,-121.387999,0,23.9,1,0,0,Offer E,0,0,0,0,Bank Withdrawal,1,0,0,4,0,0,0,0,4,97.5,0,25.44,0.0,122.94,0,0
42,57,13.25,4306,One Year,1,1,Female,1,Fiber Optic,38.736685,-121.251984,1,110.8,1,3,5,Offer B,1,0,1,1,Bank Withdrawal,1,1,1,4,0,1,1,1,62,6840.95,0,821.5,0.0,7662.45,1,0
68,29,33.81,4803,Month-to-Month,0,1,Female,1,Cable,38.809175,-121.171375,1,100.65,1,0,1,,0,0,1,1,Bank Withdrawal,1,0,1,1,1,1,0,1,56,5688.05,130,1893.36,0.0,7711.41,0,1
68,24,0.0,5692,Month-to-Month,0,0,Male,1,DSL,32.808814,-117.134694,0,39.0,0,0,0,,1,0,1,0,Mailed Check,0,0,0,1,1,0,0,1,16,679.85,0,0.0,0.0,679.85,1,1
29,0,25.1,2053,Month-to-Month,1,0,Female,0,,39.220368,-122.907693,1,19.25,0,5,9,Offer E,0,0,0,1,Bank Withdrawal,1,0,1,4,0,0,0,0,1,19.25,0,25.1,0.0,44.35,0,0
75,24,44.89,6205,Two Year,0,1,Female,1,Fiber Optic,37.797526,-122.464531,1,115.75,1,0,2,Offer A,1,1,1,1,Credit Card,1,1,1,3,1,1,0,1,72,8443.7,120,3232.08,0.0,11795.78,0,0
47,11,6.71,5393,Month-to-Month,0,1,Male,1,Fiber Optic,33.889605,-115.257009,0,95.1,1,0,0,Offer C,1,0,1,0,Credit Card,1,0,0,3,0,1,1,0,38,3691.2,0,254.98,0.0,3946.18,1,0
71,18,15.62,5428,One Year,0,1,Female,1,DSL,38.512569,-121.495184,0,83.0,1,0,0,Offer B,1,1,0,0,Bank Withdrawal,1,1,0,3,1,0,0,1,63,5243.05,0,984.06,0.0,6227.11,1,0
28,30,17.32,6424,Two Year,0,1,Female,1,Fiber Optic,34.321621,-118.399841,0,113.65,1,0,0,Offer A,1,1,1,0,Bank Withdrawal,1,1,0,4,0,1,1,1,70,7939.25,0,1212.4,0.0,9151.65,1,0
58,52,46.54,4412,Month-to-Month,1,0,Male,1,DSL,37.7795,-122.419233,1,54.9,0,3,4,,1,0,1,1,Bank Withdrawal,1,1,1,4,0,0,0,0,44,2549.1,130,2047.76,0.0,4726.86,0,0
46,0,33.86,4277,Month-to-Month,0,0,Female,0,,38.00474,-122.663717,0,18.9,0,0,0,Offer D,0,0,1,0,Credit Card,1,0,0,5,0,0,0,0,20,347.65,0,677.2,0.0,1024.85,0,0
44,0,6.81,5538,Two Year,0,0,Female,0,,37.766556,-121.976784,1,25.0,1,0,5,Offer B,0,0,0,1,Credit Card,1,0,1,5,0,0,0,0,64,1584.8,0,435.84,0.0,2020.64,0,0
37,0,5.95,2127,Month-to-Month,0,0,Female,0,,36.78724,-119.827813,1,20.35,0,0,0,Offer B,0,0,0,1,Credit Card,1,0,0,3,0,0,0,0,42,869.9,0,249.9,0.0,1119.8,0,0
26,0,22.16,2483,Month-to-Month,0,0,Male,0,,40.759401,-122.939337,0,20.05,0,0,0,,0,0,0,0,Credit Card,1,0,0,4,0,0,0,0,5,95.55,0,110.8,0.0,206.35,0,0
32,19,19.73,2161,Month-to-Month,1,0,Female,1,DSL,35.405722,-117.773354,1,51.05,0,2,3,,0,1,0,1,Credit Card,1,0,1,3,0,0,0,0,36,1815.0,0,710.28,0.0,2525.28,1,0
76,3,27.74,4319,Two Year,0,1,Male,1,Fiber Optic,39.061227,-120.179546,1,109.7,1,0,5,,1,0,0,1,Credit Card,1,1,1,4,1,1,1,1,72,7898.45,0,1997.28,0.0,9895.73,1,0
70,18,27.74,4499,One Year,0,1,Female,1,Fiber Optic,35.996923,-120.000951,1,106.5,1,0,9,,1,0,1,1,Bank Withdrawal,1,0,1,5,1,1,0,1,52,5621.85,90,1442.48,0.0,7154.33,0,0
22,52,41.18,4927,One Year,1,1,Male,1,Fiber Optic,33.571259,-117.731917,1,104.9,1,2,9,,1,1,1,1,Credit Card,1,1,1,3,0,1,1,0,72,7537.5,0,2964.96,0.0,10502.46,1,0
64,7,29.53,5150,Two Year,0,1,Female,1,Cable,39.031876,-120.811141,0,89.75,1,0,0,,1,1,0,0,Credit Card,1,1,0,4,0,1,1,1,70,6367.2,110,2067.1,0.0,8544.3,0,0
58,28,14.14,3273,Month-to-Month,0,1,Male,1,Fiber Optic,33.141265,-116.967221,0,85.85,0,0,0,Offer E,0,0,1,0,Bank Withdrawal,1,0,0,1,0,1,1,0,2,167.3,0,28.28,0.0,195.58,1,1
29,30,40.18,5682,Two Year,0,0,Male,1,Fiber Optic,32.741852,-117.243453,1,105.25,1,0,5,,1,0,1,1,Bank Withdrawal,1,1,1,4,0,1,1,1,64,6823.4,0,2571.52,23.67,9371.25,1,0
20,71,25.64,3097,Month-to-Month,1,0,Female,1,DSL,33.902045,-118.008961,1,50.7,0,2,1,,0,1,0,1,Credit Card,1,0,1,3,0,0,0,0,7,350.35,0,179.48,0.0,529.83,1,0
60,7,0.0,3929,Month-to-Month,0,1,Female,1,DSL,38.093701,-122.276589,0,35.9,0,0,0,Offer E,0,0,0,0,Credit Card,0,1,0,5,0,0,0,0,1,35.9,0,0.0,0.0,35.9,1,0
65,10,12.68,2268,Month-to-Month,0,1,Female,1,Fiber Optic,38.833554,-121.498102,0,99.8,0,0,0,,1,0,1,0,Credit Card,1,0,0,1,1,1,1,1,4,442.85,0,50.72,0.0,493.57,1,1
57,18,20.67,5413,Month-to-Month,0,0,Male,1,Fiber Optic,34.141146,-117.655583,1,75.0,0,0,8,Offer E,0,1,1,1,Credit Card,1,0,1,3,0,0,0,0,8,658.1,0,165.36,0.0,823.46,1,0
59,6,4.04,5593,Month-to-Month,0,0,Male,1,Fiber Optic,38.830739,-122.196202,0,79.55,0,0,0,,0,0,1,0,Bank Withdrawal,1,0,0,2,0,0,0,1,1,79.55,0,4.04,0.0,83.59,1,1
46,14,9.36,3358,Month-to-Month,0,0,Male,1,Fiber Optic,39.080469,-122.955176,0,69.9,0,0,0,,0,0,1,0,Bank Withdrawal,1,0,0,4,0,0,0,0,1,69.9,10,9.36,0.0,89.26,0,0
47,17,16.48,4631,Month-to-Month,1,0,Female,1,DSL,33.807882,-118.347957,1,66.3,0,2,1,Offer C,0,1,0,1,Bank Withdrawal,1,1,1,3,0,1,1,0,30,1923.5,0,494.4,0.0,2417.9,1,0
62,18,38.78,5614,Month-to-Month,1,0,Female,1,DSL,33.90139,-118.315697,1,54.65,0,1,1,Offer E,1,1,0,1,Credit Card,1,0,1,3,0,0,0,0,8,482.25,0,310.24,0.0,792.49,1,0
66,2,3.3,4448,Month-to-Month,0,0,Female,1,Fiber Optic,38.104705,-122.247387,0,96.55,1,0,0,,0,0,1,0,Bank Withdrawal,1,0,0,2,1,1,0,1,37,3580.3,0,122.1,0.0,3702.4,1,1
50,10,22.95,2706,Two Year,0,1,Male,1,Cable,36.186867,-120.387793,0,80.25,0,0,0,Offer E,0,1,1,0,Credit Card,1,1,0,5,0,1,1,1,6,493.4,0,137.7,0.0,631.1,1,0
28,42,21.8,4750,Month-to-Month,0,0,Male,1,Fiber Optic,36.414611,-121.6386,0,74.25,1,0,0,,0,0,1,0,Mailed Check,1,0,0,1,0,0,0,0,1,74.25,0,21.8,0.0,96.05,1,1
27,0,42.15,3586,Month-to-Month,0,0,Male,0,,34.141146,-117.655583,0,20.2,0,0,0,,0,0,0,0,Mailed Check,1,0,0,3,0,0,0,0,1,20.2,0,42.15,0.0,62.35,0,0
54,14,32.67,6409,One Year,0,0,Male,1,Fiber Optic,33.081478,-117.033814,0,99.15,0,0,0,Offer B,1,1,0,0,Bank Withdrawal,1,0,0,3,0,1,1,1,58,5720.95,0,1894.86,0.0,7615.81,1,0
27,27,1.29,4175,Two Year,0,1,Female,1,Fiber Optic,33.787165,-117.931889,1,118.6,1,0,1,Offer A,1,1,0,1,Credit Card,1,1,1,4,0,1,1,1,68,7990.05,0,87.72,38.57,8039.2,1,0
27,42,38.79,6302,Two Year,0,1,Female,1,Fiber Optic,33.976678,-118.065875,1,97.0,1,0,1,Offer A,1,1,1,1,Bank Withdrawal,1,1,1,4,0,0,0,0,72,7104.2,0,2792.88,0.0,9897.08,1,0
48,0,39.59,4698,Two Year,1,0,Female,0,,41.831901,-123.487478,1,20.4,0,1,1,Offer D,0,0,0,1,Bank Withdrawal,1,0,1,4,0,0,0,0,23,478.75,0,910.57,0.0,1389.32,0,0
60,30,29.23,6212,Month-to-Month,0,1,Female,1,Fiber Optic,33.999992,-117.535395,1,94.6,1,0,0,Offer B,1,0,0,1,Bank Withdrawal,1,0,0,3,0,0,0,1,52,5025.8,0,1519.96,0.0,6545.76,1,0
51,4,43.49,2041,Month-to-Month,0,0,Female,1,Cable,38.336216,-120.76901,0,49.95,1,0,0,,0,0,1,0,Bank Withdrawal,1,0,0,2,0,0,0,0,1,49.95,0,43.49,0.0,93.44,1,1
53,11,3.03,2624,Month-to-Month,0,0,Male,1,DSL,37.639029,-120.964772,0,63.75,0,0,0,,1,0,1,0,Bank Withdrawal,1,1,0,5,0,0,0,1,4,226.2,0,12.12,0.0,238.32,1,0
22,76,35.04,5922,One Year,0,0,Female,1,DSL,41.083464,-121.107929,1,69.5,0,0,1,,1,0,1,1,Bank Withdrawal,1,0,1,2,0,1,1,1,22,1498.2,0,770.88,49.57,2219.51,1,1
43,20,11.72,4958,One Year,0,1,Female,1,Fiber Optic,33.988572,-118.186565,1,90.55,1,0,6,Offer A,1,0,1,1,Bank Withdrawal,1,1,1,5,0,0,0,0,66,6130.95,0,773.52,0.0,6904.47,1,0
19,30,31.89,4777,One Year,1,0,Male,1,Fiber Optic,37.382909,-121.634151,0,85.45,1,1,0,,1,1,1,0,Credit Card,1,0,0,4,0,0,0,0,71,6028.95,0,2264.19,0.0,8293.14,1,0
53,0,29.09,5573,Two Year,1,0,Male,0,,40.390301,-123.412327,1,19.55,0,3,0,Offer E,0,0,0,1,Credit Card,1,0,0,4,0,0,0,0,4,68.8,0,116.36,0.0,185.16,0,0
74,25,31.17,5172,Month-to-Month,0,0,Female,1,Fiber Optic,38.838088,-122.73203,0,85.25,1,0,0,,0,0,1,0,Bank Withdrawal,1,0,0,1,1,1,1,0,27,2287.25,0,841.59,0.0,3128.84,1,1
45,10,3.59,4063,Two Year,0,1,Male,1,DSL,34.030915,-117.273201,0,78.9,0,0,0,,1,0,0,0,Credit Card,1,1,0,4,0,1,1,1,48,3771.5,0,172.32,0.0,3943.82,1,0
35,15,1.54,4491,Month-to-Month,1,0,Female,1,DSL,36.245926,-118.693138,1,65.2,1,1,3,,1,1,0,1,Bank Withdrawal,1,1,1,3,0,0,0,0,57,3687.85,0,87.78,0.0,3775.63,1,0
58,3,0.0,3910,One Year,0,1,Female,1,Cable,39.657228,-121.37778,0,49.05,0,0,0,,0,0,1,0,Bank Withdrawal,0,0,0,5,0,1,1,1,44,2265.0,0,0.0,0.0,2265.0,1,0
25,76,28.4,4955,Two Year,0,1,Female,1,Fiber Optic,38.490508,-121.284171,0,113.15,1,0,0,Offer A,1,1,1,0,Credit Card,1,1,0,3,0,1,1,1,71,7993.3,0,2016.4,0.0,10009.7,1,0
46,0,31.78,2303,Month-to-Month,0,0,Male,0,,35.996008,-120.85305,0,20.35,0,0,0,,0,0,0,0,Credit Card,1,0,0,4,0,0,0,0,5,92.75,0,158.9,0.0,251.65,0,0
67,22,3.62,4074,Month-to-Month,0,0,Female,1,Fiber Optic,37.734971,-120.954271,0,95.15,1,0,0,,0,0,1,0,Bank Withdrawal,1,0,0,2,1,1,1,1,11,997.65,0,39.82,0.0,1037.47,1,1
20,59,10.74,3186,Two Year,1,0,Male,1,DSL,34.049315,-117.255974,1,61.4,0,1,3,,1,1,1,1,Bank Withdrawal,1,0,1,4,0,1,1,0,14,815.55,20,150.36,0.0,985.91,0,0
30,48,22.88,5926,Month-to-Month,0,1,Female,1,Fiber Optic,37.609095,-121.263381,0,104.95,0,0,0,,0,1,1,0,Bank Withdrawal,1,1,0,4,0,1,1,1,60,6236.75,0,1372.8,0.0,7609.55,1,0
25,0,5.98,4690,One Year,0,0,Female,0,,37.670526,-120.877572,0,20.45,0,0,0,,0,0,0,0,Credit Card,1,0,0,4,0,0,0,0,24,527.35,0,143.52,0.0,670.87,0,0
79,9,36.66,4429,One Year,0,0,Male,1,Fiber Optic,34.144703,-117.770299,1,89.85,1,0,1,,1,0,1,1,Bank Withdrawal,1,0,1,5,1,1,0,0,57,4925.35,0,2089.62,0.0,7014.97,1,0
22,59,8.38,4776,One Year,0,0,Female,1,Fiber Optic,36.739385,-119.753649,0,99.9,1,0,0,Offer B,1,0,0,0,Bank Withdrawal,1,0,0,3,0,1,1,1,63,6137.0,0,527.94,0.0,6664.94,1,1
59,7,28.37,5774,Month-to-Month,0,0,Male,1,DSL,39.84784,-122.544556,0,45.3,0,0,0,,0,0,0,0,Bank Withdrawal,1,0,0,2,0,0,0,0,1,45.3,30,28.37,0.0,103.67,0,1
34,8,0.0,3620,Month-to-Month,0,1,Male,1,DSL,33.833181,-118.292062,0,40.4,0,0,0,Offer E,1,0,1,0,Credit Card,0,1,0,3,0,0,0,0,2,77.15,0,0.0,0.0,77.15,1,1
20,0,27.64,3756,One Year,0,0,Male,0,,34.139402,-118.128658,0,25.05,1,0,0,,0,0,0,0,Bank Withdrawal,1,0,0,5,0,0,0,0,42,949.85,0,1160.88,0.0,2110.73,0,0
59,0,36.63,3351,Month-to-Month,0,0,Female,0,,32.85723,-117.209774,0,19.9,0,0,0,Offer E,0,0,1,0,Credit Card,1,0,0,3,0,0,0,0,1,19.9,0,36.63,0.0,56.53,0,1
37,27,41.57,4356,Month-to-Month,0,1,Female,1,Cable,35.405722,-117.773354,1,88.9,0,0,1,,0,1,1,1,Mailed Check,1,0,1,1,0,1,1,0,5,454.15,0,207.85,0.0,662.0,1,1
55,0,37.98,5613,Two Year,0,0,Female,0,,40.839958,-124.003757,1,24.15,1,0,7,,0,0,1,1,Credit Card,1,0,1,5,0,0,0,0,72,1776.45,0,2734.56,0.0,4511.01,0,0
44,0,17.09,3260,Two Year,0,0,Female,0,,36.497895,-119.285484,1,19.85,0,0,8,Offer E,0,0,1,1,Credit Card,1,0,1,5,0,0,0,0,8,146.6,0,136.72,0.0,283.32,0,0
40,2,0.0,2653,Two Year,0,1,Male,1,DSL,38.71967,-121.862416,0,38.25,0,0,0,Offer B,0,1,0,0,Credit Card,0,1,0,3,0,0,0,0,46,1755.35,0,0.0,0.0,1755.35,1,0
33,0,22.3,6019,Two Year,1,0,Male,0,,34.13658,-118.245839,1,24.95,1,1,3,,0,0,0,1,Credit Card,1,0,1,5,0,0,0,0,50,1261.45,0,1115.0,0.0,2376.45,0,0
44,0,36.45,4455,One Year,0,0,Female,0,,37.078873,-122.090386,1,24.5,1,0,9,,0,0,1,1,Credit Card,1,0,1,4,0,0,0,0,58,1497.9,0,2114.1,9.22,3602.78,0,0
23,42,45.24,5582,Two Year,0,1,Male,1,Fiber Optic,34.201108,-116.593456,1,98.7,1,0,5,Offer A,1,0,1,1,Bank Withdrawal,1,1,1,3,0,1,1,0,70,6858.9,0,3166.8,0.0,10025.7,1,0
49,15,48.93,5264,Month-to-Month,0,0,Male,1,Fiber Optic,34.557711,-118.029441,0,93.35,1,0,0,,0,0,1,0,Bank Withdrawal,1,0,0,1,0,1,1,1,15,1444.65,0,733.95,0.0,2178.6,1,1
64,12,0.0,3044,One Year,1,0,Male,1,Cable,38.834469,-122.127193,0,34.05,0,2,0,,0,1,0,0,Credit Card,0,1,0,3,0,0,0,0,33,1113.95,0,0.0,0.0,1113.95,1,0
46,0,16.85,5461,Two Year,1,0,Male,0,,37.246064,-121.749494,1,24.95,1,2,7,,0,0,1,1,Credit Card,1,0,1,4,0,0,0,0,51,1222.25,0,859.35,0.0,2081.6,0,0
76,7,8.59,4073,Month-to-Month,0,1,Male,1,Fiber Optic,38.71967,-121.862416,1,104.35,1,0,9,Offer B,1,0,1,1,Bank Withdrawal,1,0,1,5,1,1,0,1,65,6578.55,0,558.35,0.0,7136.9,1,0
56,8,12.21,4466,Month-to-Month,0,1,Male,1,DSL,38.567594,-121.437507,0,69.5,1,0,0,,0,1,0,0,Mailed Check,1,0,0,3,0,0,0,1,18,1199.4,0,219.78,0.0,1419.18,1,0
45,15,0.0,5112,One Year,0,0,Male,1,Cable,40.559177,-120.612113,0,29.45,0,0,0,,0,0,0,0,Credit Card,0,1,0,3,0,0,0,0,66,1983.15,0,0.0,0.0,1983.15,1,0
34,0,7.33,2252,One Year,0,0,Male,0,,38.468893,-122.580539,0,19.95,0,0,0,Offer D,0,0,1,0,Bank Withdrawal,1,0,0,3,0,0,0,0,13,253.8,0,95.29,0.0,349.09,0,0
20,59,13.8,5415,Month-to-Month,0,0,Male,1,Fiber Optic,39.53222,-122.594879,0,87.75,1,0,0,,0,1,1,0,Bank Withdrawal,1,0,0,3,0,0,0,1,15,1242.2,0,207.0,0.0,1449.2,1,0
45,28,28.04,5968,Month-to-Month,1,0,Male,1,Fiber Optic,33.991782,-118.479229,1,85.6,0,3,1,,0,0,1,1,Bank Withdrawal,1,1,1,4,0,1,1,0,18,1601.5,0,504.72,0.0,2106.22,1,0
47,25,0.0,2187,Two Year,0,0,Male,1,Cable,33.323705,-116.626907,1,60.0,0,0,5,,1,1,1,1,Bank Withdrawal,0,1,1,3,0,1,1,1,38,2193.2,0,0.0,0.0,2193.2,1,0
48,23,0.0,5977,Month-to-Month,0,1,Female,1,DSL,33.507255,-117.029473,1,35.65,0,0,5,Offer D,1,0,1,1,Credit Card,0,0,1,3,0,0,0,0,17,646.05,0,0.0,0.0,646.05,1,0
61,0,19.75,4931,Two Year,0,0,Female,0,,36.303666,-119.825657,0,24.75,1,0,0,Offer C,0,0,0,0,Credit Card,1,0,0,3,0,0,0,0,25,692.1,0,493.75,0.0,1185.85,0,1
50,24,47.05,4617,Two Year,1,1,Female,1,Cable,40.342928,-124.063329,1,90.3,1,2,5,Offer B,1,1,0,1,Credit Card,1,1,1,3,0,1,1,1,59,5194.05,0,2775.95,0.0,7970.0,1,0
26,42,43.99,3937,Month-to-Month,0,0,Female,1,Fiber Optic,38.135897,-122.563683,0,80.0,0,0,0,Offer E,0,0,1,0,Bank Withdrawal,1,0,0,3,0,1,1,0,5,412.5,10,219.95,40.0,602.45,0,1
67,14,38.79,5137,Month-to-Month,0,0,Male,1,Fiber Optic,34.508417,-116.856103,0,80.55,1,0,0,,1,0,1,0,Credit Card,1,0,0,5,1,0,0,0,18,1411.65,0,698.22,0.0,2109.87,1,0
19,58,2.43,5328,Two Year,0,1,Male,1,Cable,33.611945,-117.665867,1,70.85,0,0,3,,0,1,1,1,Credit Card,1,1,1,4,0,1,1,0,71,4973.4,0,172.53,0.0,5145.93,1,0
32,57,30.06,5144,Two Year,1,0,Female,1,DSL,37.526791,-119.99437,1,63.8,0,3,0,,1,0,0,1,Bank Withdrawal,1,1,0,3,0,1,1,0,47,3007.25,80,1412.82,0.0,4500.07,0,0
25,58,48.48,5026,Month-to-Month,0,1,Female,1,Fiber Optic,33.97803,-118.217141,1,73.75,0,0,5,,0,0,1,1,Bank Withdrawal,1,0,1,1,0,0,1,0,4,325.45,0,193.92,0.0,519.37,1,1
48,0,22.49,5741,One Year,0,0,Female,0,,33.86532,-118.396336,1,25.9,1,0,4,Offer B,0,0,1,1,Credit Card,1,0,1,4,0,0,0,0,45,1216.6,0,1012.05,0.0,2228.65,0,0
65,4,16.34,6363,Month-to-Month,0,0,Male,1,Fiber Optic,39.955587,-123.681175,1,89.95,1,0,1,,1,0,1,1,Bank Withdrawal,1,0,1,1,1,0,0,1,69,6143.15,110,1127.46,6.79,7373.82,0,1
52,2,19.84,6358,Month-to-Month,0,0,Male,1,Fiber Optic,34.165383,-118.123752,1,90.65,1,0,1,Offer B,1,0,1,1,Bank Withdrawal,1,0,1,5,0,1,1,0,65,5931.0,110,1289.6,0.0,7330.6,0,0
63,19,2.48,5980,Two Year,1,1,Female,1,Fiber Optic,33.429488,-117.609432,0,105.45,0,1,0,Offer C,1,0,1,0,Bank Withdrawal,1,1,0,5,0,1,1,1,26,2715.3,0,64.48,0.0,2779.78,1,0
25,26,28.86,3039,Month-to-Month,0,1,Female,1,Fiber Optic,36.977025,-121.952864,1,79.7,0,0,1,,1,0,0,1,Bank Withdrawal,1,0,1,1,0,0,0,0,2,165.0,0,57.72,0.0,222.72,1,1
49,0,30.31,4670,One Year,1,0,Female,0,,33.905963,-118.08263,1,19.55,0,1,10,Offer B,0,0,0,1,Bank Withdrawal,1,0,1,5,0,0,0,0,53,1007.9,0,1606.43,0.0,2614.33,0,0
68,15,32.12,5838,Two Year,0,0,Male,1,Fiber Optic,33.912246,-118.236773,0,104.9,1,0,0,,1,0,1,0,Bank Withdrawal,1,1,0,5,1,1,0,1,57,5913.95,90,1830.84,1.69,7833.1,0,0
32,0,1.42,4695,One Year,0,0,Male,0,,40.186772,-122.388361,0,19.65,0,0,0,Offer D,0,0,0,0,Credit Card,1,0,0,3,0,0,0,0,18,411.25,0,25.56,0.0,436.81,0,0
74,23,12.33,2225,One Year,0,1,Female,1,Cable,34.70434,-120.02609,1,64.2,0,0,2,,0,0,0,1,Bank Withdrawal,1,1,1,4,1,0,0,1,34,2106.3,0,419.22,0.0,2525.52,1,0
45,25,9.23,2283,Month-to-Month,0,0,Female,1,Fiber Optic,38.931425,-121.946081,1,99.15,0,0,1,,1,0,1,1,Mailed Check,1,1,1,2,0,1,1,1,5,465.05,0,46.15,0.0,511.2,1,1
42,9,29.11,2220,Month-to-Month,0,0,Female,1,Fiber Optic,33.972119,-118.020188,0,75.35,1,0,0,Offer E,0,0,0,0,Bank Withdrawal,1,0,0,1,0,0,0,0,4,338.1,0,116.44,0.0,454.54,1,1
69,19,0.0,4865,Two Year,0,0,Male,1,DSL,38.53508,-121.444144,0,48.8,0,0,0,Offer B,0,1,1,0,Credit Card,0,0,0,3,1,1,1,1,52,2555.05,0,0.0,0.0,2555.05,1,0
59,6,27.68,6153,One Year,0,1,Female,1,Fiber Optic,33.976753,-117.897367,0,95.5,1,0,0,,1,0,1,0,Bank Withdrawal,1,0,0,5,0,0,0,1,65,6153.85,80,1799.2,0.0,8033.05,0,0
60,22,33.36,2325,Month-to-Month,0,1,Male,1,Fiber Optic,33.680302,-117.833296,0,89.55,1,0,0,Offer D,0,0,1,0,Bank Withdrawal,1,0,0,4,0,0,0,1,12,1021.75,0,400.32,0.0,1422.07,1,0
60,10,11.48,5058,One Year,1,1,Male,1,Fiber Optic,38.006047,-121.916834,1,85.85,0,1,4,,1,0,1,1,Credit Card,1,1,1,4,0,0,0,0,56,4793.8,0,642.88,0.0,5436.68,1,0
24,0,26.12,3820,Month-to-Month,0,0,Female,0,,37.422961,-120.765493,0,20.5,0,0,0,Offer E,0,0,0,0,Credit Card,1,0,0,2,0,0,0,0,1,20.5,0,26.12,0.0,46.62,0,1
80,15,22.95,4040,One Year,0,1,Male,1,Fiber Optic,33.867593,-118.080637,1,104.35,1,0,2,,1,0,1,1,Bank Withdrawal,1,0,1,4,1,1,1,1,60,6339.45,0,1377.0,41.23,7675.22,1,0
34,56,25.34,5806,Month-to-Month,1,0,Female,1,Fiber Optic,33.977468,-118.445475,0,78.95,1,3,0,,0,1,1,0,Bank Withdrawal,1,0,0,1,0,0,0,0,12,927.35,80,304.08,0.0,1311.43,0,1
65,28,37.78,4496,Two Year,0,0,Male,1,Fiber Optic,39.732767,-122.042298,0,94.85,1,0,0,Offer E,0,0,1,0,Bank Withdrawal,1,0,0,4,1,1,1,1,3,335.75,0,113.34,0.0,449.09,1,0
33,7,19.2,5338,Month-to-Month,0,1,Male,1,Fiber Optic,38.224869,-119.755729,1,99.25,1,0,1,Offer D,1,1,1,1,Bank Withdrawal,1,0,1,1,0,0,0,1,23,2186.4,0,441.6,0.0,2628.0,1,1
75,19,5.6,6051,Two Year,0,1,Male,1,Fiber Optic,36.488056,-120.407691,1,114.5,1,0,4,Offer A,1,1,1,1,Mailed Check,1,1,1,3,1,1,1,1,72,8331.95,0,403.2,0.0,8735.15,1,0
54,0,2.61,4035,Two Year,0,0,Male,0,,37.45809,-122.115398,1,19.3,0,0,3,,0,0,0,1,Credit Card,1,0,1,3,0,0,0,0,72,1304.8,0,187.92,0.0,1492.72,0,0
46,0,35.59,4852,Month-to-Month,0,0,Male,0,,37.791998,-122.408653,0,19.65,0,0,0,,0,0,1,0,Credit Card,1,0,0,5,0,0,0,0,3,68.35,0,106.77,0.0,175.12,0,0
45,21,0.0,2973,Month-to-Month,0,0,Female,1,DSL,32.677097,-116.304991,0,40.75,0,0,0,Offer E,1,0,0,0,Bank Withdrawal,0,0,0,4,0,1,1,0,9,359.4,20,0.0,0.0,379.4,0,0
64,24,8.56,3424,Month-to-Month,0,0,Male,1,Fiber Optic,32.85723,-117.209774,0,90.85,1,0,0,Offer E,1,0,1,0,Credit Card,1,0,0,3,0,1,1,0,1,90.85,0,8.56,0.0,99.41,1,1
64,76,40.68,2042,Month-to-Month,1,1,Female,1,Fiber Optic,40.692523,-122.369876,1,81.5,0,5,7,Offer C,0,0,1,1,Bank Withdrawal,1,1,1,5,0,0,0,0,39,3107.3,0,1586.52,0.0,4693.82,1,0
57,19,44.95,4612,One Year,0,0,Male,1,DSL,39.068071,-121.832638,1,44.6,0,0,1,Offer D,0,0,0,1,Bank Withdrawal,1,0,1,3,0,0,0,0,14,641.25,0,629.3,0.0,1270.55,1,0
40,0,42.55,5895,One Year,1,0,Male,0,,33.719869,-117.907063,1,23.95,1,3,1,,0,0,1,1,Credit Card,1,0,1,5,0,0,0,0,51,1216.35,0,2170.05,0.0,3386.4,0,0
34,0,38.96,4996,Month-to-Month,0,0,Male,0,,33.806708,-117.02007,0,20.05,0,0,0,Offer D,0,0,0,0,Credit Card,1,0,0,4,0,0,0,0,12,265.45,0,467.52,0.0,732.97,0,0
19,26,2.76,4911,Month-to-Month,0,0,Female,1,Fiber Optic,39.346898,-121.759537,0,71.1,0,0,0,Offer D,0,0,1,0,Bank Withdrawal,1,0,0,5,0,0,0,0,18,1247.75,150,49.68,0.0,1447.43,0,0
55,12,0.0,5323,One Year,0,0,Male,1,Cable,34.245289,-117.642503,0,36.0,0,0,0,,1,0,0,0,Credit Card,0,1,0,3,0,0,0,0,40,1382.9,130,0.0,0.0,1512.9,0,0
29,69,12.69,3194,Month-to-Month,0,0,Male,1,Fiber Optic,33.797638,-118.11662,0,91.15,1,0,0,Offer C,0,1,1,0,Bank Withdrawal,1,0,0,3,0,0,0,1,37,3369.25,50,469.53,17.5,3871.28,0,0
73,14,8.3,4887,One Year,0,1,Male,1,Fiber Optic,39.222323,-122.985488,1,110.55,1,0,2,,0,1,1,1,Mailed Check,1,1,1,3,1,1,0,1,69,7610.1,0,572.7,0.0,8182.8,1,0
26,48,0.0,4106,Month-to-Month,1,1,Female,1,DSL,33.044541,-116.833922,0,45.55,0,2,0,Offer B,1,0,0,0,Credit Card,0,0,0,3,0,1,1,0,48,2108.35,0,0.0,0.0,2108.35,1,0
36,12,26.55,3826,Month-to-Month,0,1,Female,1,Fiber Optic,34.007353,-118.033683,0,91.65,0,0,0,,1,0,1,0,Bank Withdrawal,1,0,0,5,0,0,0,1,43,3954.1,0,1141.65,0.0,5095.75,1,0
27,48,49.43,3042,Month-to-Month,0,0,Male,1,Fiber Optic,37.004068,-119.930027,0,69.55,0,0,0,Offer E,0,0,1,0,Bank Withdrawal,1,0,0,2,0,0,1,0,1,69.55,0,49.43,0.0,118.98,1,1
28,59,10.11,6452,Two Year,1,1,Male,1,DSL,33.897122,-118.164432,1,86.85,1,3,10,Offer A,1,1,0,1,Bank Withdrawal,1,1,1,4,0,1,1,1,71,6263.8,0,717.81,0.0,6981.61,1,0
45,14,13.51,3903,Month-to-Month,0,0,Male,1,DSL,37.704384,-122.126703,0,46.0,0,0,0,Offer D,0,0,0,0,Credit Card,1,0,0,4,0,0,0,0,10,492.1,0,135.1,0.0,627.2,1,0
35,16,41.85,3259,Month-to-Month,0,0,Male,1,Fiber Optic,33.543835,-115.993906,0,89.2,1,0,0,Offer B,1,0,1,0,Bank Withdrawal,1,0,0,5,0,0,0,1,41,3645.75,0,1715.85,2.21,5359.39,1,0
40,27,29.56,6032,Month-to-Month,1,0,Female,1,Fiber Optic,39.134075,-123.23422,1,80.75,1,2,9,Offer B,0,0,1,1,Bank Withdrawal,1,1,1,4,0,0,0,0,51,4116.9,0,1507.56,0.0,5624.46,1,0
32,26,11.56,3885,Month-to-Month,0,0,Female,1,DSL,34.067932,-117.785168,0,65.1,0,0,0,,1,1,0,0,Credit Card,1,0,0,3,0,0,0,1,40,2586.0,0,462.4,0.0,3048.4,1,0
50,30,35.32,3849,One Year,0,1,Female,1,Fiber Optic,40.4785,-124.301372,1,89.55,1,0,1,,1,0,1,1,Bank Withdrawal,1,1,1,2,0,0,0,0,39,3474.45,0,1377.48,0.0,4851.93,1,1
54,57,16.75,5265,Two Year,1,0,Female,1,DSL,35.316263,-119.402559,0,66.0,1,3,0,,1,1,0,0,Bank Withdrawal,1,1,0,3,0,0,0,0,70,4891.5,90,1172.5,0.0,6154.0,0,0
62,0,42.25,3313,One Year,0,0,Male,0,,35.55647,-118.244914,0,20.55,0,0,0,Offer B,0,0,0,0,Credit Card,1,0,0,5,0,0,0,0,47,1013.05,0,1985.75,0.0,2998.8,0,0
40,14,15.53,3475,Month-to-Month,0,1,Male,1,Fiber Optic,34.248061,-117.29028,0,94.05,0,0,0,Offer E,0,0,1,0,Bank Withdrawal,1,0,0,4,0,1,1,1,9,811.65,0,139.77,0.0,951.42,1,0
24,52,16.15,5515,Two Year,0,0,Female,1,Fiber Optic,32.619465,-116.593605,1,84.05,1,0,8,Offer A,1,1,1,1,Bank Withdrawal,1,0,1,4,0,0,1,0,72,6052.25,0,1162.8,0.0,7215.05,1,0
70,16,8.98,2399,One Year,0,0,Female,1,DSL,37.5923,-120.853288,1,60.0,0,0,1,,1,0,1,1,Bank Withdrawal,1,0,1,5,1,1,0,0,20,1259.35,0,179.6,0.0,1438.95,1,0
64,0,10.94,5974,Two Year,0,0,Female,0,,32.747484,-117.166877,1,20.25,0,0,1,,0,0,0,1,Credit Card,1,0,1,3,0,0,0,0,61,1278.8,0,667.34,5.15,1940.99,0,0
69,23,41.13,3283,One Year,0,0,Female,1,Cable,38.419088,-122.024568,0,49.85,0,0,0,,1,0,1,0,Credit Card,1,0,0,3,1,0,0,0,18,865.75,0,740.34,0.0,1606.09,1,0
77,16,37.4,5691,Month-to-Month,0,0,Female,1,Fiber Optic,33.844983,-117.952151,0,95.4,1,0,0,,0,0,1,0,Bank Withdrawal,1,0,0,4,1,1,0,1,21,2025.1,0,785.4,0.0,2810.5,1,0
73,19,38.06,4424,Month-to-Month,0,1,Male,1,Fiber Optic,32.787836,-117.232376,0,101.1,1,0,0,Offer C,0,0,1,0,Bank Withdrawal,1,0,0,1,1,1,0,1,37,3744.05,0,1408.22,0.0,5152.27,1,1
52,17,25.25,5491,Month-to-Month,1,0,Male,1,Cable,34.70434,-120.02609,0,55.3,0,2,0,Offer B,1,1,1,0,Bank Withdrawal,1,0,0,3,0,0,0,0,47,2654.05,0,1186.75,0.0,3840.8,1,0
44,0,6.61,3010,Month-to-Month,0,0,Female,0,,38.021772,-122.691744,0,18.8,0,0,0,Offer E,0,0,0,0,Credit Card,1,0,0,4,0,0,0,0,3,56.0,0,19.83,0.0,75.83,0,0
72,21,0.0,2166,One Year,0,1,Female,1,DSL,40.363446,-123.835041,1,50.4,0,0,10,Offer C,1,1,1,1,Credit Card,0,0,1,3,1,1,0,0,31,1580.1,0,0.0,0.0,1580.1,1,0
62,21,23.2,3394,Month-to-Month,1,0,Male,1,Fiber Optic,34.266389,-118.459744,0,79.9,0,3,0,,0,0,0,0,Bank Withdrawal,1,0,0,2,0,1,1,0,1,79.9,0,23.2,0.0,103.1,1,1
34,14,17.57,5353,One Year,0,0,Male,1,Cable,38.731055,-123.316553,1,77.5,1,0,1,Offer D,1,1,0,1,Mailed Check,1,1,1,2,0,0,0,1,21,1625.0,80,368.97,18.39,2055.58,0,1
42,28,18.47,6499,Two Year,0,1,Female,1,DSL,37.424342,-122.165641,0,85.35,1,0,0,Offer A,0,1,1,0,Credit Card,1,1,0,3,0,1,1,1,69,5897.4,0,1274.43,0.0,7171.83,1,0
61,0,4.79,3403,Two Year,0,0,Male,0,,40.936285,-121.572692,0,25.25,1,0,0,Offer D,0,0,0,0,Credit Card,1,0,0,4,0,0,0,0,22,566.5,0,105.38,0.0,671.88,0,0
49,22,35.11,4551,Two Year,0,1,Male,1,Fiber Optic,34.132275,-117.611478,0,109.2,1,0,0,,1,0,0,0,Bank Withdrawal,1,1,0,3,0,1,1,1,72,7878.3,0,2527.92,0.0,10406.22,1,0
77,4,6.23,2174,Month-to-Month,0,1,Male,1,Fiber Optic,38.584505,-121.491956,1,79.65,0,0,1,Offer C,1,0,1,1,Credit Card,1,0,1,3,1,0,0,0,30,2365.15,0,186.9,0.0,2552.05,1,1
58,12,40.58,5111,Month-to-Month,0,0,Male,1,Fiber Optic,38.486502,-121.334051,1,95.4,1,0,4,Offer C,0,0,1,1,Bank Withdrawal,1,0,1,3,0,1,1,1,36,3474.2,0,1460.88,0.0,4935.08,1,0
48,8,0.0,2673,Two Year,0,1,Male,1,Cable,34.486835,-117.362274,1,48.15,0,0,10,Offer B,0,1,0,1,Credit Card,0,1,1,4,0,0,0,1,42,2032.3,0,0.0,0.0,2032.3,1,0
40,76,0.0,5409,One Year,1,0,Male,1,DSL,32.774046,-117.142454,0,43.05,0,3,0,Offer B,1,1,1,0,Bank Withdrawal,0,0,0,3,0,0,0,1,50,2208.05,0,0.0,0.0,2208.05,1,0
57,0,45.19,3924,Month-to-Month,0,0,Female,0,,33.976678,-118.065875,1,19.5,0,0,1,,0,0,0,1,Bank Withdrawal,1,0,1,4,0,0,0,0,37,805.2,0,1672.03,0.0,2477.23,0,0
31,3,7.94,5354,Month-to-Month,0,0,Female,1,Fiber Optic,41.750354,-120.403885,0,100.85,1,0,0,Offer E,0,0,1,0,Credit Card,1,1,0,4,0,1,1,1,4,399.25,10,31.76,0.0,441.01,0,0
39,5,25.77,3178,Month-to-Month,0,0,Male,1,Cable,34.019323,-118.391902,0,49.05,0,0,0,,0,0,0,0,Credit Card,1,1,0,3,0,0,0,0,1,49.05,0,25.77,0.0,74.82,1,0
66,24,22.9,5610,Two Year,0,0,Male,1,Fiber Optic,33.929812,-116.76058,0,69.65,0,0,0,Offer D,0,0,0,0,Bank Withdrawal,1,0,0,3,1,0,0,0,16,1043.3,0,366.4,0.0,1409.7,1,0
60,0,26.99,4375,Two Year,0,0,Female,0,,39.288127,-122.415841,1,18.4,0,0,9,Offer B,0,0,0,1,Bank Withdrawal,1,0,1,4,0,0,0,0,59,1057.85,0,1592.41,0.0,2650.26,0,0
39,13,20.14,4933,Month-to-Month,0,1,Female,1,DSL,32.622999,-116.687855,0,66.15,1,0,0,,1,1,1,0,Bank Withdrawal,1,0,0,4,0,0,0,0,38,2522.4,0,765.32,0.0,3287.72,1,0
20,69,33.28,4648,Month-to-Month,1,1,Male,1,Cable,34.037342,-119.80079,0,55.9,0,1,0,Offer E,0,1,0,0,Credit Card,1,0,0,4,0,0,1,0,3,157.55,0,99.84,0.0,257.39,1,0
57,30,37.39,5937,Two Year,0,1,Female,1,DSL,33.876482,-118.284077,0,81.65,0,0,0,Offer B,0,1,0,0,Bank Withdrawal,1,1,0,3,0,1,1,1,45,3618.7,0,1682.55,0.0,5301.25,1,0
74,17,48.85,5302,Month-to-Month,1,0,Female,1,Fiber Optic,34.044271,-118.185237,1,80.65,1,1,1,Offer E,1,0,1,1,Credit Card,1,0,1,3,1,0,0,0,8,633.3,0,390.8,0.0,1024.1,1,1
41,7,48.37,5345,Two Year,0,1,Male,1,DSL,36.819628,-119.440414,1,84.7,0,0,10,,1,1,1,1,Credit Card,1,1,1,3,0,1,1,1,69,5878.9,0,3337.53,0.0,9216.43,1,0
21,0,22.22,5534,Two Year,0,0,Female,0,,34.139082,-118.39275,1,26.45,1,0,1,Offer A,0,0,0,1,Credit Card,1,0,1,4,0,0,0,0,72,1914.5,0,1599.84,0.0,3514.34,0,0
25,0,16.57,6469,Two Year,0,0,Female,0,,33.784597,-117.844535,0,20.6,0,0,0,,0,0,1,0,Credit Card,1,0,0,5,0,0,0,0,63,1298.7,0,1043.91,0.0,2342.61,0,0
44,14,40.26,3553,One Year,0,0,Female,1,Fiber Optic,37.828416,-122.216005,0,84.05,1,0,0,,0,0,0,0,Bank Withdrawal,1,0,0,2,0,0,0,1,32,2781.85,0,1288.32,0.0,4070.17,1,1
46,6,10.33,4322,One Year,0,1,Male,1,DSL,33.833181,-118.292062,1,54.9,1,0,4,Offer B,0,0,0,1,Bank Withdrawal,1,0,1,4,0,0,0,0,50,2614.1,0,516.5,0.0,3130.6,1,0
73,27,17.25,4553,Month-to-Month,0,1,Female,1,Fiber Optic,37.28682,-121.723877,1,104.05,1,0,5,,0,0,1,1,Bank Withdrawal,1,1,1,3,1,1,0,1,11,1133.65,0,189.75,0.0,1323.4,1,1
33,22,34.51,5842,Month-to-Month,0,0,Female,1,Cable,38.060264,-122.830646,1,44.9,0,0,0,Offer D,0,0,0,1,Credit Card,1,0,0,5,0,0,0,0,19,839.65,0,655.69,0.0,1495.34,1,0
29,53,41.92,4361,Two Year,0,1,Female,1,Fiber Optic,37.768881,-122.395521,0,111.25,1,0,0,,1,0,1,0,Bank Withdrawal,1,1,0,4,0,1,1,1,71,7984.15,0,2976.32,0.0,10960.47,1,0
26,71,41.9,4372,Month-to-Month,0,0,Female,1,DSL,36.319181,-117.593053,0,45.55,0,0,0,Offer E,0,0,0,0,Bank Withdrawal,1,0,0,5,0,0,0,0,2,84.4,10,83.8,0.0,178.2,0,0
37,27,42.78,2237,One Year,0,0,Female,1,DSL,37.943087,-122.72379,0,54.25,0,0,0,,0,1,0,0,Bank Withdrawal,1,1,0,3,0,0,0,0,8,447.75,0,342.24,0.0,789.99,1,0
33,9,40.34,5340,Two Year,0,1,Male,1,DSL,33.679659,-118.016195,1,83.25,0,0,1,Offer B,1,1,1,1,Credit Card,1,1,1,3,0,1,1,1,51,4089.45,0,2057.34,0.0,6146.79,1,0
30,85,0.0,5905,One Year,0,1,Male,1,Cable,38.875508,-121.765866,0,49.35,0,0,0,Offer A,0,1,1,0,Bank Withdrawal,0,1,0,3,0,0,0,1,67,3321.35,0,0.0,0.0,3321.35,1,0
40,0,22.29,5422,Two Year,0,0,Female,0,,39.473896,-121.415927,0,20.85,0,0,0,Offer D,0,0,1,0,Credit Card,1,0,0,3,0,0,0,0,21,435.25,0,468.09,1.31,902.03,0,0
57,0,12.0,4710,Month-to-Month,0,0,Male,0,,34.182378,-118.262922,0,20.05,0,0,0,,0,0,0,0,Bank Withdrawal,1,0,0,2,0,0,0,0,1,20.05,0,12.0,0.0,32.05,0,1
50,0,45.87,5826,One Year,0,0,Male,0,,38.42528,-119.475741,0,24.8,1,0,0,Offer B,0,0,0,0,Credit Card,1,0,0,4,0,0,0,0,65,1600.95,0,2981.55,0.0,4582.5,0,0
56,15,37.48,3945,One Year,0,1,Male,1,DSL,34.04622,-118.053753,0,83.7,1,0,0,,1,0,0,0,Credit Card,1,1,0,5,0,1,1,1,32,2633.3,0,1199.36,0.0,3832.66,1,0
48,0,11.53,6015,Two Year,0,0,Male,0,,34.035602,-117.591528,1,25.45,1,0,2,Offer B,0,0,0,1,Bank Withdrawal,1,0,1,4,0,0,0,0,61,1538.6,0,703.33,0.0,2241.93,0,0
40,0,37.46,5678,One Year,0,0,Female,0,,39.288127,-122.415841,0,19.75,0,0,0,,0,0,1,0,Credit Card,1,0,0,3,0,0,0,0,41,806.95,0,1535.86,0.0,2342.81,0,0
60,11,18.29,6194,One Year,1,0,Male,1,Fiber Optic,37.351214,-121.952417,1,89.55,1,1,10,Offer A,1,1,0,1,Bank Withdrawal,1,1,1,3,0,0,0,0,67,6038.55,0,1225.43,33.76,7230.22,1,0
35,28,39.58,2077,Month-to-Month,0,1,Male,1,DSL,39.396585,-121.38029,0,50.5,0,0,0,,0,0,1,0,Bank Withdrawal,1,0,0,3,0,0,0,0,1,50.5,0,39.58,0.0,90.08,1,1
25,26,0.0,4436,Month-to-Month,0,0,Male,1,Cable,33.867593,-118.080637,0,40.6,0,0,0,Offer C,0,0,1,0,Bank Withdrawal,0,1,0,5,0,1,1,0,39,1494.5,0,0.0,0.0,1494.5,1,0
62,5,5.91,5201,Month-to-Month,0,0,Male,1,DSL,37.285677,-122.224165,0,54.65,1,0,0,Offer C,1,0,1,0,Bank Withdrawal,1,0,0,3,0,0,0,0,33,1665.2,0,195.03,0.0,1860.23,1,0
40,0,29.06,5243,Two Year,1,0,Female,0,,33.902211,-117.914922,1,24.95,1,2,9,,0,0,1,1,Credit Card,1,0,1,5,0,0,0,0,56,1468.9,0,1627.36,0.0,3096.26,0,0
66,12,22.89,4121,Month-to-Month,0,1,Female,1,Fiber Optic,32.716007,-117.117462,1,95.55,1,0,3,,1,0,1,1,Bank Withdrawal,1,0,1,3,1,0,0,1,42,3930.6,0,961.38,0.0,4891.98,1,0
63,0,34.79,3772,Month-to-Month,0,0,Female,0,,34.044639,-118.240413,0,20.15,0,0,0,Offer E,0,0,0,0,Bank Withdrawal,1,0,0,4,0,0,0,0,9,238.15,0,313.11,0.0,551.26,0,0
31,8,0.0,4151,Two Year,0,0,Female,1,Cable,37.803883,-122.208417,1,58.65,0,0,3,Offer A,1,1,0,1,Credit Card,0,1,1,4,0,1,1,1,71,4145.25,0,0.0,0.0,4145.25,1,0
40,18,16.05,2102,Month-to-Month,0,1,Male,1,Fiber Optic,38.578807,-123.19338,0,108.2,0,0,0,,1,1,1,0,Bank Withdrawal,1,1,0,3,0,1,1,1,20,2203.7,0,321.0,0.0,2524.7,1,0
48,10,0.0,5404,One Year,0,1,Female,1,DSL,37.680844,-122.48131,0,60.15,0,0,0,,0,1,0,0,Bank Withdrawal,0,1,0,3,0,1,1,1,51,3077.0,0,0.0,0.0,3077.0,1,0
36,17,12.82,4595,Two Year,0,1,Female,1,DSL,34.108455,-118.362081,0,79.85,1,0,0,Offer B,1,1,1,0,Credit Card,1,1,0,3,0,0,0,1,63,4861.45,0,807.66,0.0,5669.11,1,0
44,2,0.0,2121,Month-to-Month,0,0,Male,1,Cable,34.049671,-117.468896,0,24.45,0,0,0,,0,0,1,0,Mailed Check,0,0,0,3,0,0,0,0,1,24.45,0,0.0,0.0,24.45,1,1
59,53,44.61,5341,Two Year,1,1,Male,1,DSL,37.639029,-120.964772,1,87.55,1,3,1,,1,1,1,1,Bank Withdrawal,1,1,1,4,0,1,1,1,72,6463.15,0,3211.92,0.0,9675.07,1,0
27,0,3.41,5432,Two Year,1,0,Female,0,,37.147198,-121.120161,1,19.85,0,1,1,Offer B,0,0,0,1,Mailed Check,1,0,1,4,0,0,0,0,52,1070.5,0,177.32,0.0,1247.82,0,0
34,75,0.0,3303,Two Year,1,1,Female,1,DSL,38.050558,-121.646924,1,52.5,0,3,1,Offer C,1,1,1,1,Credit Card,0,1,1,3,0,1,1,0,24,1208.15,0,0.0,0.0,1208.15,1,0
44,2,24.76,3068,Month-to-Month,0,0,Male,1,Fiber Optic,34.162515,-118.203869,0,96.0,0,0,0,,0,0,1,0,Bank Withdrawal,1,1,0,1,0,1,1,1,24,2122.45,0,594.24,0.0,2716.69,1,1
20,0,20.09,4900,Two Year,0,0,Female,0,,34.067699,-116.903891,1,24.4,1,0,10,Offer B,0,0,0,1,Mailed Check,1,0,1,5,0,0,0,0,61,1417.9,0,1225.49,0.0,2643.39,0,0
30,0,18.07,6312,Two Year,0,0,Male,0,,34.505273,-117.955054,1,19.9,0,0,2,Offer B,0,0,0,1,Credit Card,1,0,1,4,0,0,0,0,65,1292.6,0,1174.55,0.0,2467.15,0,0
63,13,45.76,5187,Month-to-Month,0,0,Female,1,Fiber Optic,33.362575,-117.299644,1,69.15,0,0,1,Offer B,0,0,0,1,Credit Card,1,0,1,4,0,0,0,0,51,3649.6,110,2333.76,0.0,6093.36,0,0
29,0,10.84,4270,Month-to-Month,0,0,Male,0,,34.062125,-118.315709,0,20.3,0,0,0,,0,0,0,0,Credit Card,1,0,0,4,0,0,0,0,1,20.3,0,10.84,0.0,31.14,0,0
41,0,6.7,3181,Month-to-Month,1,0,Female,0,,33.28156,-115.955541,1,24.3,1,3,6,,0,0,1,1,Credit Card,1,0,1,5,0,0,0,0,5,132.25,0,33.5,0.0,165.75,0,0
23,71,43.04,3322,One Year,0,0,Female,1,Fiber Optic,34.188339,-118.300942,0,105.2,0,0,0,,1,1,1,0,Bank Withdrawal,1,1,0,2,0,1,1,1,46,4822.85,0,1979.84,0.0,6802.69,1,1
40,20,19.01,5775,Month-to-Month,0,1,Female,1,Fiber Optic,39.903272,-121.843567,0,109.85,1,0,0,Offer B,1,0,1,0,Credit Card,1,1,0,5,0,1,1,1,63,7002.95,0,1197.63,0.0,8200.58,1,0
32,27,42.68,2562,Month-to-Month,0,0,Male,1,Cable,41.444606,-123.471895,0,65.25,1,0,0,,0,0,1,0,Credit Card,1,1,0,5,0,0,0,1,3,209.9,0,128.04,0.0,337.94,1,0
23,51,35.28,5730,Month-to-Month,0,0,Male,1,Fiber Optic,36.296851,-117.865469,0,71.35,0,0,0,,0,0,1,0,Credit Card,1,0,0,3,0,0,1,0,1,71.35,0,35.28,0.0,106.63,1,1
33,0,13.98,5652,Month-to-Month,0,0,Female,0,,37.828416,-122.216005,0,19.5,0,0,0,Offer D,0,0,1,0,Credit Card,1,0,0,4,0,0,0,0,23,470.2,0,321.54,0.0,791.74,0,0
68,2,45.43,4277,One Year,0,0,Female,1,Cable,41.266008,-120.490731,0,72.1,1,0,0,Offer B,1,0,0,0,Credit Card,1,1,0,5,1,0,0,1,54,3886.05,0,2453.22,0.0,6339.27,1,0
53,24,12.75,3975,Month-to-Month,0,0,Female,1,Fiber Optic,41.816595,-122.948287,0,94.2,1,0,0,,0,0,1,0,Bank Withdrawal,1,0,0,3,0,1,1,1,12,1046.1,120,153.0,7.39,1311.71,0,1
21,0,1.92,4047,One Year,0,0,Female,0,,34.145695,-117.95982,1,20.6,0,0,7,,0,0,0,1,Credit Card,1,0,1,3,0,0,0,0,11,233.9,0,21.12,0.0,255.02,0,0
33,0,8.36,3915,Two Year,0,0,Female,0,,34.110845,-118.259595,0,20.15,0,0,0,,0,0,0,0,Mailed Check,1,0,0,5,0,0,0,0,40,804.85,0,334.4,0.0,1139.25,0,0
42,76,0.0,4132,One Year,1,1,Female,1,DSL,35.342891,-119.064803,1,56.15,0,3,4,,0,0,1,1,Bank Withdrawal,0,1,1,5,0,1,1,1,51,2898.95,0,0.0,0.0,2898.95,1,0
51,23,29.42,2004,Month-to-Month,1,1,Female,1,Fiber Optic,39.246654,-120.029273,1,96.35,1,2,4,,1,0,1,1,Credit Card,1,0,1,5,0,0,0,1,40,3915.4,0,1176.8,0.0,5092.2,1,0
42,17,28.7,4699,Month-to-Month,1,0,Male,1,DSL,37.483535,-119.679414,1,44.75,0,1,7,Offer E,0,0,0,1,Bank Withdrawal,1,0,1,5,0,0,0,0,7,333.65,0,200.9,0.0,534.55,1,0
48,15,17.53,2934,Month-to-Month,0,0,Female,1,Fiber Optic,34.062125,-118.315709,0,74.95,1,0,0,,0,0,1,0,Bank Withdrawal,1,0,0,2,0,0,0,0,26,1834.95,0,455.78,0.0,2290.73,1,1
33,24,32.75,3995,Month-to-Month,0,0,Female,1,DSL,40.012675,-120.101857,0,59.05,1,0,0,Offer D,0,1,1,0,Credit Card,1,1,0,4,0,0,0,0,22,1253.5,0,720.5,0.0,1974.0,1,0
52,4,28.41,5319,One Year,0,1,Female,1,Fiber Optic,34.002028,-118.430656,0,104.8,1,0,0,Offer C,1,0,1,0,Bank Withdrawal,1,0,0,3,0,1,1,1,36,3886.45,0,1022.76,0.0,4909.21,1,0
19,42,41.12,4494,Month-to-Month,0,0,Female,1,Fiber Optic,38.494832,-121.529447,0,70.4,0,0,0,,0,0,0,0,Bank Withdrawal,1,0,0,1,0,0,1,0,4,281.0,70,164.48,0.0,515.48,0,1
54,11,42.93,4121,Month-to-Month,0,0,Male,1,Fiber Optic,34.167236,-116.281511,0,81.0,1,0,0,,1,0,0,0,Bank Withdrawal,1,0,0,3,0,0,0,0,51,4085.75,10,2189.43,0.0,6285.18,0,0
56,28,9.1,4785,Month-to-Month,1,0,Female,1,DSL,41.017282,-121.468945,1,48.8,1,2,1,Offer E,0,0,0,1,Bank Withdrawal,1,0,1,4,0,0,0,0,7,349.8,0,63.7,0.0,413.5,1,0
77,0,37.53,4713,One Year,0,0,Female,0,,40.913192,-123.06597,0,20.35,0,0,0,Offer D,0,0,0,0,Bank Withdrawal,1,0,0,4,1,0,0,0,18,369.6,0,675.54,0.0,1045.14,0,0
72,5,20.55,4116,Month-to-Month,0,0,Female,1,Fiber Optic,38.696659,-123.436861,0,73.0,0,0,0,,1,0,1,0,Bank Withdrawal,1,0,0,1,1,0,0,0,1,73.0,0,20.55,0.0,93.55,1,1
51,12,21.91,4713,Month-to-Month,0,0,Female,1,DSL,37.768881,-122.395521,0,50.8,0,0,0,Offer E,0,0,1,0,Bank Withdrawal,1,1,0,2,0,0,0,0,6,288.05,0,131.46,0.0,419.51,1,1
74,15,1.67,4306,Two Year,0,0,Male,1,DSL,32.716007,-117.117462,1,49.8,0,0,4,,1,0,0,1,Credit Card,1,0,1,3,1,0,0,0,49,2398.4,0,81.83,0.0,2480.23,1,0
51,22,17.7,3545,Month-to-Month,0,0,Male,1,DSL,33.391181,-118.421305,0,55.9,0,0,0,,0,0,1,0,Bank Withdrawal,1,0,0,3,0,1,1,0,4,238.5,0,70.8,0.0,309.3,1,0
61,13,0.0,2987,Month-to-Month,0,0,Male,1,Cable,34.102119,-117.815532,1,35.15,0,0,1,Offer E,0,0,1,1,Bank Withdrawal,0,0,1,2,0,1,1,0,3,99.75,0,0.0,0.0,99.75,1,1
74,15,34.12,5391,One Year,0,1,Female,1,Fiber Optic,40.160386,-120.835428,0,102.15,1,0,0,Offer B,0,0,1,0,Bank Withdrawal,1,0,0,4,1,1,0,1,45,4735.35,0,1535.4,0.0,6270.75,1,0
24,59,25.1,4096,Month-to-Month,0,1,Male,1,Fiber Optic,34.105493,-117.660934,0,89.85,0,0,0,,0,0,1,0,Credit Card,1,1,0,5,0,0,1,1,3,244.45,0,75.3,0.0,319.75,1,0
22,47,13.25,6087,Two Year,1,1,Female,1,Fiber Optic,40.057784,-123.679461,1,109.3,1,2,4,Offer B,0,1,0,1,Bank Withdrawal,1,1,1,4,0,1,1,1,65,7337.55,0,861.25,0.0,8198.8,1,0
33,0,13.36,2305,Month-to-Month,0,0,Male,0,,33.92128,-118.274186,0,20.6,0,0,0,Offer C,0,0,0,0,Credit Card,1,0,0,3,0,0,0,0,25,541.5,0,334.0,0.0,875.5,0,0
46,56,12.56,5964,One Year,1,0,Female,1,DSL,33.936827,-118.359824,0,55.6,0,3,0,,1,1,0,0,Credit Card,1,0,0,3,0,0,0,0,35,2016.45,0,439.6,0.0,2456.05,1,0
39,0,6.61,3972,One Year,0,0,Female,0,,33.001813,-117.263628,0,20.25,0,0,0,,0,0,1,0,Credit Card,1,0,0,4,0,0,0,0,41,865.0,0,271.01,46.78,1089.23,0,0
28,51,18.05,2781,Month-to-Month,0,1,Male,1,Fiber Optic,34.296813,-118.685703,1,84.25,1,0,1,,1,0,0,1,Bank Withdrawal,1,0,1,4,0,0,0,0,23,1968.1,0,415.15,8.3,2374.95,1,0
80,29,29.66,5393,Month-to-Month,0,1,Male,1,Fiber Optic,34.097863,-116.594561,1,85.2,0,0,4,Offer C,0,0,1,1,Credit Card,1,0,1,5,1,0,0,1,34,2874.45,0,1008.44,0.0,3882.89,1,0
19,30,1.28,5558,Month-to-Month,0,0,Male,1,DSL,38.002125,-121.324979,1,56.8,1,0,5,,1,0,0,1,Credit Card,1,0,1,5,0,0,0,0,18,1074.65,0,23.04,0.0,1097.69,1,0
25,48,6.03,2189,Month-to-Month,0,0,Female,1,Fiber Optic,32.555828,-117.040073,0,75.0,1,0,0,Offer D,0,0,1,0,Mailed Check,1,0,0,2,0,0,1,0,13,999.45,0,78.39,0.0,1077.84,1,1
33,0,34.57,4079,Month-to-Month,0,0,Female,0,,38.513484,-120.704613,0,19.95,0,0,0,Offer E,0,0,0,0,Credit Card,1,0,0,4,0,0,0,0,2,38.15,0,69.14,0.0,107.29,0,0
54,9,42.95,4427,Month-to-Month,0,0,Male,1,DSL,38.629618,-122.593216,0,44.3,0,0,0,Offer E,0,0,1,0,Credit Card,1,0,0,5,0,0,0,0,1,44.3,0,42.95,0.0,87.25,1,0
44,17,25.04,2584,Month-to-Month,1,0,Male,1,Cable,34.097345,-117.906736,0,70.7,0,1,0,Offer E,0,0,0,0,Credit Card,1,1,0,3,0,1,1,1,3,225.65,0,75.12,0.0,300.77,1,0
31,21,1.49,5974,Month-to-Month,0,0,Male,1,Fiber Optic,33.601309,-117.902304,0,80.35,1,0,0,Offer C,1,0,1,0,Bank Withdrawal,1,0,0,1,0,0,0,0,32,2596.15,0,47.68,0.0,2643.83,1,1
30,0,28.55,2951,Month-to-Month,1,0,Female,0,,34.956577,-119.750142,1,19.95,0,2,1,,0,0,1,1,Bank Withdrawal,1,0,1,4,0,0,0,0,4,82.9,0,114.2,0.0,197.1,0,0
21,73,11.01,3648,Month-to-Month,1,1,Female,1,Fiber Optic,32.800671,-116.483363,1,88.6,1,1,6,Offer C,1,0,0,1,Credit Card,1,1,1,3,0,0,1,0,33,2888.7,0,363.33,0.0,3252.03,1,0
26,46,34.49,4109,Month-to-Month,0,0,Female,1,Fiber Optic,34.102119,-117.815532,0,85.2,1,0,0,Offer E,0,0,1,0,Bank Withdrawal,1,0,0,3,0,0,1,1,5,474.8,0,172.45,0.0,647.25,1,1
51,21,1.69,4400,Month-to-Month,0,0,Female,1,Fiber Optic,34.255442,-118.421314,0,80.05,0,0,0,Offer D,1,0,1,0,Credit Card,1,1,0,5,0,0,0,0,14,1112.3,0,23.66,0.0,1135.96,1,0
42,0,3.23,5368,Month-to-Month,0,0,Male,0,,37.369709,-122.215844,0,20.05,0,0,0,,0,0,1,0,Credit Card,1,0,0,3,0,0,0,0,1,20.05,0,3.23,0.0,23.28,0,0
60,14,30.42,3192,Month-to-Month,0,0,Male,1,Fiber Optic,38.313447,-121.123886,0,94.1,1,0,0,Offer C,0,0,1,0,Bank Withdrawal,1,0,0,3,0,1,1,1,24,2322.85,110,730.08,0.0,3162.93,0,0
68,0,23.94,5548,Two Year,0,0,Female,0,,37.750778,-121.13238,1,18.95,0,0,3,,0,0,1,1,Mailed Check,1,0,1,4,1,0,0,0,54,1031.1,0,1292.76,0.0,2323.86,0,0
27,0,47.65,2176,Two Year,0,0,Male,0,,34.133809,-117.523724,0,19.85,0,0,0,,0,0,0,0,Credit Card,1,0,0,4,0,0,0,0,27,470.0,0,1286.55,0.0,1756.55,0,0
38,0,30.01,5518,One Year,1,0,Female,0,,40.923558,-122.059933,1,19.0,0,3,0,,0,0,0,1,Credit Card,1,0,0,5,0,0,0,0,6,105.5,0,180.06,0.0,285.56,0,0
74,4,39.36,5362,Month-to-Month,0,0,Female,1,Fiber Optic,36.497895,-119.285484,0,99.95,1,0,0,,1,0,1,0,Bank Withdrawal,1,0,0,3,1,1,0,1,31,3186.65,0,1220.16,0.0,4406.81,1,1
54,29,35.35,4559,One Year,1,0,Male,1,DSL,40.03194,-122.176023,1,75.2,0,2,9,,1,0,1,1,Credit Card,1,1,1,4,0,1,1,1,58,4300.8,0,2050.3,0.0,6351.1,1,0
63,9,25.49,3478,Month-to-Month,0,0,Male,1,DSL,34.598221,-117.79593,0,45.35,0,0,0,,0,0,0,0,Bank Withdrawal,1,0,0,1,0,0,0,0,2,89.5,0,50.98,0.0,140.48,1,1
31,0,17.81,2968,Month-to-Month,0,0,Male,0,,33.920907,-117.489426,0,20.4,0,0,0,,0,0,0,0,Mailed Check,1,0,0,5,0,0,0,0,1,20.4,0,17.81,0.0,38.21,0,0
57,21,13.54,3307,Month-to-Month,1,0,Male,1,DSL,37.941456,-122.320968,0,48.65,0,2,0,,0,0,1,0,Bank Withdrawal,1,1,0,5,0,0,0,0,5,235.2,0,67.7,0.0,302.9,1,0
48,4,15.6,2291,Month-to-Month,0,0,Female,1,Fiber Optic,36.141319,-119.129075,0,76.5,1,0,0,,0,0,1,0,Bank Withdrawal,1,0,0,3,0,0,0,0,11,837.95,0,171.6,0.0,1009.55,1,1
69,24,11.35,5247,One Year,0,0,Male,1,DSL,40.142256,-123.852927,1,71.0,0,0,10,,1,1,1,1,Bank Withdrawal,1,1,1,3,1,0,0,1,71,5012.1,0,805.85,0.0,5817.95,1,0
51,30,24.53,5255,One Year,0,0,Female,1,DSL,33.988572,-118.186565,1,62.15,0,0,1,Offer C,0,1,1,1,Bank Withdrawal,1,0,1,4,0,0,0,1,35,2215.45,0,858.55,0.0,3074.0,1,0
56,53,0.0,3824,Month-to-Month,1,0,Male,1,DSL,36.296851,-117.865469,1,38.55,0,3,3,,0,1,0,1,Credit Card,0,0,1,4,0,0,0,1,4,156.1,0,0.0,0.0,156.1,1,0
39,30,21.58,2044,Month-to-Month,0,0,Male,1,Fiber Optic,32.825086,-117.199424,1,74.95,1,0,1,Offer D,0,0,1,1,Bank Withdrawal,1,0,1,1,0,0,0,0,11,825.7,0,237.38,0.0,1063.08,1,1
22,0,26.37,2716,Month-to-Month,0,0,Male,0,,34.00709,-118.258681,0,19.2,0,0,0,,0,0,0,0,Bank Withdrawal,1,0,0,4,0,0,0,0,1,19.2,0,26.37,0.0,45.57,0,0
21,51,37.83,2627,Month-to-Month,0,0,Male,1,Fiber Optic,37.873916,-122.20522,1,84.8,0,0,1,Offer E,0,0,1,1,Bank Withdrawal,1,1,1,3,0,0,0,1,1,84.8,0,37.83,0.0,122.63,1,1
55,18,1.39,3835,One Year,0,0,Female,1,DSL,33.141265,-116.967221,1,60.0,0,0,5,Offer D,0,0,0,1,Bank Withdrawal,1,1,1,4,0,0,0,1,23,1347.15,0,31.97,0.0,1379.12,1,0
31,21,29.4,4640,One Year,0,1,Male,1,Fiber Optic,33.644585,-116.871544,1,106.8,1,0,3,Offer B,1,0,1,1,Bank Withdrawal,1,0,1,3,0,1,1,1,51,5498.8,140,1499.4,0.0,7138.2,0,0
33,18,46.23,6030,Two Year,0,1,Female,1,Fiber Optic,35.050345,-120.489599,1,110.45,1,0,1,,1,0,1,1,Bank Withdrawal,1,1,1,4,0,1,1,1,72,7982.5,0,3328.56,0.0,11311.06,1,0
21,0,4.17,5584,Month-to-Month,1,0,Female,0,,37.424342,-122.165641,1,19.6,0,2,1,,0,0,0,1,Credit Card,1,0,1,5,0,0,0,0,44,780.25,0,183.48,0.0,963.73,0,0
31,21,21.38,5806,One Year,0,1,Female,1,Cable,38.34719,-122.697822,0,74.0,1,0,0,,0,1,0,0,Credit Card,1,1,0,3,0,0,0,1,52,3877.65,0,1111.76,0.0,4989.41,1,0
48,3,33.23,5141,Two Year,0,1,Female,1,Fiber Optic,34.052842,-118.264495,1,113.25,1,0,7,Offer A,1,1,0,1,Credit Card,1,1,1,4,0,1,1,1,69,7895.15,0,2292.87,0.0,10188.02,1,0
78,5,32.54,2574,One Year,0,1,Male,1,Fiber Optic,33.923149,-117.244933,1,94.3,0,0,1,,0,1,0,1,Credit Card,1,1,1,3,1,1,0,0,20,1818.3,0,650.8,0.0,2469.1,1,0
71,25,2.08,5365,Month-to-Month,0,0,Male,1,Fiber Optic,34.214054,-118.88109,1,80.3,0,0,1,,0,0,1,1,Credit Card,1,0,1,1,1,1,1,0,32,2483.05,0,66.56,0.0,2549.61,1,1
54,12,26.81,4535,Month-to-Month,0,0,Female,1,Fiber Optic,32.961064,-117.134917,0,79.85,0,0,0,Offer C,1,1,1,0,Bank Withdrawal,1,0,0,2,0,0,0,0,25,2015.35,0,670.25,0.0,2685.6,1,1
19,41,49.81,2667,Month-to-Month,0,0,Male,1,DSL,34.231053,-118.338307,0,46.0,0,0,0,,0,0,1,0,Credit Card,1,0,0,3,0,0,1,0,2,84.5,0,99.62,0.0,184.12,1,1
24,52,31.34,3555,Month-to-Month,0,0,Male,1,Fiber Optic,33.507255,-117.029473,0,79.05,0,0,0,,0,0,1,0,Bank Withdrawal,1,0,0,1,0,0,1,1,1,79.05,0,31.34,0.0,110.39,1,1
53,26,2.95,4311,Two Year,0,1,Female,1,Cable,37.572273,-121.964583,1,91.15,1,0,4,,1,1,1,1,Bank Withdrawal,1,1,1,4,0,1,1,1,72,6637.9,0,212.4,0.0,6850.3,1,0
45,0,24.03,4937,Two Year,0,0,Female,0,,34.199787,-118.68493,0,19.2,0,0,0,,0,0,1,0,Credit Card,1,0,0,4,0,0,0,0,62,1123.65,0,1489.86,0.0,2613.51,0,0
37,0,12.58,5613,Two Year,0,0,Female,0,,37.937082,-122.532369,1,25.65,1,0,4,,0,0,0,1,Bank Withdrawal,1,0,1,5,0,0,0,0,72,1887.0,0,905.76,0.0,2792.76,0,0
30,51,24.83,4945,Month-to-Month,0,0,Male,1,Fiber Optic,34.029175,-117.307211,1,89.85,1,0,0,,0,0,1,1,Bank Withdrawal,1,1,0,3,0,1,1,0,35,3161.2,20,869.05,0.0,4050.25,0,0
22,71,30.09,4891,Month-to-Month,0,0,Female,1,Fiber Optic,40.809636,-124.189977,1,75.35,0,0,6,,1,0,0,1,Bank Withdrawal,1,0,1,5,0,0,0,0,15,1114.55,0,451.35,0.0,1565.9,1,0
37,9,28.25,2928,Month-to-Month,0,0,Male,1,Cable,39.084645,-120.894014,0,50.45,1,0,0,,0,0,1,0,Bank Withdrawal,1,0,0,3,0,0,0,0,1,50.45,0,28.25,0.0,78.7,1,1
44,19,0.0,4369,Month-to-Month,1,0,Male,1,Cable,37.285677,-122.224165,0,33.6,0,1,0,Offer E,1,0,0,0,Credit Card,0,1,0,5,0,0,0,0,1,33.6,50,0.0,0.0,83.6,0,0
69,30,19.92,3415,Two Year,0,1,Male,1,DSL,34.057496,-118.413959,0,69.1,1,0,0,,0,0,1,0,Credit Card,1,1,0,3,1,0,0,1,30,2093.9,0,597.6,21.08,2670.42,1,0
34,15,41.77,4424,Month-to-Month,0,0,Male,1,Fiber Optic,32.898613,-117.202937,0,80.8,0,0,0,,0,0,1,0,Bank Withdrawal,1,0,0,3,0,1,1,0,1,80.8,0,41.77,0.0,122.57,1,1
50,4,34.01,5428,One Year,0,0,Male,1,Cable,40.497283,-123.93037,1,58.35,1,0,5,,0,1,1,1,Bank Withdrawal,1,1,1,3,0,0,0,0,24,1346.9,0,816.24,0.0,2163.14,1,0
47,21,49.31,4508,Month-to-Month,0,1,Male,1,Fiber Optic,33.877639,-117.961212,1,106.75,1,0,7,,1,1,1,1,Bank Withdrawal,1,1,1,1,0,0,0,1,59,6252.9,40,2909.29,0.0,9202.19,0,1
76,26,21.89,2819,Month-to-Month,0,1,Male,1,Fiber Optic,32.886925,-117.152162,0,99.45,1,0,0,,0,0,1,0,Bank Withdrawal,1,0,0,3,1,1,0,1,12,1200.15,0,262.68,0.0,1462.83,1,1
40,11,27.53,3013,Month-to-Month,0,0,Male,1,Cable,38.445939,-121.496855,0,64.95,0,0,0,Offer E,0,1,0,0,Credit Card,1,1,0,3,0,1,1,0,9,547.8,0,247.77,0.0,795.57,1,0
24,69,35.77,2734,Month-to-Month,0,0,Male,1,Fiber Optic,37.609095,-121.263381,0,80.5,0,0,0,,0,0,0,0,Bank Withdrawal,1,0,0,1,0,1,1,0,1,80.5,0,35.77,0.0,116.27,1,1
54,26,31.96,6099,Month-to-Month,1,1,Female,1,Fiber Optic,33.527605,-116.666551,1,84.05,0,2,1,Offer B,0,1,1,1,Bank Withdrawal,1,1,1,3,0,0,0,0,52,4326.8,0,1661.92,0.0,5988.72,1,0
23,51,0.0,5482,Month-to-Month,0,0,Female,1,Cable,32.825086,-117.199424,1,44.6,0,0,1,,0,0,0,1,Bank Withdrawal,0,0,1,3,0,1,1,1,2,97.1,0,0.0,0.0,97.1,1,1
23,59,44.06,4208,Month-to-Month,0,0,Female,1,DSL,34.049315,-117.255974,1,69.45,0,0,8,Offer C,1,0,1,1,Bank Withdrawal,1,0,1,5,0,1,1,1,24,1614.05,0,1057.44,0.0,2671.49,1,0
21,59,27.1,4403,Two Year,1,1,Male,1,Cable,38.107441,-120.230625,1,91.95,1,1,1,Offer A,1,1,1,1,Credit Card,1,1,1,4,0,1,1,1,72,6614.9,0,1951.2,0.0,8566.1,1,0
75,9,16.72,5856,Two Year,0,1,Male,1,Cable,39.298065,-123.25211,1,84.45,1,0,3,Offer A,1,1,0,1,Credit Card,1,0,1,3,1,1,0,1,72,5899.85,0,1203.84,0.0,7103.69,1,0
48,13,9.95,3260,Month-to-Month,0,0,Female,1,Fiber Optic,34.457829,-116.139589,0,96.6,1,0,0,Offer E,0,0,1,0,Bank Withdrawal,1,0,0,1,0,1,1,1,3,291.9,0,29.85,0.0,321.75,1,1
59,0,16.4,5417,Month-to-Month,1,0,Female,0,,37.99272,-122.575026,1,20.45,0,1,1,Offer D,0,0,1,1,Credit Card,1,0,1,3,0,0,0,0,13,254.5,0,213.2,0.0,467.7,0,0
60,0,34.04,4617,Two Year,1,0,Male,0,,34.030578,-118.399613,1,19.6,0,3,10,,0,0,0,1,Credit Card,1,0,1,5,0,0,0,0,23,426.65,0,782.92,0.0,1209.57,0,0
59,58,4.67,4479,Month-to-Month,1,0,Female,1,Fiber Optic,38.809804,-122.241383,1,75.8,1,3,3,Offer D,0,0,1,1,Bank Withdrawal,1,0,1,5,0,0,0,0,22,1615.1,0,102.74,0.0,1717.84,1,0
19,59,0.0,4034,Month-to-Month,0,0,Female,1,DSL,41.33832,-122.290756,0,39.7,0,0,0,,1,0,1,0,Bank Withdrawal,0,0,0,5,0,1,1,0,19,710.05,110,0.0,0.0,820.05,0,0
41,21,8.6,5455,Month-to-Month,0,1,Female,1,Fiber Optic,34.061918,-118.277939,1,111.15,1,0,4,,1,0,1,1,Bank Withdrawal,1,1,1,4,0,1,1,1,64,6953.4,0,550.4,0.0,7503.8,1,0
24,85,36.14,5651,One Year,0,0,Male,1,DSL,34.145695,-117.95982,1,49.75,0,0,4,Offer E,0,1,1,1,Bank Withdrawal,1,0,1,1,0,0,1,0,7,331.3,0,252.98,0.0,584.28,1,1
62,0,28.3,4158,Two Year,0,0,Male,0,,33.975332,-118.355252,0,21.0,0,0,0,,0,0,0,0,Bank Withdrawal,1,0,0,4,0,0,0,0,52,1107.2,0,1471.6,0.0,2578.8,0,0
39,30,18.99,5915,Month-to-Month,0,1,Female,1,Fiber Optic,40.586588,-122.903677,0,95.6,1,0,0,Offer D,1,0,1,0,Credit Card,1,0,0,1,0,1,1,0,16,1555.65,0,303.84,0.0,1859.49,1,1
75,28,9.67,5030,Month-to-Month,0,1,Female,1,Fiber Optic,40.497441,-121.827524,0,106.15,1,0,0,Offer C,1,0,1,0,Bank Withdrawal,1,0,0,1,1,1,0,1,28,3152.5,0,270.76,0.0,3423.26,1,1
38,19,37.94,2698,Two Year,0,1,Male,1,Fiber Optic,34.281911,-118.556218,0,100.45,0,0,0,,0,1,1,0,Bank Withdrawal,1,0,0,4,0,1,1,1,39,3801.7,0,1479.66,0.0,5281.36,1,0
47,19,14.48,5846,One Year,1,1,Female,1,DSL,38.691607,-121.602284,1,59.1,0,1,5,Offer A,1,0,0,1,Bank Withdrawal,1,1,1,4,0,0,0,0,69,4134.7,0,999.12,0.0,5133.82,1,0
33,4,14.93,4667,Month-to-Month,0,0,Female,1,DSL,35.939068,-119.043666,0,49.9,0,0,0,,0,0,1,0,Bank Withdrawal,1,1,0,3,0,0,0,0,1,49.9,0,14.93,0.0,64.83,1,0
37,3,10.46,5707,Two Year,0,1,Female,1,Fiber Optic,37.680968,-121.446049,1,105.15,1,0,4,,1,0,1,1,Bank Withdrawal,1,0,1,5,0,1,1,1,71,7555.0,60,742.66,0.0,8357.66,0,0
25,41,24.08,5954,Two Year,1,1,Male,1,Fiber Optic,38.196497,-120.61689,1,80.35,0,3,8,Offer A,0,1,0,1,Credit Card,1,0,1,3,0,0,0,0,68,5375.15,0,1637.44,0.0,7012.59,1,0
25,41,40.22,2832,Month-to-Month,0,1,Male,1,Fiber Optic,38.049457,-121.21653,0,94.9,0,0,0,Offer D,0,0,1,0,Bank Withdrawal,1,0,0,1,0,1,1,1,10,1048.85,0,402.2,0.0,1451.05,1,1
27,52,42.1,2654,One Year,0,0,Female,1,DSL,33.936298,-116.849577,1,63.9,1,0,4,Offer B,1,0,0,1,Bank Withdrawal,1,0,1,3,0,0,0,1,40,2635.0,0,1684.0,0.0,4319.0,1,0
41,18,22.23,4774,Two Year,0,1,Male,1,DSL,35.634222,-120.728341,0,74.2,1,0,0,Offer B,1,0,1,0,Credit Card,1,1,0,3,0,1,1,0,65,4805.65,0,1444.95,0.0,6250.6,1,0
64,13,42.29,3118,One Year,0,0,Female,1,Fiber Optic,34.238802,-118.482296,0,79.95,0,0,0,Offer C,1,0,1,0,Bank Withdrawal,1,1,0,3,0,0,0,0,33,2684.85,0,1395.57,0.0,4080.42,1,0
58,11,44.97,3368,Month-to-Month,0,0,Male,1,Fiber Optic,37.671806,-121.007575,1,69.0,0,0,1,Offer D,0,0,1,1,Bank Withdrawal,1,0,1,2,0,0,0,0,17,1149.65,0,764.49,0.0,1914.14,1,1
47,22,32.41,3380,One Year,0,0,Male,1,Cable,32.808814,-117.134694,0,70.4,0,0,0,,1,1,0,0,Bank Withdrawal,1,1,0,3,0,0,0,1,30,2044.75,0,972.3,0.0,3017.05,1,0
29,0,4.98,4964,Month-to-Month,0,0,Male,0,,37.760412,-122.484966,1,20.25,0,0,9,,0,0,0,1,Credit Card,1,0,1,4,0,0,0,0,8,158.35,0,39.84,0.0,198.19,0,0
26,47,14.79,5034,Two Year,0,1,Male,1,Fiber Optic,34.031529,-118.491156,1,110.0,1,0,4,Offer A,1,0,1,1,Bank Withdrawal,1,1,1,2,0,1,1,1,68,7611.85,0,1005.72,0.0,8617.57,1,1
25,0,42.96,4769,Month-to-Month,0,0,Male,0,,38.154823,-121.601358,0,20.25,0,0,0,,0,0,1,0,Credit Card,1,0,0,5,0,0,0,0,1,20.25,0,42.96,0.0,63.21,0,0
79,24,4.75,5469,Two Year,0,1,Male,1,Fiber Optic,40.181279,-120.392967,1,102.6,1,0,7,Offer C,1,0,1,1,Bank Withdrawal,1,0,1,4,1,1,0,1,38,4009.2,0,180.5,45.81,4143.89,1,0
41,18,30.66,4154,One Year,0,1,Male,1,Fiber Optic,38.834469,-122.127193,0,84.4,0,0,0,Offer B,0,1,0,0,Bank Withdrawal,1,1,0,3,0,0,0,0,54,4484.05,0,1655.64,0.0,6139.69,1,0
29,0,49.02,4758,Two Year,0,0,Male,0,,39.245911,-123.77214,0,20.8,0,0,0,Offer B,0,0,0,0,Credit Card,1,0,0,4,0,0,0,0,58,1212.25,0,2843.16,0.0,4055.41,0,0
59,0,41.28,4099,Month-to-Month,0,0,Female,0,,37.538309,-122.305109,0,19.75,0,0,0,,0,0,0,0,Credit Card,1,0,0,5,0,0,0,0,1,19.75,0,41.28,0.0,61.03,0,0
40,2,39.35,4408,Two Year,0,1,Male,1,DSL,36.04533,-119.532424,1,79.15,1,0,1,,1,1,0,1,Credit Card,1,1,1,4,0,0,0,1,70,5536.5,0,2754.5,0.0,8291.0,1,0
25,59,25.45,5600,Two Year,1,1,Male,1,Fiber Optic,37.394411,-120.127262,1,114.0,1,1,0,,1,1,1,1,Bank Withdrawal,1,1,0,4,0,1,1,1,71,8175.9,0,1806.95,0.0,9982.85,1,0
30,0,16.7,5629,Month-to-Month,0,0,Female,0,,35.559617,-118.925185,0,20.55,0,0,0,,0,0,1,0,Mailed Check,1,0,0,3,0,0,0,0,2,33.6,0,33.4,0.0,67.0,0,0
53,58,48.43,2923,One Year,1,1,Female,1,Fiber Optic,37.802071,-122.411004,1,86.45,0,3,0,Offer C,0,0,0,1,Bank Withdrawal,1,0,0,3,0,1,1,0,30,2538.05,0,1452.9,0.0,3990.95,1,0
61,27,11.97,4694,Month-to-Month,0,0,Male,1,Fiber Optic,36.727418,-120.123526,0,85.35,0,0,0,,1,0,1,0,Bank Withdrawal,1,0,0,3,0,0,0,1,6,489.45,0,71.82,0.0,561.27,1,1
46,0,12.68,4630,Two Year,1,0,Female,0,,34.039224,-118.266293,1,19.4,0,3,9,,0,0,0,1,Credit Card,1,0,1,4,0,0,0,0,46,958.15,0,583.28,0.0,1541.43,0,0
41,0,23.16,2959,Month-to-Month,0,0,Male,0,,38.419088,-122.024568,0,20.25,0,0,0,Offer E,0,0,0,0,Mailed Check,1,0,0,1,0,0,0,0,1,20.25,0,23.16,0.0,43.41,0,1
23,59,0.0,2133,One Year,0,1,Female,1,DSL,33.748635,-117.906125,0,40.4,0,0,0,,1,0,1,0,Credit Card,0,1,0,5,0,0,0,0,11,422.6,0,0.0,0.0,422.6,1,0
24,82,14.91,4900,Month-to-Month,0,1,Male,1,Cable,34.064073,-117.166158,1,70.05,0,0,2,,0,0,1,1,Mailed Check,1,0,1,3,0,1,1,1,9,564.4,0,134.19,0.0,698.59,1,0
54,0,27.93,4801,One Year,0,0,Male,0,,33.735802,-117.818805,1,19.55,0,0,3,Offer B,0,0,1,1,Bank Withdrawal,1,0,1,3,0,0,0,0,58,1108.8,0,1619.94,0.0,2728.74,0,0
78,12,16.83,4661,Month-to-Month,0,1,Female,1,Fiber Optic,37.971421,-121.971504,0,85.2,1,0,0,,1,0,1,0,Bank Withdrawal,1,0,0,1,1,0,0,0,47,3969.35,0,791.01,0.0,4760.36,1,1
34,17,39.6,3113,Month-to-Month,1,0,Male,1,DSL,38.336216,-120.76901,0,49.9,0,1,0,,0,0,1,0,Mailed Check,1,1,0,2,0,0,0,0,1,49.9,0,39.6,0.0,89.5,1,1
49,21,34.98,5687,Month-to-Month,0,1,Male,1,Fiber Optic,34.097345,-117.906736,0,90.95,0,0,0,Offer D,1,0,1,0,Credit Card,1,0,0,5,0,1,1,0,17,1612.2,0,594.66,0.0,2206.86,1,0
28,48,8.8,5463,Two Year,0,0,Male,1,DSL,37.306612,-122.080621,1,57.55,0,0,1,Offer B,1,1,0,1,Bank Withdrawal,1,1,1,1,0,0,0,0,55,3046.4,60,484.0,0.0,3590.4,0,1
38,26,39.63,6136,One Year,0,1,Male,1,Fiber Optic,34.157137,-118.548511,1,109.5,0,0,1,,1,1,1,1,Bank Withdrawal,1,1,1,2,0,1,1,1,70,7534.65,0,2774.1,0.0,10308.75,1,1
50,7,2.03,2867,One Year,0,0,Female,1,Cable,33.876482,-118.284077,0,55.65,0,0,0,Offer B,0,0,0,0,Credit Card,1,0,0,5,0,1,1,0,46,2688.85,0,93.38,0.0,2782.23,1,0
51,25,0.0,5658,Two Year,0,0,Male,1,DSL,38.486502,-121.334051,0,35.8,0,0,0,,0,0,0,0,Credit Card,0,0,0,3,0,0,0,1,37,1316.9,100,0.0,0.0,1416.9,0,0
28,41,17.02,2110,Month-to-Month,0,0,Female,1,Fiber Optic,33.507255,-117.029473,0,96.65,1,0,0,Offer D,1,1,1,0,Bank Withdrawal,1,0,0,1,0,0,0,1,13,1244.5,0,221.26,0.0,1465.76,1,1
39,17,23.7,2806,Month-to-Month,0,1,Female,1,Cable,38.32153,-120.236358,0,50.45,0,0,0,Offer E,0,0,1,0,Mailed Check,1,0,0,3,0,0,0,0,1,50.45,0,23.7,0.0,74.15,1,1
25,0,4.57,5306,Two Year,1,0,Female,0,,34.168686,-118.057505,1,20.1,0,3,1,Offer C,0,0,0,1,Credit Card,1,0,1,3,0,0,0,0,25,486.05,0,114.25,0.0,600.3,0,0
79,23,8.35,5571,Month-to-Month,0,0,Male,1,Fiber Optic,33.141265,-116.967221,0,75.75,1,0,0,,0,0,1,0,Bank Withdrawal,1,0,0,1,1,0,0,0,1,75.75,0,8.35,0.0,84.1,1,1
21,0,22.96,2630,Two Year,1,0,Male,0,,37.999406,-121.686241,1,19.6,0,1,9,Offer B,0,0,0,1,Credit Card,1,0,1,5,0,0,0,0,40,808.95,0,918.4,0.0,1727.35,0,0
69,6,33.74,5247,Month-to-Month,0,0,Female,1,Fiber Optic,33.362575,-117.299644,1,93.2,1,0,1,,0,0,1,1,Bank Withdrawal,1,0,1,3,1,1,0,1,32,2931.0,0,1079.68,17.88,3992.8,1,1
45,0,15.77,2484,Month-to-Month,0,0,Male,0,,33.801869,-117.995068,0,19.75,0,0,0,,0,0,0,0,Credit Card,1,0,0,3,0,0,0,0,1,19.75,0,15.77,0.0,35.52,0,0
37,24,0.0,2315,One Year,0,1,Male,1,Cable,38.7904,-121.236973,1,38.1,0,0,10,,0,0,1,1,Credit Card,0,0,1,5,0,0,0,1,25,970.4,100,0.0,0.0,1070.4,0,0
60,27,19.05,4498,Month-to-Month,0,0,Female,1,DSL,34.441123,-117.537886,1,55.95,0,0,3,Offer D,0,0,0,1,Bank Withdrawal,1,0,1,1,0,1,1,0,13,734.35,0,247.65,0.0,982.0,1,1
59,15,33.69,5577,Month-to-Month,0,0,Female,1,Fiber Optic,38.169605,-121.310964,0,80.0,1,0,0,Offer D,0,1,1,0,Credit Card,1,0,0,3,0,0,0,0,13,1029.35,0,437.97,0.0,1467.32,0,0
72,28,47.4,4999,Two Year,0,1,Female,1,DSL,34.017697,-118.200577,1,84.1,1,0,5,,1,1,1,1,Credit Card,1,0,1,3,1,1,1,1,72,6129.65,0,3412.8,0.0,9542.45,1,0
52,18,24.91,4881,Month-to-Month,0,0,Male,1,Fiber Optic,39.07116,-122.598542,0,70.95,0,0,0,,0,0,0,0,Credit Card,1,0,0,1,0,0,0,0,25,1767.35,20,622.75,0.0,2410.1,0,1
51,0,18.62,2836,Two Year,1,0,Female,0,,39.12334,-122.838198,1,20.15,0,3,1,,0,0,0,1,Credit Card,1,0,1,5,0,0,0,0,10,220.8,0,186.2,0.0,407.0,0,0
56,21,9.49,4388,Month-to-Month,0,0,Male,1,Fiber Optic,35.280113,-118.962329,0,84.9,1,0,0,,0,0,1,0,Bank Withdrawal,1,0,0,3,0,1,1,0,29,2516.2,0,275.21,47.04,2744.37,1,0
73,13,49.91,6132,Two Year,0,1,Male,1,Fiber Optic,40.342928,-124.063329,1,95.35,1,0,5,,1,0,1,1,Bank Withdrawal,1,0,1,3,1,1,1,0,69,6382.0,0,3443.79,0.0,9825.79,1,0
35,22,42.18,6245,One Year,1,0,Female,1,Fiber Optic,34.2565,-117.19335,1,95.0,0,2,3,Offer B,1,0,1,1,Bank Withdrawal,1,0,1,5,0,1,1,1,57,5535.8,0,2404.26,0.0,7940.06,1,0
26,76,0.0,3955,Month-to-Month,0,0,Male,1,DSL,36.600185,-119.175655,1,48.55,0,0,4,,1,0,1,1,Bank Withdrawal,0,0,1,2,0,1,1,1,4,201.0,0,0.0,0.0,201.0,1,1
45,24,45.39,2317,Month-to-Month,0,0,Male,1,Fiber Optic,33.86532,-118.396336,0,78.8,0,0,0,Offer D,0,0,0,0,Bank Withdrawal,1,0,0,3,0,0,0,1,20,1641.3,0,907.8,0.0,2549.1,1,0
41,10,5.01,4963,Month-to-Month,0,1,Female,1,Fiber Optic,34.017697,-118.200577,1,113.6,1,0,1,,1,1,1,1,Bank Withdrawal,1,1,1,1,0,1,1,1,41,4594.95,0,205.41,0.0,4800.36,1,1
41,18,27.3,5559,Month-to-Month,0,1,Male,1,Fiber Optic,35.151491,-117.927597,0,85.3,0,0,0,,0,0,0,0,Bank Withdrawal,1,0,0,3,0,0,0,1,15,1219.85,0,409.5,0.0,1629.35,1,0
54,13,0.0,4093,Two Year,0,1,Female,1,DSL,33.845706,-118.012204,0,58.35,0,0,0,Offer A,0,1,1,0,Bank Withdrawal,0,1,0,3,0,1,1,1,70,4214.25,0,0.0,0.0,4214.25,1,0
59,0,25.54,4329,Two Year,0,0,Female,0,,33.859171,-118.252272,1,20.1,0,0,4,,0,0,0,1,Credit Card,1,0,1,4,0,0,0,0,18,370.5,0,459.72,0.0,830.22,0,0
79,18,34.01,4703,Month-to-Month,0,0,Female,1,Fiber Optic,32.898613,-117.202937,0,91.3,1,0,0,,1,0,1,0,Bank Withdrawal,1,0,0,2,1,0,0,1,12,1094.5,0,408.12,0.0,1502.62,1,1
76,21,2.9,2322,Month-to-Month,0,0,Female,1,Fiber Optic,37.435664,-121.049056,1,74.15,0,0,1,Offer B,0,1,1,1,Credit Card,1,0,1,1,1,0,0,0,42,3229.4,0,121.8,0.0,3351.2,1,1
53,3,49.66,2429,Month-to-Month,0,0,Male,1,Fiber Optic,33.788208,-118.404955,1,104.6,0,0,1,Offer D,1,1,1,1,Bank Withdrawal,1,1,1,3,0,1,1,1,22,2180.55,0,1092.52,0.0,3273.07,1,0
40,23,22.88,3847,Month-to-Month,0,0,Female,1,Fiber Optic,38.431407,-120.8421,0,77.65,0,0,0,,0,0,1,0,Bank Withdrawal,1,0,0,2,0,0,0,1,9,714.15,0,205.92,0.0,920.07,1,1
36,28,10.92,5974,Two Year,0,1,Male,1,DSL,34.085807,-118.206617,1,90.25,1,0,9,,1,1,1,1,Credit Card,1,1,1,3,0,1,1,1,72,6369.45,0,786.24,0.0,7155.69,1,0
27,42,0.0,4445,Two Year,0,0,Female,1,DSL,33.712036,-117.950113,1,34.6,0,0,10,,0,1,0,1,Credit Card,0,1,1,4,0,0,0,0,23,813.45,0,0.0,0.0,813.45,1,0
43,22,0.0,5269,One Year,1,1,Female,1,DSL,36.185471,-119.375243,1,45.0,0,3,3,,0,1,0,1,Credit Card,0,0,1,3,0,1,1,0,48,2196.3,0,0.0,0.0,2196.3,1,0
36,29,0.0,4840,Month-to-Month,0,0,Female,1,DSL,37.521708,-120.426843,1,49.95,0,0,1,Offer D,0,0,1,1,Bank Withdrawal,0,1,1,1,0,1,1,1,16,810.2,0,0.0,0.0,810.2,1,1
19,0,29.15,3353,Two Year,1,0,Male,0,,40.877552,-121.885884,0,20.45,0,1,0,Offer E,0,0,0,0,Credit Card,1,0,0,3,0,0,0,0,5,106.9,0,145.75,0.0,252.65,0,0
26,26,28.59,2931,Month-to-Month,0,1,Male,1,Fiber Optic,32.886925,-117.152162,0,90.7,1,0,0,,0,0,1,0,Credit Card,1,0,0,1,0,1,1,0,18,1597.25,0,514.62,0.0,2111.87,1,1
48,16,27.58,5066,Month-to-Month,0,0,Male,1,Fiber Optic,39.305545,-123.743697,0,69.95,0,0,0,Offer E,0,0,0,0,Bank Withdrawal,1,0,0,1,0,0,0,0,1,69.95,0,27.58,0.0,97.53,1,1
35,13,26.43,4810,Month-to-Month,0,1,Male,1,Fiber Optic,32.980678,-116.262854,0,95.25,1,0,0,,1,0,1,0,Bank Withdrawal,1,0,0,3,0,1,1,0,10,1021.55,0,264.3,0.0,1285.85,1,0
26,0,45.87,5919,Month-to-Month,1,0,Female,0,,37.789168,-122.395009,0,19.95,0,3,0,,0,0,0,0,Mailed Check,1,0,0,4,0,0,0,0,8,170.9,0,366.96,0.0,537.86,0,0
27,73,46.94,6088,Month-to-Month,0,1,Male,1,Fiber Optic,34.067932,-117.785168,1,99.8,1,0,1,,0,0,1,1,Bank Withdrawal,1,0,1,1,0,1,1,1,49,4872.45,130,2300.06,0.0,7302.51,0,1
80,14,6.33,2793,Month-to-Month,1,0,Female,1,Fiber Optic,33.972119,-118.020188,1,76.5,1,1,1,Offer C,0,0,1,1,Bank Withdrawal,1,0,1,2,1,0,0,0,37,2868.15,0,234.21,0.0,3102.36,1,1
46,0,5.69,2712,Month-to-Month,0,0,Female,0,,40.271535,-121.018087,1,19.85,0,0,0,,0,0,0,1,Mailed Check,1,0,0,4,0,0,0,0,29,573.05,0,165.01,0.0,738.06,0,0
62,12,12.42,2157,One Year,0,0,Female,1,Cable,38.660442,-121.346321,0,50.05,0,0,0,,0,0,0,0,Bank Withdrawal,1,1,0,5,0,0,0,0,41,2029.05,0,509.22,0.0,2538.27,1,0
42,26,24.83,5104,Month-to-Month,0,1,Female,1,DSL,35.451402,-119.488413,0,55.8,0,0,0,,0,1,0,0,Credit Card,1,0,0,4,0,0,0,0,5,300.4,0,124.15,0.0,424.55,1,0
54,30,2.2,4179,Month-to-Month,0,0,Male,1,Fiber Optic,34.003553,-118.308933,1,69.15,0,0,1,,0,0,1,1,Bank Withdrawal,1,0,1,2,0,0,0,0,1,69.15,0,2.2,0.0,71.35,1,1
59,3,29.16,4492,Month-to-Month,0,0,Female,1,DSL,37.331762,-122.341444,0,44.65,0,0,0,Offer D,0,0,1,0,Credit Card,1,0,0,3,0,0,0,0,11,472.25,0,320.76,0.0,793.01,1,0
54,27,0.0,3882,One Year,0,0,Female,1,DSL,36.793601,-119.761131,1,33.15,0,0,7,,0,1,0,1,Credit Card,0,1,1,3,0,0,0,0,12,444.75,0,0.0,0.0,444.75,1,0
23,27,0.0,4051,Two Year,0,0,Female,1,DSL,32.555828,-117.040073,1,45.4,0,0,1,,0,1,0,1,Bank Withdrawal,0,1,1,4,0,0,0,1,37,1593.1,0,0.0,44.13,1548.97,1,0
78,28,49.98,3509,One Year,0,1,Female,1,DSL,34.136367,-117.460803,0,69.75,0,0,0,Offer D,0,1,1,0,Mailed Check,1,1,0,3,1,1,1,0,22,1545.4,0,1099.56,0.0,2644.96,1,0
56,8,16.99,5262,Month-to-Month,0,0,Female,1,DSL,37.758019,-122.138678,0,49.5,0,0,0,,1,0,0,0,Bank Withdrawal,1,0,0,4,0,0,0,0,1,49.5,30,16.99,0.0,96.49,0,0
57,0,37.62,3666,Month-to-Month,0,0,Female,0,,34.17051,-118.289463,0,19.75,0,0,0,,0,0,0,0,Bank Withdrawal,1,0,0,3,0,0,0,0,1,19.75,0,37.62,0.0,57.37,0,0
31,22,0.0,5995,One Year,0,1,Female,1,DSL,34.038983,-117.991372,1,34.7,0,0,1,,1,0,0,1,Mailed Check,0,0,1,2,0,0,0,0,48,1604.5,0,0.0,0.0,1604.5,1,1
51,30,25.9,5907,Two Year,1,1,Female,1,Cable,38.766036,-120.209673,1,81.25,1,2,10,Offer B,1,1,0,1,Credit Card,1,1,1,4,0,0,0,1,56,4620.4,0,1450.4,0.0,6070.8,1,0
68,15,25.27,5857,Month-to-Month,0,0,Female,1,Fiber Optic,32.707892,-117.05512,1,99.75,1,0,1,,0,0,0,1,Bank Withdrawal,1,1,1,2,1,1,0,1,18,1836.25,0,454.86,0.0,2291.11,1,1
27,71,24.4,3326,Month-to-Month,0,0,Female,1,Fiber Optic,40.94338,-123.831799,0,85.2,1,0,0,,0,0,1,0,Bank Withdrawal,1,0,0,3,0,0,1,1,18,1553.9,0,439.2,0.0,1993.1,1,1
29,48,0.0,3065,Month-to-Month,1,0,Female,1,Cable,33.829583,-116.474131,0,24.7,0,1,0,Offer E,0,0,0,0,Credit Card,0,0,0,5,0,0,0,0,1,24.7,70,0.0,0.0,94.7,0,0
38,0,31.78,5748,Two Year,1,0,Male,0,,33.362575,-117.299644,1,20.35,0,1,2,Offer A,0,0,0,1,Credit Card,1,0,1,5,0,0,0,0,70,1458.1,0,2224.6,35.44,3647.26,0,0
57,0,3.18,4871,Two Year,0,0,Male,0,,34.195386,-118.238508,0,19.55,0,0,0,,0,0,0,0,Credit Card,1,0,0,5,0,0,0,0,43,876.15,0,136.74,15.17,997.72,0,0
35,21,0.0,4015,Month-to-Month,0,0,Male,1,DSL,34.026334,-118.474222,0,24.3,0,0,0,Offer E,0,0,0,0,Credit Card,0,0,0,3,0,0,0,0,5,100.2,0,0.0,0.0,100.2,1,0
51,2,0.0,5633,One Year,0,1,Male,1,DSL,33.752524,-118.210737,1,59.3,0,0,1,,1,1,0,1,Bank Withdrawal,0,0,1,1,0,1,1,1,51,3014.65,0,0.0,0.0,3014.65,1,1
35,4,0.0,4119,Month-to-Month,0,1,Female,1,DSL,35.050345,-120.489599,0,50.75,0,0,0,Offer C,0,0,1,0,Bank Withdrawal,0,0,0,3,0,1,1,1,39,2011.4,0,0.0,0.0,2011.4,1,1
49,0,27.04,3027,Month-to-Month,0,0,Male,0,,34.178068,-118.615714,0,20.7,0,0,0,,0,0,1,0,Credit Card,1,0,0,4,0,0,0,0,4,83.75,0,108.16,0.0,191.91,0,0
53,0,10.14,3389,Month-to-Month,1,0,Male,0,,34.074736,-118.145959,0,21.05,0,1,0,,0,0,1,0,Mailed Check,1,0,0,3,0,0,0,0,1,21.05,0,10.14,0.0,31.19,0,0
42,0,23.67,4639,Month-to-Month,0,0,Female,0,,34.214054,-118.88109,0,19.65,0,0,0,Offer E,0,0,0,0,Credit Card,1,0,0,3,0,0,0,0,1,19.65,0,23.67,0.0,43.32,0,0
41,3,30.8,5017,Month-to-Month,0,0,Male,1,Fiber Optic,37.739113,-122.175602,0,95.9,0,0,0,,0,0,1,0,Bank Withdrawal,1,1,0,3,0,1,1,1,9,827.45,0,277.2,0.0,1104.65,1,0
36,51,9.5,4952,One Year,1,0,Male,1,Fiber Optic,38.848082,-123.50608,1,84.2,1,3,6,,1,0,0,1,Bank Withdrawal,1,1,1,5,0,0,0,0,51,4299.75,0,484.5,39.68,4744.57,1,0
28,0,23.12,5462,One Year,0,0,Female,0,,32.690654,-115.431225,0,20.55,0,0,0,,0,0,0,0,Bank Withdrawal,1,0,0,5,0,0,0,0,67,1343.4,0,1549.04,30.53,2861.91,0,0
37,18,11.96,5953,Month-to-Month,0,0,Male,1,Fiber Optic,33.141265,-116.967221,0,89.05,1,0,0,,0,0,1,0,Credit Card,1,1,0,3,0,1,1,0,16,1448.6,0,191.36,0.0,1639.96,1,1
44,0,47.24,4747,Two Year,0,0,Female,0,,36.444232,-119.718285,1,20.05,0,0,1,,0,0,0,1,Bank Withdrawal,1,0,1,3,0,0,0,0,72,1423.65,0,3401.28,0.0,4824.93,0,0
61,24,27.62,6092,Month-to-Month,0,0,Male,1,Cable,33.83796,-117.870494,0,69.9,0,0,0,Offer B,1,1,1,0,Credit Card,1,1,0,4,0,0,0,1,54,3883.3,0,1491.48,0.0,5374.78,1,0
55,10,20.36,5750,Month-to-Month,0,1,Female,1,Fiber Optic,37.321233,-120.656354,0,109.9,1,0,0,Offer E,1,0,1,0,Credit Card,1,1,0,1,0,1,1,1,6,669.45,0,122.16,0.0,791.61,1,1
50,0,19.09,5668,Two Year,1,0,Male,0,,35.116307,-118.817644,1,25.4,1,2,10,,0,0,0,1,Bank Withdrawal,1,0,1,4,0,0,0,0,68,1620.2,0,1298.12,9.34,2908.98,0,0
48,0,20.11,3043,Two Year,1,0,Female,0,,38.233879,-120.861666,1,24.65,1,1,7,Offer B,0,0,1,1,Bank Withdrawal,1,0,1,4,0,0,0,0,45,1138.8,0,904.95,0.0,2043.75,0,0
20,48,12.28,5162,Two Year,0,1,Male,1,DSL,34.9436,-115.287901,0,59.2,0,0,0,,0,1,1,0,Bank Withdrawal,1,1,0,3,0,0,0,0,55,3175.85,0,675.4,0.0,3851.25,1,0
49,0,11.6,4453,Two Year,1,0,Female,0,,37.285677,-122.224165,1,19.3,0,1,8,Offer C,0,0,0,1,Credit Card,1,0,1,4,0,0,0,0,30,602.9,0,348.0,0.0,950.9,0,0
34,18,34.02,5540,One Year,0,1,Male,1,DSL,37.279689,-121.954567,1,80.0,1,0,9,,1,1,0,1,Credit Card,1,1,1,3,0,1,1,0,63,5040.2,0,2143.26,0.0,7183.46,1,0
75,22,46.05,4819,Month-to-Month,0,0,Female,1,Fiber Optic,37.999406,-121.686241,1,84.0,1,0,1,,0,0,1,1,Bank Withdrawal,1,0,1,3,1,1,0,0,8,613.4,0,368.4,0.0,981.8,1,1
58,10,26.47,2384,Month-to-Month,0,0,Male,1,Fiber Optic,32.825086,-117.199424,0,80.2,0,0,0,,0,0,1,0,Bank Withdrawal,1,0,0,1,0,1,1,0,2,181.1,10,52.94,0.0,244.04,0,1
34,0,9.44,4745,Month-to-Month,0,0,Female,0,,32.726627,-116.994608,0,19.25,0,0,0,Offer E,0,0,1,0,Bank Withdrawal,1,0,0,3,0,0,0,0,1,19.25,0,9.44,0.0,28.69,0,0
39,28,14.75,4292,Month-to-Month,0,0,Male,1,Fiber Optic,37.671806,-121.007575,1,69.35,0,0,1,Offer E,0,0,1,1,Bank Withdrawal,1,0,1,1,0,0,0,0,7,451.1,10,103.25,0.0,564.35,0,1
35,16,13.04,3574,Month-to-Month,0,0,Female,1,Fiber Optic,37.233034,-121.947427,0,74.75,1,0,0,,0,0,1,0,Credit Card,1,0,0,5,0,0,0,0,16,1129.35,0,208.64,39.99,1298.0,1,0
60,18,0.0,3585,One Year,0,0,Female,1,DSL,33.833699,-118.314387,0,30.15,0,0,0,Offer C,0,1,0,0,Credit Card,0,0,0,4,0,0,0,0,32,927.65,0,0.0,0.0,927.65,1,0
45,8,9.34,4417,Month-to-Month,0,0,Female,1,Fiber Optic,33.707483,-117.200006,0,85.15,0,0,0,Offer C,0,0,0,0,Bank Withdrawal,1,1,0,2,0,0,0,1,30,2555.9,0,280.2,0.0,2836.1,1,1
20,52,44.79,5954,One Year,1,1,Female,1,Fiber Optic,38.489789,-122.27011,1,101.25,1,1,1,Offer B,0,0,0,1,Bank Withdrawal,1,0,1,5,0,1,1,1,52,5301.1,0,2329.08,0.0,7630.18,1,0
21,0,5.1,5750,Month-to-Month,0,0,Female,0,,40.080342,-120.957805,0,19.55,0,0,0,,0,0,0,0,Credit Card,1,0,0,3,0,0,0,0,1,19.55,0,5.1,0.0,24.65,0,0
43,21,19.04,3262,Two Year,0,1,Female,1,Fiber Optic,38.631489,-120.015167,0,102.5,0,0,0,Offer B,0,1,1,0,Credit Card,1,1,0,3,0,1,1,1,48,4904.25,0,913.92,0.0,5818.17,1,0
64,0,32.93,5623,One Year,0,0,Male,0,,34.085807,-118.206617,1,24.45,1,0,7,,0,0,1,1,Mailed Check,1,0,1,3,0,0,0,0,56,1431.65,0,1844.08,0.0,3275.73,0,0
72,13,10.03,3860,Two Year,0,1,Female,1,Fiber Optic,36.391777,-119.372842,0,99.75,1,0,0,,0,0,1,0,Bank Withdrawal,1,0,0,3,1,1,0,1,39,4036.0,0,391.17,0.0,4427.17,1,0
56,0,34.84,6201,Two Year,1,0,Female,0,,36.917652,-119.593757,1,24.2,1,1,7,,0,0,1,1,Credit Card,1,0,1,3,0,0,0,0,61,1445.2,0,2125.24,0.0,3570.44,0,0
19,48,44.85,5735,One Year,0,1,Female,1,Fiber Optic,33.624654,-117.611733,0,84.25,1,0,0,,0,1,1,0,Credit Card,1,0,0,4,0,0,0,0,55,4589.85,0,2466.75,0.0,7056.6,1,0
76,7,0.0,5089,One Year,0,0,Male,1,DSL,40.648024,-123.465088,1,36.1,0,0,2,Offer B,0,1,0,1,Bank Withdrawal,0,1,1,3,1,0,0,0,63,2298.9,0,0.0,0.0,2298.9,1,0
30,85,13.04,2899,Month-to-Month,0,0,Male,1,Fiber Optic,32.67117,-117.00232,0,70.1,0,0,0,,0,0,1,0,Credit Card,1,0,0,1,0,0,0,0,8,551.35,10,104.32,0.0,665.67,0,1
29,0,32.01,2158,Month-to-Month,0,0,Male,0,,37.361987,-120.748394,0,19.85,0,0,0,Offer E,0,0,0,0,Mailed Check,1,0,0,1,0,0,0,0,3,64.55,0,96.03,0.0,160.58,0,1
56,11,5.3,5346,Month-to-Month,1,0,Female,1,Fiber Optic,37.991259,-122.214945,0,80.55,1,1,0,,0,1,0,0,Credit Card,1,0,0,4,0,0,0,0,2,188.1,0,10.6,0.0,198.7,1,0
38,27,42.46,4996,Month-to-Month,0,0,Male,1,Cable,35.523991,-118.400432,0,89.55,0,0,0,Offer E,0,0,1,0,Bank Withdrawal,1,0,0,2,0,1,1,1,1,89.55,0,42.46,0.0,132.01,1,1
62,23,48.29,3359,Month-to-Month,0,0,Female,1,DSL,34.130861,-118.68346,1,56.6,1,0,5,,1,0,0,1,Credit Card,1,0,1,5,0,0,0,0,40,2379.1,0,1931.6,0.0,4310.7,1,0
36,13,31.79,5586,Month-to-Month,0,1,Male,1,Fiber Optic,34.282704,-118.312929,1,103.05,1,0,4,,1,1,1,1,Bank Withdrawal,1,1,1,4,0,0,0,1,57,5925.75,0,1812.03,0.0,7737.78,1,0
22,76,38.83,2939,Month-to-Month,0,1,Female,1,Fiber Optic,36.869584,-118.189241,1,94.2,0,0,1,Offer E,0,0,1,1,Bank Withdrawal,1,0,1,1,0,1,1,1,8,777.3,0,310.64,0.0,1087.94,1,1
30,30,38.88,4509,Month-to-Month,0,0,Male,1,Fiber Optic,37.820894,-122.369725,0,73.5,0,0,0,,0,1,1,0,Bank Withdrawal,1,0,0,1,0,0,0,0,11,791.75,0,427.68,0.0,1219.43,1,1
39,21,0.0,5422,One Year,0,1,Male,1,DSL,34.186211,-117.07683,1,42.35,0,0,1,Offer B,1,1,1,1,Bank Withdrawal,0,0,1,1,0,0,0,0,40,1716.45,0,0.0,0.0,1716.45,1,1
26,0,32.28,4811,One Year,0,0,Male,0,,37.343846,-121.039391,1,23.75,1,0,6,,0,0,1,1,Credit Card,1,0,1,4,0,0,0,0,62,1446.8,0,2001.36,0.0,3448.16,0,0
60,4,19.08,2341,Month-to-Month,0,1,Female,1,Fiber Optic,32.898613,-117.202937,1,105.0,1,0,1,,0,0,1,1,Bank Withdrawal,1,1,1,1,0,1,1,1,38,4026.4,0,725.04,0.0,4751.44,1,1
54,10,25.4,3866,Month-to-Month,0,0,Female,1,DSL,33.960891,-118.032222,0,69.5,1,0,0,Offer C,1,1,1,0,Bank Withdrawal,1,0,0,4,0,0,0,1,26,1800.05,0,660.4,0.0,2460.45,1,0
77,19,8.06,2578,One Year,0,0,Female,1,Fiber Optic,32.607964,-117.059459,0,89.35,0,0,0,Offer E,0,0,1,0,Bank Withdrawal,1,0,0,3,1,1,0,1,6,567.8,0,48.36,0.0,616.16,1,0
39,13,38.67,5219,Month-to-Month,0,0,Female,1,Cable,41.121108,-122.336613,1,91.15,1,0,1,,1,0,1,1,Bank Withdrawal,1,0,1,2,0,1,1,0,31,2995.45,0,1198.77,0.0,4194.22,0,1
50,7,26.15,5170,One Year,0,0,Male,1,Fiber Optic,33.714829,-117.872941,1,100.3,1,0,2,,1,0,0,1,Credit Card,1,0,1,2,0,1,1,1,56,5614.45,100,1464.4,0.0,7178.85,0,1
62,24,19.08,5283,Month-to-Month,0,0,Male,1,Fiber Optic,38.602723,-121.279913,0,75.2,1,0,0,,0,0,0,0,Credit Card,1,0,0,2,0,0,0,0,49,3678.3,20,934.92,0.0,4633.22,0,1
50,15,18.57,3258,Month-to-Month,0,0,Female,1,Fiber Optic,37.140104,-119.657092,0,74.8,0,0,0,Offer B,1,0,0,0,Credit Card,1,0,0,3,0,0,0,0,40,2971.7,0,742.8,0.0,3714.5,1,0
60,9,0.0,5565,Month-to-Month,0,0,Female,1,DSL,32.827238,-117.089287,0,30.55,0,0,0,,0,0,0,0,Credit Card,0,1,0,4,0,0,0,0,1,30.55,40,0.0,0.0,70.55,0,0
48,3,15.78,3378,Month-to-Month,0,0,Male,1,Fiber Optic,37.789168,-122.395009,0,93.7,1,0,0,,1,1,1,0,Bank Withdrawal,1,0,0,1,0,1,1,0,46,4154.8,0,725.88,0.0,4880.68,1,1
26,0,39.44,4241,Two Year,0,0,Female,0,,39.806141,-123.531098,1,19.1,0,0,2,,0,0,0,1,Credit Card,1,0,1,4,0,0,0,0,71,1372.45,0,2800.24,0.0,4172.69,0,0
45,0,30.22,3416,Two Year,1,0,Female,0,,37.818543,-121.006907,0,25.3,1,2,0,Offer D,0,0,0,0,Credit Card,1,0,0,4,0,0,0,0,18,454.65,0,543.96,0.0,998.61,0,0
27,59,1.63,2172,Month-to-Month,0,0,Female,1,Fiber Optic,37.526791,-119.99437,0,84.3,0,0,0,,1,0,0,0,Bank Withdrawal,1,0,0,1,0,0,0,1,1,84.3,10,1.63,0.0,95.93,0,1
29,51,4.48,5269,Month-to-Month,0,1,Female,1,Cable,32.961064,-117.134917,0,87.25,1,0,0,,0,0,1,0,Bank Withdrawal,1,1,0,1,0,0,0,0,45,3941.7,0,201.6,0.0,4143.3,1,1
74,11,48.92,4483,One Year,0,0,Female,1,Fiber Optic,38.550722,-121.457314,0,101.4,1,0,0,Offer B,0,1,1,0,Bank Withdrawal,1,0,0,4,1,1,0,1,60,6176.6,0,2935.2,0.0,9111.8,1,0
53,5,29.52,4519,Month-to-Month,0,0,Male,1,DSL,34.122671,-118.112911,0,45.0,0,0,0,,0,0,1,0,Bank Withdrawal,1,0,0,3,0,0,0,0,19,865.85,0,560.88,22.55,1404.18,1,0
21,42,48.3,4099,Month-to-Month,0,1,Female,1,Cable,35.735694,-118.738483,0,57.55,0,0,0,,0,0,0,0,Bank Withdrawal,1,0,0,3,0,0,0,1,3,161.45,0,144.9,0.0,306.35,1,0
56,15,33.25,4203,Two Year,1,1,Female,1,Fiber Optic,38.392559,-121.225093,1,113.05,1,2,4,Offer A,1,1,1,1,Credit Card,1,1,1,5,0,1,1,1,70,7869.05,0,2327.5,0.0,10196.55,1,0
37,24,4.82,5940,One Year,0,1,Male,1,DSL,34.018354,-117.85492,0,61.1,0,0,0,Offer B,0,0,1,0,Bank Withdrawal,1,0,0,5,0,1,1,0,53,3357.9,0,255.46,0.0,3613.36,1,0
29,51,23.31,4161,Two Year,0,1,Male,1,DSL,33.141265,-116.967221,1,80.9,1,0,1,,1,0,0,1,Bank Withdrawal,1,0,1,3,0,1,1,1,61,4932.5,0,1421.91,0.0,6354.41,1,0
33,30,35.09,2776,Month-to-Month,1,0,Male,1,DSL,40.949012,-123.655847,1,45.25,0,2,8,Offer E,0,0,0,1,Credit Card,1,0,1,5,0,0,0,0,4,155.35,0,140.36,0.0,295.71,1,0
35,0,34.46,4157,Two Year,0,0,Male,0,,33.540604,-117.10909,1,19.9,0,0,8,Offer B,0,0,0,1,Credit Card,1,0,1,3,0,0,0,0,53,1110.05,0,1826.38,0.0,2936.43,0,0
48,4,12.5,3319,Month-to-Month,0,1,Female,1,Fiber Optic,34.845861,-118.885163,0,74.75,0,0,0,,0,0,1,0,Mailed Check,1,0,0,3,0,0,0,0,3,238.1,0,37.5,38.84,236.76,1,0
21,48,16.78,5947,Two Year,0,1,Female,1,Fiber Optic,37.306612,-122.080621,1,114.2,1,0,1,Offer A,1,1,1,1,Bank Withdrawal,1,1,1,1,0,1,1,1,70,7723.9,0,1174.6,48.54,8849.96,1,1
72,13,18.2,2146,Month-to-Month,0,0,Female,1,Fiber Optic,34.358321,-117.618263,0,70.55,0,0,0,Offer E,0,0,1,0,Bank Withdrawal,1,0,0,3,1,0,0,0,1,70.55,0,18.2,0.0,88.75,1,1
27,59,23.0,4133,Month-to-Month,0,0,Female,1,Fiber Optic,35.392599,-119.245341,0,70.25,0,0,0,Offer E,0,0,1,0,Bank Withdrawal,1,0,0,1,0,0,0,0,1,70.25,0,23.0,0.0,93.25,1,1
63,21,16.42,5838,Month-to-Month,0,0,Female,1,Cable,33.4725,-117.584273,0,48.45,0,0,0,,0,1,1,0,Bank Withdrawal,1,0,0,3,0,0,0,0,1,48.45,0,16.42,0.0,64.87,1,0
53,26,17.3,4815,Month-to-Month,0,0,Male,1,Fiber Optic,34.209532,-118.577563,0,74.3,0,0,0,Offer C,0,1,0,0,Bank Withdrawal,1,0,0,4,0,0,0,0,25,1952.25,0,432.5,40.54,2344.21,1,0
63,11,34.0,4673,Month-to-Month,0,0,Male,1,Fiber Optic,34.294142,-118.603883,0,75.2,0,0,0,,0,1,1,0,Bank Withdrawal,1,0,0,1,0,0,0,0,43,3198.6,0,1462.0,0.0,4660.6,1,1
63,0,5.41,4855,Month-to-Month,0,0,Female,0,,34.049315,-117.255974,0,25.45,1,0,0,,0,0,0,0,Credit Card,1,0,0,3,0,0,0,0,5,134.75,0,27.05,0.0,161.8,0,0
80,28,30.37,5082,Month-to-Month,0,1,Female,1,Fiber Optic,37.34667,-121.910019,0,89.15,0,0,0,Offer D,1,0,1,0,Bank Withdrawal,1,0,0,1,1,0,0,1,17,1496.9,0,516.29,0.0,2013.19,1,1
56,0,10.11,2016,Two Year,0,0,Male,0,,34.460197,-119.802602,0,19.75,0,0,0,Offer D,0,0,0,0,Credit Card,1,0,0,5,0,0,0,0,13,265.75,0,131.43,0.0,397.18,0,0
38,14,15.84,2845,Month-to-Month,0,1,Female,1,DSL,36.798882,-120.019511,0,61.4,0,0,0,,1,1,0,0,Bank Withdrawal,1,0,0,3,0,0,0,0,7,438.9,0,110.88,0.0,549.78,1,0
31,0,48.7,5077,One Year,1,0,Male,0,,37.942551,-122.491642,1,24.5,1,2,8,,0,0,0,1,Bank Withdrawal,1,0,1,5,0,0,0,0,13,343.6,0,633.1,0.0,976.7,0,0
59,19,17.63,4396,Month-to-Month,0,1,Male,1,Fiber Optic,33.638645,-116.55783,0,79.0,0,0,0,Offer C,1,0,1,0,Credit Card,1,0,0,3,0,0,0,0,33,2576.8,0,581.79,0.0,3158.59,1,0
21,27,9.3,2235,Month-to-Month,0,1,Female,1,DSL,34.312945,-118.858169,1,66.3,1,0,6,,1,1,0,1,Credit Card,1,0,1,3,0,0,0,0,24,1559.45,0,223.2,32.59,1750.06,1,0
29,42,48.38,5983,Month-to-Month,0,1,Male,1,Fiber Optic,33.993991,-118.39704,0,79.85,0,0,0,,0,1,1,0,Credit Card,1,0,0,3,0,0,0,0,10,887.35,0,483.8,0.0,1371.15,1,0
46,53,26.58,2452,Month-to-Month,1,0,Female,1,Fiber Optic,39.068071,-121.832638,1,84.8,1,3,1,Offer D,0,0,1,1,Bank Withdrawal,1,0,1,3,0,0,0,1,14,1203.9,0,372.12,0.0,1576.02,1,0
23,26,0.0,4483,Two Year,0,1,Male,1,DSL,38.598936,-120.963092,0,48.4,0,0,0,,0,1,0,0,Bank Withdrawal,0,1,0,3,0,1,1,0,70,3442.8,0,0.0,0.0,3442.8,1,0
54,19,22.31,5322,Month-to-Month,1,1,Male,1,Fiber Optic,39.19514,-121.503883,1,95.95,1,2,1,,1,0,1,1,Bank Withdrawal,1,0,1,5,0,1,1,0,45,4456.65,0,1003.95,0.0,5460.6,1,0
30,30,46.27,5499,Month-to-Month,1,0,Female,1,Cable,35.852892,-118.397782,1,54.5,0,3,5,,1,1,0,1,Bank Withdrawal,1,0,1,3,0,0,0,0,38,2076.05,0,1758.26,0.0,3834.31,1,0
57,0,17.38,4538,Two Year,0,0,Male,0,,38.192608,-120.957842,1,19.25,0,0,9,Offer B,0,0,0,1,Credit Card,1,0,1,3,0,0,0,0,63,1237.65,0,1094.94,0.0,2332.59,0,0
42,0,49.53,3000,Month-to-Month,1,0,Male,0,,38.694081,-121.694431,0,20.4,0,2,0,,0,0,0,0,Mailed Check,1,0,0,3,0,0,0,0,2,42.9,0,99.06,0.0,141.96,0,0
21,58,0.0,5278,Two Year,0,1,Female,1,DSL,37.943087,-122.72379,0,38.9,0,0,0,,0,1,0,0,Credit Card,0,1,0,3,0,0,0,0,68,2719.2,0,0.0,0.0,2719.2,1,0
61,24,13.28,5813,Two Year,0,1,Female,1,DSL,33.680031,-116.171678,0,90.05,1,0,0,,1,1,1,0,Credit Card,1,1,0,4,0,1,1,1,66,5965.95,0,876.48,0.0,6842.43,1,0
27,41,32.96,4151,Two Year,1,1,Male,1,DSL,37.311088,-121.961786,1,81.0,1,3,1,,0,0,1,1,Bank Withdrawal,1,1,1,4,0,1,1,1,61,4976.15,0,2010.56,0.0,6986.71,1,0
29,85,48.49,4456,Month-to-Month,0,0,Female,1,Fiber Optic,35.383937,-119.020428,0,84.0,1,0,0,,0,0,1,0,Bank Withdrawal,1,0,0,4,0,0,0,1,5,424.75,0,242.45,0.0,667.2,1,0
56,7,29.6,5009,Month-to-Month,0,1,Female,1,Fiber Optic,34.110124,-119.100972,1,95.95,0,0,9,Offer D,0,0,1,1,Credit Card,1,0,1,3,0,1,1,1,18,1745.5,0,532.8,6.72,2271.58,1,0
21,76,28.17,5077,Two Year,0,1,Female,1,DSL,34.142747,-117.300864,1,69.95,0,0,3,Offer B,0,1,0,1,Bank Withdrawal,1,1,1,4,0,1,1,0,54,3871.85,0,1521.18,0.0,5393.03,1,0
27,73,31.24,5543,Month-to-Month,0,1,Male,1,Fiber Optic,34.457541,-119.631072,1,93.9,1,0,1,Offer B,0,1,0,1,Bank Withdrawal,1,0,1,1,0,1,1,0,53,5029.2,0,1655.72,0.0,6684.92,1,1
40,11,27.1,3598,Month-to-Month,0,0,Female,1,Fiber Optic,32.85723,-117.209774,0,80.25,0,0,0,,0,0,1,0,Bank Withdrawal,1,0,0,3,0,1,1,0,10,846.0,0,271.0,0.0,1117.0,1,1
66,27,42.82,5502,Month-to-Month,0,1,Female,1,Fiber Optic,32.85723,-117.209774,1,85.45,1,0,2,Offer B,1,0,1,1,Bank Withdrawal,1,0,1,1,1,0,0,0,55,4874.7,90,2355.1,0.0,7319.8,0,1
28,85,26.16,2777,Month-to-Month,0,0,Male,1,Fiber Optic,39.197215,-120.83679,0,101.7,1,0,0,Offer E,1,0,1,0,Bank Withdrawal,1,0,0,2,0,1,1,1,4,364.55,0,104.64,1.48,467.71,1,1
40,24,39.35,5745,Month-to-Month,1,0,Male,1,Fiber Optic,37.943954,-120.67108,1,97.1,0,1,10,Offer E,0,1,0,1,Bank Withdrawal,1,0,1,3,0,1,1,1,2,184.15,0,78.7,0.0,262.85,1,0
19,26,36.39,2450,One Year,0,1,Male,1,DSL,37.233226,-121.78809,0,69.35,0,0,0,,0,1,0,0,Credit Card,1,1,0,3,0,0,1,1,27,1927.3,0,982.53,0.0,2909.83,1,0
80,9,6.1,4921,One Year,0,0,Male,1,Fiber Optic,32.886925,-117.152162,0,105.75,1,0,0,,1,0,0,0,Bank Withdrawal,1,1,0,4,1,1,0,1,71,7382.85,0,433.1,0.0,7815.95,1,0
19,0,26.64,3904,Two Year,0,0,Female,0,,38.157794,-121.520223,0,25.15,1,0,0,,0,0,0,0,Credit Card,1,0,0,5,0,0,0,0,24,553.0,0,639.36,0.0,1192.36,0,0
79,0,25.57,3136,Month-to-Month,0,0,Female,0,,37.027663,-119.69056,1,25.7,1,0,8,,0,0,0,1,Mailed Check,1,0,1,4,1,0,0,0,28,734.6,0,715.96,0.0,1450.56,0,0
49,21,36.98,2520,Month-to-Month,0,0,Male,1,DSL,34.508417,-116.856103,0,61.9,0,0,0,,1,1,1,0,Credit Card,1,1,0,4,0,0,0,0,40,2647.1,0,1479.2,0.0,4126.3,1,0
34,18,26.54,2577,Month-to-Month,0,0,Female,1,DSL,37.624436,-122.430661,0,48.8,1,0,0,Offer D,0,0,1,0,Credit Card,1,0,0,4,0,0,0,0,15,720.1,0,398.1,0.0,1118.2,1,0
48,28,41.68,6380,Two Year,0,1,Female,1,Fiber Optic,37.945288,-122.383941,1,100.65,1,0,10,Offer A,1,1,0,1,Bank Withdrawal,1,0,1,3,0,0,0,1,72,7334.05,0,3000.96,0.0,10335.01,1,0
77,9,21.79,4582,One Year,0,1,Male,1,Fiber Optic,34.057496,-118.413959,1,108.45,1,0,3,,1,0,1,1,Bank Withdrawal,1,1,1,5,1,1,0,1,66,7076.35,0,1438.14,0.0,8514.49,1,0
45,2,45.28,4864,Month-to-Month,0,0,Male,1,DSL,37.621458,-121.012295,0,44.6,0,0,0,,0,0,0,0,Mailed Check,1,0,0,4,0,0,0,0,1,44.6,0,45.28,0.0,89.88,1,0
35,30,38.43,3183,Two Year,0,1,Male,1,Cable,34.10097,-117.57882,0,65.6,0,0,0,,1,1,0,0,Bank Withdrawal,1,1,0,4,0,0,0,0,37,2313.8,0,1421.91,0.0,3735.71,1,0
63,28,38.07,2679,Month-to-Month,0,0,Male,1,Fiber Optic,37.17277,-119.2997,0,73.6,1,0,0,,0,0,0,0,Bank Withdrawal,1,0,0,1,0,0,0,0,7,520.0,0,266.49,0.0,786.49,1,1
62,0,15.41,5636,Two Year,1,0,Female,0,,38.671295,-121.388251,1,19.7,0,2,5,,0,0,0,1,Credit Card,1,0,1,4,0,0,0,0,35,730.4,0,539.35,0.0,1269.75,0,0
56,3,11.94,5036,Two Year,0,1,Male,1,DSL,38.735789,-119.85798,1,70.95,0,0,4,,1,1,0,1,Bank Withdrawal,1,0,1,3,0,1,1,0,68,4741.45,0,811.92,0.0,5553.37,1,0
32,19,24.16,5192,Month-to-Month,1,1,Male,1,Fiber Optic,37.435664,-121.049056,1,87.9,0,1,1,Offer D,0,1,1,1,Mailed Check,1,0,1,4,0,0,0,1,18,1500.5,0,434.88,0.0,1935.38,1,0
60,0,14.54,4057,Two Year,1,0,Female,0,,33.141265,-116.967221,1,19.95,0,1,10,Offer B,0,0,0,1,Credit Card,1,0,1,4,0,0,0,0,51,1028.75,0,741.54,0.0,1770.29,0,0
60,2,32.43,5339,Month-to-Month,0,0,Female,1,Fiber Optic,34.018354,-117.85492,0,79.1,0,0,0,Offer E,1,1,1,0,Bank Withdrawal,1,0,0,1,0,0,0,0,3,246.5,0,97.29,0.0,343.79,1,1
44,13,1.27,3571,Month-to-Month,1,0,Male,1,Fiber Optic,32.782501,-117.01611,0,81.85,1,2,0,,1,0,1,0,Credit Card,1,0,0,5,0,0,0,0,38,3141.7,0,48.26,0.0,3189.96,1,0
43,16,28.97,5487,Month-to-Month,0,0,Male,1,Fiber Optic,35.480896,-120.469476,0,69.6,0,0,0,,0,0,1,0,Credit Card,1,0,0,4,0,0,0,0,3,207.4,20,86.91,0.0,314.31,0,0
69,13,0.0,5681,One Year,0,1,Male,1,DSL,32.800671,-116.483363,1,29.8,0,0,7,,0,0,1,1,Credit Card,0,0,1,3,1,0,0,0,69,2134.3,0,0.0,0.0,2134.3,1,0
29,27,27.91,5329,Month-to-Month,1,0,Male,1,Cable,33.956445,-118.358634,1,51.1,0,2,3,,0,0,1,1,Bank Withdrawal,1,1,1,5,0,0,0,0,22,1232.9,0,614.02,0.0,1846.92,1,0
35,0,11.77,5867,Month-to-Month,0,0,Female,0,,37.768881,-122.395521,1,20.85,0,0,9,,0,0,0,1,Credit Card,1,0,1,3,0,0,0,0,3,72.0,0,35.31,0.0,107.31,0,0
61,27,0.0,6347,Two Year,0,1,Female,1,DSL,34.238802,-118.482296,1,47.85,0,0,5,,0,1,0,1,Bank Withdrawal,0,1,1,1,0,1,1,0,64,3147.5,0,0.0,0.0,3147.5,1,1
51,20,10.07,4073,Two Year,0,1,Male,1,Cable,38.325599,-122.642352,1,79.8,1,0,5,,0,0,0,1,Credit Card,1,1,1,4,0,1,1,1,63,5034.05,0,634.41,0.0,5668.46,1,0
21,0,11.3,5497,Two Year,1,0,Male,0,,34.502432,-118.41459,1,19.45,0,3,6,,0,0,0,1,Mailed Check,1,0,1,4,0,0,0,0,71,1378.45,0,802.3,0.0,2180.75,0,0
30,51,5.09,4651,Month-to-Month,1,0,Female,1,DSL,33.477923,-117.705314,1,45.45,0,2,0,Offer E,0,0,1,1,Bank Withdrawal,1,0,0,4,0,0,0,0,8,411.75,0,40.72,0.0,452.47,1,0
78,2,38.53,2583,Month-to-Month,0,1,Male,1,Fiber Optic,40.372532,-123.525626,0,83.85,1,0,0,,1,0,1,0,Credit Card,1,0,0,2,1,0,0,0,33,2716.3,0,1271.49,0.0,3987.79,1,1
69,11,24.92,4673,One Year,0,0,Male,1,Fiber Optic,39.84784,-122.544556,0,79.6,1,0,0,,1,0,1,0,Bank Withdrawal,1,0,0,5,1,0,0,0,51,3974.7,0,1270.92,16.73,5228.89,1,0
62,6,7.54,5446,One Year,0,1,Female,1,Fiber Optic,37.160194,-121.945611,0,107.45,1,0,0,,1,1,0,0,Bank Withdrawal,1,0,0,3,0,1,1,1,51,5680.9,0,384.54,14.76,6050.68,1,0
23,0,36.24,4557,Two Year,0,0,Female,0,,33.830431,-118.074071,1,20.2,0,0,1,,0,0,0,1,Credit Card,1,0,1,5,0,0,0,0,64,1277.75,0,2319.36,0.0,3597.11,0,0
30,0,2.87,3899,Two Year,1,0,Male,0,,37.474396,-120.875917,1,20.15,0,3,1,Offer E,0,0,0,1,Credit Card,1,0,1,4,0,0,0,0,8,165.5,0,22.96,0.0,188.46,0,0
65,5,24.54,3041,Month-to-Month,0,0,Male,1,Fiber Optic,36.125529,-120.864443,1,85.25,1,0,1,,0,0,1,1,Credit Card,1,0,1,2,1,1,1,0,36,3132.75,0,883.44,0.0,4016.19,1,1
65,10,37.62,3502,Month-to-Month,0,0,Male,1,Fiber Optic,34.099891,-118.414338,0,95.6,1,0,0,,0,0,1,0,Bank Withdrawal,1,0,0,3,1,1,1,1,14,1273.3,0,526.68,0.0,1799.98,1,0
80,30,25.13,4254,Two Year,0,0,Male,1,Fiber Optic,37.410236,-121.320337,1,75.3,0,0,7,,0,1,0,1,Bank Withdrawal,1,0,1,4,1,0,0,0,10,720.45,0,251.3,0.0,971.75,1,0
70,19,24.68,4340,Two Year,0,0,Female,1,Fiber Optic,37.089111,-122.062213,1,89.45,1,0,6,Offer B,1,0,0,1,Bank Withdrawal,1,0,1,3,1,1,0,0,60,5294.6,10,1480.8,0.0,6785.4,0,0
24,0,2.56,5829,Two Year,1,0,Female,0,,34.109775,-117.378904,1,19.3,0,3,1,,0,0,0,1,Bank Withdrawal,1,0,1,4,0,0,0,0,47,890.5,0,120.32,0.0,1010.82,0,0
43,0,4.7,2276,Month-to-Month,1,0,Male,0,,40.170357,-123.417298,1,20.6,0,2,6,Offer D,0,0,0,1,Credit Card,1,0,1,3,0,0,0,0,19,414.95,0,89.3,0.0,504.25,0,0
43,0,39.08,6305,Two Year,0,0,Male,0,,37.858898,-122.240512,0,25.55,1,0,0,,0,0,0,0,Bank Withdrawal,1,0,0,5,0,0,0,0,71,1898.1,0,2774.68,0.0,4672.78,0,0
36,17,10.41,3571,Month-to-Month,0,0,Male,1,DSL,37.505768,-121.962472,0,45.7,0,0,0,,0,0,1,0,Mailed Check,1,0,0,3,0,0,0,0,1,45.7,0,10.41,0.0,56.11,1,1
38,0,25.62,2093,One Year,0,0,Female,0,,33.88151,-118.234451,0,19.9,0,0,0,,0,0,0,0,Bank Withdrawal,1,0,0,4,0,0,0,0,17,323.15,0,435.54,0.0,758.69,0,0
68,20,10.45,4861,Two Year,0,0,Female,1,Fiber Optic,37.713152,-121.08739,0,102.4,1,0,0,,0,1,1,0,Bank Withdrawal,1,0,0,3,1,1,1,1,66,6471.85,0,689.7,0.0,7161.55,1,0
53,0,16.72,5183,Two Year,0,0,Female,0,,34.136306,-118.26036,0,25.6,1,0,0,,0,0,1,0,Bank Withdrawal,1,0,0,3,0,0,0,0,67,1790.35,0,1120.24,46.06,2864.53,0,0
48,11,22.14,3516,Month-to-Month,0,0,Male,1,DSL,39.178337,-120.162806,1,66.6,1,0,3,,0,0,1,1,Credit Card,1,1,1,3,0,0,0,1,14,979.5,0,309.96,0.0,1289.46,1,0
49,17,46.66,2649,Month-to-Month,1,0,Female,1,DSL,37.305622,-122.000887,1,61.4,0,1,3,,1,1,0,1,Bank Withdrawal,1,1,1,3,0,0,0,0,32,1864.65,0,1493.12,0.0,3357.77,1,0
34,6,4.19,2662,Month-to-Month,0,1,Male,1,Cable,38.684437,-121.055634,1,55.8,0,0,2,Offer E,0,0,1,1,Mailed Check,1,1,1,4,0,0,0,0,3,154.55,0,12.57,0.0,167.12,1,0
69,5,10.4,4763,Two Year,0,0,Male,1,Fiber Optic,37.666587,-120.411517,1,99.0,1,0,5,Offer B,0,0,1,1,Bank Withdrawal,1,1,1,3,1,1,0,1,60,6017.9,150,624.0,0.0,6791.9,0,0
42,8,13.82,5470,Month-to-Month,0,1,Female,1,Fiber Optic,32.827184,-116.703729,0,89.3,1,0,0,Offer B,0,0,1,0,Credit Card,1,0,0,3,0,1,1,0,45,4192.15,0,621.9,0.0,4814.05,1,0
50,12,42.1,4596,One Year,0,0,Female,1,DSL,32.802959,-117.027095,1,70.15,1,0,1,,0,0,1,1,Credit Card,1,0,1,3,0,1,1,1,54,3715.65,0,2273.4,0.0,5989.05,1,1
41,3,45.21,4001,Month-to-Month,0,1,Female,1,Fiber Optic,37.770533,-122.445121,0,100.6,1,0,0,,0,0,1,0,Bank Withdrawal,1,0,0,1,0,1,1,1,10,1060.2,0,452.1,0.0,1512.3,1,1
28,42,29.07,5451,Month-to-Month,0,0,Male,1,Cable,34.250069,-117.393949,0,45.45,0,0,0,Offer C,0,0,0,0,Bank Withdrawal,1,0,0,3,0,0,0,0,26,1233.15,0,755.82,0.0,1988.97,1,0
69,0,19.87,3491,Month-to-Month,0,0,Male,0,,34.956577,-119.750142,0,20.05,0,0,0,Offer E,0,0,0,0,Credit Card,1,0,0,1,1,0,0,0,1,20.05,0,19.87,0.0,39.92,0,1
58,20,40.03,3624,Month-to-Month,1,0,Female,1,Fiber Optic,34.273872,-114.192901,1,73.25,0,1,6,Offer D,1,0,0,1,Bank Withdrawal,1,0,1,3,0,0,0,0,16,1195.75,0,640.48,0.0,1836.23,1,0
59,29,33.46,4732,Month-to-Month,1,0,Female,1,Fiber Optic,35.478736,-115.516984,1,80.15,0,3,5,Offer D,0,0,1,1,Bank Withdrawal,1,0,1,5,0,1,1,0,22,1790.65,0,736.12,0.0,2526.77,1,0
44,0,45.03,2823,One Year,0,0,Male,0,,33.924143,-117.79387,0,19.3,0,0,0,Offer D,0,0,0,0,Credit Card,1,0,0,4,0,0,0,0,13,259.65,0,585.39,35.28,809.76,0,0
47,58,21.89,6158,Two Year,1,1,Male,1,Fiber Optic,33.897253,-117.792202,1,114.55,1,3,1,,1,1,0,1,Bank Withdrawal,1,1,1,3,0,1,1,1,72,8306.05,40,1576.08,21.6,9900.53,0,0
38,24,47.69,4879,Month-to-Month,1,0,Male,1,Fiber Optic,34.08111,-117.853935,1,92.85,0,1,1,,1,0,1,1,Bank Withdrawal,1,0,1,5,0,1,1,1,58,5305.05,0,2766.02,0.0,8071.07,1,0
61,16,6.28,6221,Two Year,1,1,Female,1,DSL,41.465121,-122.380947,1,85.0,0,1,7,,1,1,1,1,Credit Card,1,1,1,3,0,1,1,1,68,5607.75,130,427.04,0.0,6164.79,0,0
25,0,29.41,5471,Two Year,1,0,Female,0,,36.751489,-119.68072,1,23.9,1,2,1,Offer A,0,0,0,1,Credit Card,1,0,1,5,0,0,0,0,71,1663.5,0,2088.11,0.0,3751.61,0,0
26,85,23.63,5654,Month-to-Month,0,0,Male,1,Cable,38.625096,-121.383658,0,60.1,1,0,0,Offer E,1,0,0,0,Mailed Check,1,1,0,1,0,0,0,0,1,60.1,0,23.63,0.0,83.73,1,1
19,59,0.0,2515,Month-to-Month,0,0,Male,1,DSL,39.084645,-120.894014,0,24.3,0,0,0,Offer E,0,0,0,0,Mailed Check,0,0,0,4,0,0,0,0,2,38.45,0,0.0,0.0,38.45,1,0
22,0,35.05,4363,Month-to-Month,1,0,Male,0,,37.100948,-120.270136,1,19.45,0,3,5,Offer C,0,0,1,1,Credit Card,1,0,1,4,0,0,0,0,32,674.55,0,1121.6,0.0,1796.15,0,0
53,3,6.74,2274,Month-to-Month,0,0,Male,1,Fiber Optic,33.391181,-118.421305,0,71.3,0,0,0,Offer E,0,0,1,0,Credit Card,1,0,0,3,0,0,0,0,2,157.75,0,13.48,0.0,171.23,1,0
41,3,16.61,5174,Month-to-Month,0,0,Male,1,Fiber Optic,34.424926,-117.184503,1,80.85,0,0,1,,0,0,0,1,Bank Withdrawal,1,0,1,1,0,0,0,1,17,1400.85,0,282.37,0.0,1683.22,1,1
19,76,0.0,3146,Month-to-Month,0,0,Female,1,DSL,35.861928,-118.636698,0,34.7,0,0,0,Offer E,0,0,1,0,Bank Withdrawal,0,0,0,1,0,1,1,0,2,62.25,0,0.0,0.0,62.25,1,1
79,4,0.0,3606,Two Year,0,0,Male,1,DSL,40.587919,-122.464732,0,29.35,0,0,0,,1,0,1,0,Credit Card,0,0,0,3,1,0,0,0,12,381.2,0,0.0,38.98,342.22,1,0
61,29,44.34,4062,Month-to-Month,0,0,Female,1,Fiber Optic,37.800254,-122.436975,1,75.85,1,0,1,Offer E,0,0,1,1,Bank Withdrawal,1,0,1,2,0,0,0,0,3,256.6,0,133.02,0.0,389.62,1,1
48,25,5.17,2564,Two Year,0,1,Male,1,Cable,34.146635,-118.139225,1,81.95,0,0,3,Offer D,1,0,0,1,Credit Card,1,1,1,3,0,1,1,1,14,1181.75,0,72.38,0.0,1254.13,1,0
50,0,11.96,3129,Month-to-Month,0,0,Female,0,,37.717196,-122.159338,0,19.8,0,0,0,,0,0,0,0,Credit Card,1,0,0,5,0,0,0,0,1,19.8,0,11.96,0.0,31.76,0,0
19,73,0.0,2562,Month-to-Month,1,0,Male,1,DSL,38.965804,-122.631779,1,35.5,0,3,7,Offer D,1,0,0,1,Mailed Check,0,1,1,4,0,0,0,0,12,432.25,0,0.0,0.0,432.25,1,0
57,5,22.48,2119,Month-to-Month,0,0,Female,1,Fiber Optic,32.787836,-117.232376,0,79.65,0,0,0,,0,0,1,0,Bank Withdrawal,1,0,0,3,0,0,0,1,1,79.65,0,22.48,0.0,102.13,1,1
70,19,46.38,2099,Month-to-Month,0,0,Male,1,Fiber Optic,40.077028,-121.494168,0,75.65,1,0,0,Offer D,0,0,0,0,Bank Withdrawal,1,0,0,3,1,0,0,0,15,1146.65,0,695.7,0.0,1842.35,1,1
51,6,14.69,5268,Two Year,0,1,Female,1,Fiber Optic,33.766476,-117.969795,1,105.35,1,0,3,,0,0,0,1,Bank Withdrawal,1,1,1,5,0,1,1,1,69,7240.65,50,1013.61,0.0,8304.26,0,0
69,14,4.04,5983,Two Year,0,0,Male,1,Fiber Optic,33.998471,-117.973758,0,90.5,1,0,0,,0,1,1,0,Credit Card,1,0,0,3,1,1,0,0,30,2595.85,0,121.2,0.0,2717.05,1,0
62,18,24.56,3094,Month-to-Month,1,1,Female,1,Fiber Optic,39.094102,-123.500853,1,107.5,1,2,9,,1,0,1,1,Bank Withdrawal,1,1,1,4,0,1,1,1,30,3242.5,0,736.8,0.0,3979.3,1,0
29,69,40.63,4384,Two Year,0,0,Male,1,DSL,33.844983,-117.952151,1,65.15,1,0,2,Offer A,1,1,0,1,Bank Withdrawal,1,1,1,3,0,0,1,0,71,4681.75,0,2884.73,4.7,7561.78,1,0
40,0,6.48,5060,Month-to-Month,1,0,Female,0,,37.252057,-119.95783,1,19.85,0,1,1,Offer E,0,0,0,1,Credit Card,1,0,1,3,0,0,0,0,6,119.3,0,38.88,0.0,158.18,0,0
79,23,5.42,2064,One Year,0,0,Female,1,Fiber Optic,33.787298,-117.320676,1,70.05,0,0,1,Offer E,0,0,0,1,Bank Withdrawal,1,0,1,4,1,0,0,0,5,302.6,0,27.1,0.0,329.7,1,0
45,0,43.84,4347,Two Year,1,0,Male,0,,37.371862,-121.860349,1,19.15,0,2,9,,0,0,1,1,Credit Card,1,0,1,5,0,0,0,0,26,515.75,0,1139.84,0.0,1655.59,0,0
55,53,18.42,6391,Two Year,1,1,Female,1,Fiber Optic,40.331975,-121.460674,1,109.05,1,3,1,,0,1,1,1,Bank Withdrawal,1,1,1,4,0,1,1,1,68,7508.55,0,1252.56,0.0,8761.11,1,0
24,76,22.2,4078,One Year,0,1,Female,1,Fiber Optic,34.089927,-118.095645,1,105.75,1,0,5,Offer B,0,1,0,1,Bank Withdrawal,1,0,1,4,0,1,1,1,40,4228.55,0,888.0,0.0,5116.55,1,0
59,0,38.55,5617,Two Year,1,0,Male,0,,35.957019,-119.330928,1,25.3,1,3,5,,0,0,1,1,Credit Card,1,0,1,5,0,0,0,0,66,1672.35,0,2544.3,0.0,4216.65,0,0
38,0,5.15,4430,Month-to-Month,1,0,Male,0,,38.733714,-120.795213,0,19.95,0,3,0,Offer E,0,0,0,0,Mailed Check,1,0,0,5,0,0,0,0,3,58.3,0,15.45,0.0,73.75,0,0
54,29,28.2,5180,Month-to-Month,0,1,Female,1,Fiber Optic,39.806141,-123.531098,0,100.5,1,0,0,,0,0,1,0,Bank Withdrawal,1,0,0,3,0,1,1,1,5,514.0,0,141.0,0.0,655.0,1,1
69,30,0.0,3511,Month-to-Month,0,0,Male,1,Cable,34.084747,-117.886844,1,24.85,0,0,2,Offer C,0,0,1,1,Bank Withdrawal,0,0,1,3,1,0,0,0,38,955.75,0,0.0,0.0,955.75,1,0
79,18,3.04,2715,One Year,0,1,Male,1,DSL,32.912664,-116.635387,0,73.0,0,0,0,,0,0,1,0,Bank Withdrawal,1,1,0,4,1,1,0,1,35,2471.25,0,106.4,0.0,2577.65,1,0
28,82,25.27,5898,Month-to-Month,1,1,Female,1,DSL,38.554383,-122.474773,1,72.25,1,2,1,,0,1,0,1,Bank Withdrawal,1,1,1,1,0,0,0,1,35,2568.55,0,884.45,0.0,3453.0,1,1
27,0,26.09,4476,Month-to-Month,1,0,Female,0,,34.029043,-118.239504,0,20.25,0,3,0,,0,0,0,0,Credit Card,1,0,0,5,0,0,0,0,28,535.35,0,730.52,0.0,1265.87,0,0
27,0,27.47,3300,Month-to-Month,0,0,Male,0,,38.34719,-122.697822,0,19.85,0,0,0,Offer E,0,0,0,0,Credit Card,1,0,0,3,0,0,0,0,2,51.6,0,54.94,0.0,106.54,0,0
44,23,14.21,4696,Month-to-Month,0,0,Male,1,Fiber Optic,39.099204,-121.137962,1,85.3,0,0,1,Offer B,1,0,1,1,Credit Card,1,0,1,4,0,0,0,1,49,4297.95,0,696.29,0.0,4994.24,1,0
41,0,15.86,2653,Two Year,0,0,Female,0,,34.028331,-118.354338,0,20.25,0,0,0,Offer E,0,0,0,0,Mailed Check,1,0,0,5,0,0,0,0,8,174.65,0,126.88,0.0,301.53,0,0
43,11,1.6,2969,Month-to-Month,1,0,Female,1,Fiber Optic,35.140938,-119.051348,1,95.25,1,2,0,,0,0,1,1,Bank Withdrawal,1,0,0,4,0,1,1,1,37,3314.15,0,59.2,0.0,3373.35,1,0
76,16,38.75,5913,Month-to-Month,0,0,Female,1,Fiber Optic,33.141265,-116.967221,0,96.15,1,0,0,,0,0,1,0,Bank Withdrawal,1,0,0,2,1,1,0,1,16,1529.2,0,620.0,0.0,2149.2,1,1
51,15,37.69,2832,Month-to-Month,0,1,Male,1,Fiber Optic,33.832799,-116.250973,0,104.5,1,0,0,,1,0,1,0,Credit Card,1,0,0,1,0,1,1,1,40,4036.85,0,1507.6,0.0,5544.45,1,1
73,30,29.41,5831,Month-to-Month,0,0,Male,1,Fiber Optic,35.165668,-120.655842,0,85.15,0,0,0,Offer E,0,1,1,0,Bank Withdrawal,1,0,0,2,1,0,0,1,6,503.6,0,176.46,0.0,680.06,1,1
25,51,22.77,5698,Month-to-Month,0,0,Male,1,DSL,40.656287,-121.428965,0,55.15,0,0,0,Offer E,0,0,0,0,Credit Card,1,0,0,2,0,0,1,1,3,159.15,0,68.31,0.0,227.46,1,1
54,0,14.54,6066,Two Year,1,0,Male,0,,38.274451,-121.259201,1,26.3,1,2,2,Offer A,0,0,0,1,Credit Card,1,0,1,5,0,0,0,0,67,1688.9,0,974.18,0.0,2663.08,0,0
73,12,36.75,2217,Two Year,0,0,Male,1,Fiber Optic,39.178337,-120.162806,1,84.3,1,0,7,Offer C,0,0,1,1,Bank Withdrawal,1,0,1,3,1,1,1,0,29,2357.75,0,1065.75,0.0,3423.5,1,0
25,59,16.01,6252,Two Year,1,1,Female,1,Fiber Optic,37.378541,-122.020456,1,116.8,1,2,2,,1,1,1,1,Credit Card,1,1,1,3,0,1,1,1,72,8456.75,0,1152.72,0.0,9609.47,1,0
30,0,3.37,5020,Month-to-Month,0,0,Female,0,,33.323705,-116.626907,0,20.15,0,0,0,Offer E,0,0,0,0,Credit Card,1,0,0,4,0,0,0,0,5,117.95,0,16.85,0.0,134.8,0,0
41,18,19.15,4094,Month-to-Month,0,0,Male,1,Fiber Optic,34.074736,-118.145959,1,70.0,0,0,1,Offer E,0,0,0,1,Bank Withdrawal,1,0,1,3,0,0,0,0,1,70.0,10,19.15,0.0,99.15,0,1
25,52,27.69,4193,Two Year,0,1,Female,1,Fiber Optic,37.791481,-121.903253,1,107.65,1,0,1,,1,0,1,1,Bank Withdrawal,1,1,1,5,0,1,1,1,65,7082.85,0,1799.85,0.0,8882.7,1,0
55,0,41.36,3716,Month-to-Month,0,0,Female,0,,40.796621,-124.15428,1,19.9,0,0,4,Offer E,0,0,1,1,Credit Card,1,0,1,5,0,0,0,0,3,45.75,0,124.08,0.0,169.83,0,0
57,22,40.22,3384,Month-to-Month,0,0,Female,1,Cable,39.904002,-121.527823,0,56.2,0,0,0,Offer D,0,0,1,0,Bank Withdrawal,1,0,0,5,0,1,1,0,19,1093.4,0,764.18,0.0,1857.58,1,0
45,3,46.84,2570,Month-to-Month,0,0,Male,1,DSL,33.840524,-118.148403,0,44.35,0,0,0,Offer E,0,0,0,0,Bank Withdrawal,1,0,0,3,0,0,0,0,2,81.25,0,93.68,0.0,174.93,1,1
56,0,47.26,3618,Month-to-Month,0,0,Male,0,,36.64545,-118.924982,0,20.6,0,0,0,Offer E,0,0,0,0,Credit Card,1,0,0,1,0,0,0,0,1,20.6,0,47.26,0.0,67.86,0,1
36,0,1.44,4466,Two Year,1,0,Female,0,,34.172071,-118.946262,1,25.65,1,3,1,Offer B,0,0,1,1,Credit Card,1,0,1,5,0,0,0,0,55,1388.0,0,79.2,0.0,1467.2,0,0
54,0,12.21,6228,Two Year,0,0,Male,0,,35.559617,-118.925185,1,25.7,1,0,1,,0,0,0,1,Bank Withdrawal,1,0,1,4,0,0,0,0,55,1443.65,0,671.55,0.0,2115.2,0,0
27,48,0.0,3080,Month-to-Month,0,0,Male,1,Cable,37.351214,-121.952417,0,48.95,0,0,0,,1,1,1,0,Credit Card,0,1,0,1,0,0,0,1,39,1880.85,0,0.0,0.0,1880.85,1,1
43,0,48.93,5822,Two Year,0,0,Male,0,,34.08111,-117.853935,0,23.4,1,0,0,,0,0,0,0,Bank Withdrawal,1,0,0,4,0,0,0,0,62,1429.65,0,3033.66,0.0,4463.31,0,0
42,0,28.18,5854,Month-to-Month,0,0,Female,0,,37.100948,-120.270136,0,20.25,0,0,0,Offer E,0,0,1,0,Credit Card,1,0,0,4,0,0,0,0,1,20.25,0,28.18,0.0,48.43,0,0
45,29,0.0,4570,Month-to-Month,0,0,Male,1,DSL,41.280478,-121.160249,0,24.4,0,0,0,,0,0,0,0,Credit Card,0,0,0,3,0,0,0,0,1,24.4,0,0.0,0.0,24.4,1,0
51,28,37.04,2383,Month-to-Month,0,0,Male,1,Fiber Optic,34.866032,-120.536546,0,85.65,1,0,0,,0,0,1,0,Bank Withdrawal,1,0,0,3,0,1,1,0,32,2664.3,0,1185.28,0.0,3849.58,1,0
27,0,15.85,3948,Month-to-Month,1,0,Female,0,,34.072121,-117.698319,1,19.55,0,3,9,,0,0,1,1,Bank Withdrawal,1,0,1,4,0,0,0,0,28,543.8,0,443.8,0.0,987.6,0,0
20,47,43.78,4709,Month-to-Month,0,1,Male,1,DSL,40.390301,-123.412327,0,65.05,1,0,0,Offer D,1,1,0,0,Credit Card,1,0,0,4,0,0,0,0,22,1427.55,10,963.16,0.0,2400.71,0,0
72,3,16.87,4181,Two Year,0,0,Female,1,Fiber Optic,36.625792,-119.672483,1,75.65,1,0,4,Offer A,0,0,1,1,Credit Card,1,0,1,4,1,0,0,0,70,5411.4,0,1180.9,25.67,6566.63,1,0
57,25,23.29,5425,Two Year,0,1,Female,1,DSL,38.984756,-121.345074,1,68.3,0,0,9,,1,0,1,1,Credit Card,1,1,1,5,0,1,1,0,64,4378.8,0,1490.56,0.0,5869.36,1,0
33,17,43.27,5036,Month-to-Month,0,0,Male,1,Fiber Optic,40.726949,-124.217378,1,79.65,1,0,1,,0,0,1,1,Bank Withdrawal,1,1,1,1,0,0,0,0,3,251.75,0,129.81,0.0,381.56,1,1
49,11,6.56,3404,One Year,0,1,Female,1,DSL,35.490705,-119.286833,1,66.05,0,0,1,,0,1,1,1,Credit Card,1,0,1,4,0,0,0,1,47,3021.45,40,308.32,0.0,3369.77,0,0
28,52,39.78,6367,Two Year,0,1,Female,1,DSL,40.186772,-122.388361,1,80.4,0,0,4,,1,0,1,1,Bank Withdrawal,1,1,1,5,0,1,1,1,70,5717.85,0,2784.6,0.0,8502.45,1,0
43,0,47.31,3586,Two Year,1,0,Male,0,,39.197215,-120.83679,1,24.45,1,3,10,,0,0,0,1,Mailed Check,1,0,1,5,0,0,0,0,45,1088.25,0,2128.95,0.0,3217.2,0,0
44,10,0.0,3298,Month-to-Month,0,0,Female,1,DSL,34.757477,-120.550507,1,24.45,0,0,1,,0,0,1,1,Bank Withdrawal,0,0,1,3,0,0,0,0,20,482.8,0,0.0,0.0,482.8,1,1
63,2,17.73,4806,Month-to-Month,0,1,Male,1,Fiber Optic,33.918043,-117.617809,1,94.15,0,0,1,,1,0,0,1,Credit Card,1,1,1,3,0,1,1,0,61,5731.85,0,1081.53,0.0,6813.38,1,0
41,0,33.68,4399,Two Year,0,0,Male,0,,37.746699,-122.442833,0,20.15,0,0,0,,0,0,0,0,Credit Card,1,0,0,5,0,0,0,0,48,982.95,0,1616.64,0.0,2599.59,0,0
26,73,13.9,4898,One Year,0,1,Female,1,Cable,33.606899,-117.717854,0,85.85,0,0,0,,1,1,0,0,Bank Withdrawal,1,1,0,4,0,1,1,1,36,3003.55,0,500.4,0.0,3503.95,0,0
57,3,7.62,2504,Month-to-Month,0,0,Female,1,Fiber Optic,33.999992,-117.535395,1,89.65,0,0,1,Offer D,1,0,1,1,Credit Card,1,1,1,1,0,1,1,0,14,1208.35,120,106.68,0.0,1435.03,0,1
33,19,15.01,4014,Month-to-Month,1,1,Male,1,Fiber Optic,34.172071,-118.946262,1,90.35,0,1,1,,0,1,1,1,Credit Card,1,0,1,4,0,1,1,0,5,434.5,0,75.05,17.33,492.22,1,0
25,52,24.59,5725,Two Year,1,0,Male,1,DSL,38.544002,-121.685559,1,65.65,1,2,1,Offer B,1,1,1,1,Credit Card,1,1,1,3,0,0,0,0,54,3566.7,0,1327.86,0.0,4894.56,1,0
80,30,0.0,3542,Month-to-Month,0,0,Female,1,DSL,34.119363,-117.855059,0,25.3,0,0,0,,0,0,0,0,Bank Withdrawal,0,0,0,3,1,0,0,0,3,77.75,0,0.0,0.0,77.75,1,1
23,73,37.75,5995,Two Year,1,1,Male,1,Fiber Optic,34.106922,-117.297553,1,89.1,1,2,4,Offer B,0,0,1,1,Credit Card,1,0,1,4,0,0,0,1,62,5411.65,0,2340.5,0.0,7752.15,1,0
55,6,7.37,5259,Month-to-Month,0,0,Male,1,Fiber Optic,34.943523,-120.256729,0,94.1,1,0,0,,0,0,1,0,Bank Withdrawal,1,0,0,5,0,1,1,1,7,701.3,0,51.59,0.0,752.89,1,0
71,3,48.62,4876,Month-to-Month,0,0,Male,1,Fiber Optic,33.906496,-116.569499,1,80.4,0,0,1,Offer B,0,0,1,1,Bank Withdrawal,1,0,1,3,1,1,0,0,46,3605.2,20,2236.52,0.0,5861.72,0,1
51,30,20.29,5456,Month-to-Month,0,0,Female,1,Fiber Optic,38.581354,-122.296283,0,83.35,1,0,0,,0,0,1,0,Bank Withdrawal,1,0,0,2,0,1,1,0,33,2757.85,40,669.57,0.0,3467.42,0,1
50,13,0.0,5632,Month-to-Month,0,1,Female,1,DSL,34.005439,-118.477507,1,55.9,0,0,3,,0,1,0,1,Bank Withdrawal,0,0,1,1,0,1,1,1,39,2184.35,0,0.0,0.0,2184.35,1,1
73,27,10.19,3444,Month-to-Month,0,0,Female,1,Fiber Optic,33.362575,-117.299644,1,104.3,1,0,5,Offer C,0,1,1,1,Bank Withdrawal,1,1,1,1,1,1,0,1,27,2867.75,0,275.13,0.0,3142.88,1,1
37,22,20.64,4501,Month-to-Month,0,1,Female,1,Fiber Optic,37.770533,-122.445121,0,80.7,1,0,0,Offer C,0,0,1,0,Bank Withdrawal,1,0,0,3,0,0,0,0,26,2193.0,0,536.64,0.0,2729.64,1,0
44,11,22.75,3265,Month-to-Month,0,0,Female,1,Cable,36.5276,-119.865999,0,68.9,1,0,0,,1,0,1,0,Credit Card,1,1,0,5,0,1,1,0,20,1370.35,0,455.0,0.0,1825.35,1,0
56,30,30.28,2468,Month-to-Month,0,0,Female,1,Fiber Optic,33.766004,-117.786763,0,89.95,1,0,0,Offer C,1,0,1,0,Bank Withdrawal,1,0,0,1,0,1,1,0,28,2625.55,0,847.84,0.0,3473.39,1,1
27,0,10.42,4907,Month-to-Month,0,0,Female,0,,37.255637,-120.493537,1,20.55,0,0,2,,0,0,1,1,Credit Card,1,0,1,3,0,0,0,0,10,252.75,0,104.2,0.0,356.95,0,0
56,30,36.35,3773,Month-to-Month,0,0,Female,1,DSL,38.343282,-122.9755,1,66.4,1,0,4,,1,1,1,1,Credit Card,1,1,1,3,0,0,0,0,42,2727.8,0,1526.7,0.0,4254.5,1,0
62,13,34.57,4676,Month-to-Month,0,0,Female,1,Fiber Optic,33.744439,-117.98588,1,109.65,1,0,4,Offer B,1,1,1,1,Bank Withdrawal,1,1,1,3,0,1,1,1,50,5405.8,0,1728.5,0.0,7134.3,1,0
79,11,4.59,2834,Month-to-Month,0,0,Male,1,Fiber Optic,34.128284,-118.047732,0,91.4,0,0,0,,0,0,1,0,Bank Withdrawal,1,0,0,1,1,1,0,1,5,449.75,0,22.95,0.0,472.7,1,1
47,0,23.25,5384,One Year,0,0,Female,0,,33.787796,-117.875928,1,19.8,0,0,7,,0,0,0,1,Bank Withdrawal,1,0,1,5,0,0,0,0,64,1336.65,0,1488.0,0.0,2824.65,0,0
25,48,36.34,5129,Month-to-Month,0,1,Female,1,DSL,34.146957,-118.432138,0,59.45,0,0,0,Offer D,0,0,1,0,Bank Withdrawal,1,0,0,1,0,1,1,0,15,892.65,0,545.1,0.0,1437.75,1,1
42,17,13.56,2775,Month-to-Month,0,0,Female,1,Cable,37.939768,-120.188002,0,64.9,0,0,0,Offer D,0,0,1,0,Bank Withdrawal,1,0,0,5,0,1,1,1,11,716.1,0,149.16,0.0,865.26,1,0
40,19,0.0,5122,Two Year,0,1,Female,1,DSL,39.043387,-121.409837,0,58.75,0,0,0,Offer B,1,1,1,0,Bank Withdrawal,0,0,0,4,0,1,1,1,52,3038.55,0,0.0,0.0,3038.55,1,0
28,0,47.53,2798,Two Year,0,0,Male,0,,38.445603,-123.063756,0,20.05,0,0,0,,0,0,0,0,Credit Card,1,0,0,3,0,0,0,0,44,845.25,0,2091.32,15.31,2921.26,0,0
49,4,17.76,6370,Two Year,0,0,Male,1,Fiber Optic,34.188339,-118.300942,0,108.0,1,0,0,Offer B,1,1,1,0,Credit Card,1,1,0,3,0,1,1,1,54,5760.65,0,959.04,0.0,6719.69,1,0
60,19,26.88,3101,Month-to-Month,0,0,Female,1,Fiber Optic,37.601248,-122.403099,1,96.2,1,0,5,,0,1,1,1,Credit Card,1,1,1,1,0,0,0,1,11,1222.05,0,295.68,0.0,1517.73,1,1
34,27,48.11,5232,One Year,1,0,Female,1,Cable,34.936,-120.594655,1,49.4,0,2,1,Offer A,0,0,1,1,Credit Card,1,1,1,3,0,0,0,0,66,3251.85,0,3175.26,0.0,6427.11,1,0
60,0,6.64,4215,Month-to-Month,0,0,Female,0,,39.099204,-121.137962,1,20.3,0,0,7,,0,0,1,1,Bank Withdrawal,1,0,1,5,0,0,0,0,1,20.3,0,6.64,0.0,26.94,0,0
36,22,37.0,3501,Two Year,0,0,Female,1,DSL,34.231053,-118.338307,0,71.1,0,0,0,,1,1,0,0,Credit Card,1,1,0,4,0,1,1,0,3,213.35,0,111.0,2.62,321.73,1,0
77,14,14.76,4503,Month-to-Month,0,0,Male,1,Fiber Optic,38.494832,-121.529447,1,84.9,1,0,7,,1,1,1,1,Credit Card,1,0,1,3,1,0,0,0,69,5785.65,0,1018.44,0.0,6804.09,1,0
80,15,48.59,5546,One Year,1,0,Female,1,DSL,39.657228,-121.37778,1,69.2,1,1,7,,1,1,0,1,Bank Withdrawal,1,0,1,4,1,0,0,1,71,4982.5,0,3449.89,0.0,8432.39,1,0
24,42,43.02,2739,Month-to-Month,0,0,Female,1,DSL,34.101608,-118.055848,0,50.55,0,0,0,,1,0,0,0,Bank Withdrawal,1,0,0,3,0,0,0,0,5,244.75,0,215.1,0.0,459.85,1,0
53,21,34.76,4764,Month-to-Month,0,0,Female,1,Fiber Optic,35.215731,-119.57013,0,69.85,0,0,0,Offer E,0,0,1,0,Bank Withdrawal,1,0,0,5,0,0,0,0,3,199.85,0,104.28,0.0,304.13,1,0
26,76,1.84,2548,Month-to-Month,0,0,Male,1,Fiber Optic,37.526791,-119.99437,0,74.9,1,0,0,Offer E,0,0,1,0,Bank Withdrawal,1,0,0,3,0,0,1,0,1,74.9,0,1.84,0.0,76.74,1,1
21,85,20.93,4977,One Year,0,0,Male,1,Fiber Optic,34.147149,-118.463365,1,95.2,1,0,1,,0,0,1,1,Credit Card,1,0,1,5,0,1,1,1,47,4563.0,80,983.71,0.0,5626.71,0,0
62,0,30.17,5987,One Year,0,0,Female,0,,34.186211,-117.07683,0,19.8,0,0,0,Offer C,0,0,1,0,Bank Withdrawal,1,0,0,5,0,0,0,0,37,695.05,0,1116.29,0.0,1811.34,0,0
72,10,48.16,5462,One Year,0,1,Male,1,DSL,40.877552,-121.885884,1,71.1,1,0,2,,1,0,1,1,Credit Card,1,0,1,5,1,0,0,1,57,4140.1,0,2745.12,0.0,6885.22,1,0
36,0,18.43,3594,Month-to-Month,1,0,Male,0,,37.420273,-120.66527,0,20.2,0,3,0,,0,0,0,0,Bank Withdrawal,1,0,0,3,0,0,0,0,3,50.6,0,55.29,0.0,105.89,0,0
26,59,23.22,3300,Month-to-Month,0,0,Male,1,Fiber Optic,38.694081,-121.694431,0,98.55,1,0,0,,0,0,1,0,Mailed Check,1,1,0,3,0,1,1,1,20,2031.95,0,464.4,0.0,2496.35,1,0
69,9,48.53,5225,Two Year,0,1,Female,1,Fiber Optic,34.00709,-118.258681,1,108.8,1,0,4,,1,0,1,1,Bank Withdrawal,1,0,1,5,1,1,0,1,65,7082.45,0,3154.45,21.52,10215.38,1,0
40,0,4.15,6011,Two Year,0,0,Male,0,,33.912246,-118.236773,1,25.4,1,0,8,,0,0,0,1,Credit Card,1,0,1,5,0,0,0,0,72,1797.1,0,298.8,0.0,2095.9,0,0
29,0,29.38,5161,Two Year,0,0,Male,0,,33.755039,-116.741796,0,20.75,0,0,0,Offer C,0,0,1,0,Credit Card,1,0,0,3,0,0,0,0,25,499.4,0,734.5,0.0,1233.9,0,0
30,52,26.87,2101,Month-to-Month,0,0,Female,1,Fiber Optic,37.734971,-120.954271,0,75.9,1,0,0,,0,0,1,0,Bank Withdrawal,1,0,0,1,0,0,0,0,2,143.35,0,53.74,0.0,197.09,1,1
27,48,0.0,4259,One Year,0,0,Male,1,DSL,33.988543,-118.334081,1,25.25,0,0,8,,0,0,1,1,Credit Card,0,0,1,3,0,0,0,0,39,947.75,0,0.0,0.0,947.75,1,0
28,51,40.64,3291,Month-to-Month,0,0,Female,1,Fiber Optic,36.77462,-121.664714,0,85.95,0,0,0,,1,0,1,0,Credit Card,1,0,0,5,0,1,1,0,6,514.6,0,243.84,0.0,758.44,1,0
26,82,22.14,5505,Month-to-Month,1,1,Male,1,Fiber Optic,34.9436,-115.287901,1,94.75,0,3,4,,0,0,1,1,Bank Withdrawal,1,0,1,5,0,1,1,1,8,759.55,0,177.12,0.0,936.67,1,0
62,25,46.79,5159,Month-to-Month,0,0,Female,1,Fiber Optic,37.818589,-120.256995,0,74.9,1,0,0,Offer E,0,0,1,0,Bank Withdrawal,1,0,0,1,0,0,0,0,7,541.15,0,327.53,0.0,868.68,1,1
68,20,31.25,3123,Month-to-Month,0,0,Male,1,Fiber Optic,33.475493,-117.219551,1,101.0,1,0,8,Offer B,1,0,1,1,Bank Withdrawal,1,0,1,1,1,1,0,1,43,4388.4,150,1343.75,0.0,5882.15,0,1
41,25,0.0,3176,Month-to-Month,1,1,Male,1,DSL,33.17494,-117.242761,0,40.45,0,2,0,,1,1,1,0,Bank Withdrawal,0,0,0,3,0,0,0,0,43,1912.85,0,0.0,0.0,1912.85,1,0
77,23,31.17,2740,Month-to-Month,0,0,Female,1,Fiber Optic,32.957195,-117.202542,0,94.75,0,0,0,Offer D,1,0,1,0,Bank Withdrawal,1,0,0,2,1,1,0,1,23,2293.6,0,716.91,0.0,3010.51,1,1
33,19,30.87,5456,Month-to-Month,1,0,Male,1,DSL,39.191797,-120.212401,1,44.5,0,1,2,,0,0,1,1,Bank Withdrawal,1,0,1,5,0,0,0,0,2,90.05,0,61.74,0.0,151.79,1,0
73,30,15.19,5098,Month-to-Month,0,0,Male,1,Fiber Optic,34.167926,-118.267539,0,72.6,1,0,0,,0,0,1,0,Mailed Check,1,0,0,3,1,0,0,0,2,154.3,0,30.38,0.0,184.68,1,0
79,26,0.0,5303,Month-to-Month,0,0,Female,1,Cable,34.188339,-118.300942,0,36.45,0,0,0,,0,0,1,0,Bank Withdrawal,0,0,0,3,1,0,0,1,1,36.45,0,0.0,0.0,36.45,1,1
59,23,5.63,5887,One Year,0,0,Female,1,Fiber Optic,34.209532,-118.577563,1,105.95,0,0,3,,1,1,0,1,Credit Card,1,1,1,1,0,1,1,1,14,1348.9,0,78.82,0.0,1427.72,1,1
34,23,46.4,3314,One Year,0,0,Male,1,Cable,32.579134,-117.119009,0,64.9,0,0,0,,0,0,1,0,Bank Withdrawal,1,0,0,4,0,1,1,1,23,1509.8,130,1067.2,0.0,2707.0,0,0
39,0,47.21,5851,Two Year,1,0,Female,0,,33.823943,-118.111335,1,25.1,1,2,6,Offer C,0,0,1,1,Credit Card,1,0,1,3,0,0,0,0,30,789.55,0,1416.3,15.41,2190.44,0,0
34,3,14.12,4898,Month-to-Month,0,0,Male,1,Fiber Optic,37.538309,-122.305109,0,100.85,1,0,0,Offer B,1,0,1,0,Credit Card,1,0,0,1,0,1,1,1,45,4740.0,0,635.4,0.0,5375.4,1,1
40,19,39.45,4663,One Year,1,1,Male,1,Fiber Optic,34.029043,-118.239504,1,103.15,0,2,7,,1,1,1,1,Bank Withdrawal,1,0,1,4,0,1,1,1,66,7031.3,0,2603.7,0.0,9635.0,1,0
41,0,19.98,5628,Two Year,0,0,Female,0,,34.035602,-117.591528,1,19.45,0,0,8,Offer B,0,0,0,1,Credit Card,1,0,1,3,0,0,0,0,64,1208.6,0,1278.72,0.0,2487.32,0,0
51,26,45.68,3019,Month-to-Month,1,0,Male,1,Cable,33.82769,-117.102244,1,81.0,1,3,3,Offer C,0,1,0,1,Bank Withdrawal,1,1,1,3,0,1,1,1,24,1923.85,0,1096.32,0.0,3020.17,1,0
29,47,26.03,5189,Month-to-Month,0,0,Male,1,Fiber Optic,36.29878,-119.201028,1,80.15,1,0,1,Offer C,1,0,1,1,Bank Withdrawal,1,0,1,3,0,0,0,0,29,2265.25,0,754.87,0.0,3020.12,1,1
30,52,37.03,5407,Two Year,0,1,Female,1,DSL,37.974498,-121.319568,0,88.95,1,0,0,,1,1,0,0,Credit Card,1,1,0,3,0,1,1,1,13,1161.75,0,481.39,0.0,1643.14,1,0
26,41,17.66,2885,Month-to-Month,0,1,Female,1,Fiber Optic,33.840524,-118.148403,0,84.25,0,0,0,,1,0,1,0,Credit Card,1,1,0,2,0,0,1,0,38,3264.5,0,671.08,0.0,3935.58,1,1
64,23,41.26,3345,One Year,0,0,Female,1,Fiber Optic,37.758085,-122.434801,0,75.15,0,0,0,,1,0,0,0,Bank Withdrawal,1,0,0,4,0,0,0,0,48,3772.65,0,1980.48,0.0,5753.13,1,0
55,4,31.92,3314,Month-to-Month,0,1,Male,1,Fiber Optic,32.695681,-116.798386,0,90.4,0,0,0,,0,0,1,0,Bank Withdrawal,1,1,0,3,0,1,1,0,4,356.65,0,127.68,0.0,484.33,1,0
56,29,49.21,6113,Month-to-Month,0,0,Male,1,Fiber Optic,33.81859,-117.821288,0,80.6,0,0,0,Offer B,1,0,1,0,Credit Card,1,1,0,4,0,0,0,0,53,4348.1,90,2608.13,39.45,7006.78,0,0
54,29,18.26,2500,Month-to-Month,0,0,Male,1,Fiber Optic,36.600193,-120.153393,0,86.05,0,0,0,Offer E,0,1,1,0,Credit Card,1,0,0,4,0,1,1,0,3,244.85,0,54.78,0.0,299.63,1,0
54,13,1.09,3760,Month-to-Month,1,0,Male,1,Fiber Optic,37.939768,-120.188002,1,87.2,1,1,7,,1,0,0,1,Bank Withdrawal,1,0,1,3,0,0,0,1,47,4017.45,0,51.23,0.0,4068.68,1,0
36,3,39.39,5757,Month-to-Month,0,0,Male,1,Fiber Optic,41.232128,-123.194748,1,80.25,1,0,10,Offer B,1,0,1,1,Bank Withdrawal,1,0,1,5,0,0,0,0,41,3439.0,0,1614.99,2.18,5051.81,1,0
28,0,21.19,4840,One Year,0,0,Female,0,,37.866009,-122.286228,0,20.35,0,0,0,,0,0,0,0,Mailed Check,1,0,0,4,0,0,0,0,29,617.35,0,614.51,0.0,1231.86,0,0
78,18,21.09,3896,Month-to-Month,0,0,Female,1,Fiber Optic,33.141265,-116.967221,0,74.7,0,0,0,Offer D,1,0,1,0,Bank Withdrawal,1,0,0,4,1,0,0,0,18,1294.6,20,379.62,0.0,1694.22,0,0
61,0,40.81,3000,One Year,1,0,Male,0,,39.333737,-120.858667,1,20.25,0,2,5,Offer C,0,0,0,1,Mailed Check,1,0,1,4,0,0,0,0,24,439.75,0,979.44,0.0,1419.19,0,0
74,13,3.84,3763,Month-to-Month,0,0,Male,1,Fiber Optic,32.898613,-117.202937,0,76.45,1,0,0,,0,0,1,0,Bank Withdrawal,1,0,0,3,1,0,0,0,1,76.45,10,3.84,0.0,90.29,0,1
24,53,26.99,5269,One Year,0,0,Female,1,Cable,33.923573,-118.200669,1,68.4,1,0,8,,0,1,1,1,Bank Withdrawal,1,1,1,3,0,1,1,0,58,3972.25,0,1565.42,0.0,5537.67,1,0
66,19,37.84,5868,Two Year,0,0,Female,1,Fiber Optic,38.805481,-120.13287,1,94.65,0,0,5,Offer D,1,0,1,1,Bank Withdrawal,1,0,1,3,1,1,1,1,15,1285.05,0,567.6,0.0,1852.65,1,0
19,73,41.91,5234,Two Year,0,1,Female,1,Fiber Optic,33.940884,-118.128628,0,109.9,0,0,0,,1,1,1,0,Bank Withdrawal,1,1,0,4,0,1,1,1,72,7624.2,0,3017.52,0.0,10641.72,1,0
47,12,33.46,2404,Month-to-Month,0,0,Female,1,Fiber Optic,37.321233,-120.656354,1,69.4,0,0,1,Offer E,0,0,1,1,Mailed Check,1,0,1,1,0,0,0,0,1,69.4,10,33.46,0.0,112.86,0,1
42,20,34.05,4600,Month-to-Month,0,0,Male,1,Fiber Optic,36.822715,-119.761826,1,88.8,1,0,1,Offer D,1,1,1,1,Credit Card,1,1,1,3,0,0,0,0,19,1672.35,0,646.95,0.0,2319.3,1,0
44,13,35.61,2405,Month-to-Month,0,0,Male,1,Fiber Optic,38.018065,-122.546024,1,79.45,0,0,1,,1,1,1,1,Bank Withdrawal,1,0,1,1,0,0,0,0,38,3013.05,40,1353.18,9.36,4396.87,0,1
33,0,39.56,3675,Two Year,1,0,Female,0,,40.740138,-122.587476,1,25.1,1,1,2,Offer D,0,0,0,1,Credit Card,1,0,1,4,0,0,0,0,18,428.45,0,712.08,14.57,1125.96,0,0
32,25,0.0,5534,Month-to-Month,0,1,Male,1,Cable,36.974575,-121.991149,0,41.35,0,0,0,,0,1,0,0,Credit Card,0,1,0,3,0,0,0,0,3,107.25,0,0.0,0.0,107.25,1,0
50,57,1.53,2775,One Year,1,0,Male,1,Fiber Optic,37.505768,-121.962472,1,89.7,0,3,5,Offer C,1,0,1,1,Bank Withdrawal,1,1,1,4,0,0,0,1,35,3165.6,0,53.55,0.0,3219.15,1,0
58,12,44.75,5930,Month-to-Month,0,0,Male,1,Cable,41.388397,-122.794636,0,45.85,0,0,0,Offer E,0,0,1,0,Credit Card,1,0,0,2,0,0,0,0,1,45.85,0,44.75,0.0,90.6,1,1
79,30,42.95,4604,One Year,0,0,Male,1,DSL,34.114772,-118.089431,1,64.95,0,0,5,,1,1,1,1,Bank Withdrawal,1,0,1,4,1,1,0,0,21,1339.8,0,901.95,0.0,2241.75,1,0
45,0,31.28,3248,Month-to-Month,0,0,Female,0,,33.162624,-117.170863,0,19.05,0,0,0,Offer E,0,0,0,0,Credit Card,1,0,0,4,0,0,0,0,9,157.65,0,281.52,0.0,439.17,0,0
31,24,7.16,4890,Two Year,1,1,Male,1,Fiber Optic,38.52576,-123.013347,1,106.1,1,1,9,Offer A,1,1,1,1,Credit Card,1,1,1,3,0,0,0,1,72,7548.6,0,515.52,23.39,8040.73,1,0
21,59,20.03,5829,Month-to-Month,0,0,Female,1,Fiber Optic,40.170357,-123.417298,0,86.2,0,0,0,,0,1,0,0,Bank Withdrawal,1,0,0,1,0,0,1,1,15,1270.2,100,300.45,0.0,1670.65,0,1
49,15,22.8,3289,Month-to-Month,0,1,Male,1,Fiber Optic,37.421633,-122.009613,1,84.55,1,0,8,,0,1,1,1,Credit Card,1,0,1,3,0,0,0,0,45,3713.95,0,1026.0,0.0,4739.95,1,0
75,3,0.0,4133,Month-to-Month,0,0,Female,1,DSL,34.129058,-118.759788,1,30.75,0,0,7,,1,0,1,1,Bank Withdrawal,0,0,1,5,1,0,0,0,3,82.85,0,0.0,0.0,82.85,1,0
49,0,17.92,5876,Month-to-Month,0,0,Male,0,,38.766036,-120.209673,0,20.75,0,0,0,,0,0,0,0,Bank Withdrawal,1,0,0,3,0,0,0,0,35,739.9,0,627.2,0.0,1367.1,0,0
60,0,2.81,4432,Two Year,1,0,Male,0,,33.678591,-117.905471,1,24.25,1,2,4,,0,0,0,1,Credit Card,1,0,1,4,0,0,0,0,43,1077.95,0,120.83,0.0,1198.78,0,0
63,26,44.66,3344,Month-to-Month,0,1,Female,1,Fiber Optic,33.606336,-117.893042,1,86.25,0,0,1,Offer E,0,0,1,1,Bank Withdrawal,1,0,1,2,0,0,0,1,7,587.1,0,312.62,0.0,899.72,1,1
25,59,35.01,6236,Two Year,1,1,Male,1,DSL,36.587497,-121.944815,1,79.85,1,1,8,Offer A,1,0,0,1,Bank Withdrawal,1,0,1,5,0,1,1,1,66,5234.95,0,2310.66,0.0,7545.61,1,0
37,26,18.57,5479,Month-to-Month,0,0,Male,1,DSL,35.176236,-120.483243,0,44.75,0,0,0,Offer E,0,0,1,0,Bank Withdrawal,1,0,0,4,0,0,0,0,1,44.75,10,18.57,0.0,73.32,0,0
37,15,2.96,2919,Month-to-Month,0,0,Male,1,Fiber Optic,34.153338,-118.262974,0,73.25,1,0,0,,0,0,1,0,Credit Card,1,0,0,1,0,0,0,0,2,131.05,0,5.92,0.0,136.97,1,1
42,0,33.71,4404,Two Year,0,0,Female,0,,35.116307,-118.817644,0,26.5,1,0,0,Offer B,0,0,0,0,Bank Withdrawal,1,0,0,3,0,0,0,0,65,1698.55,0,2191.15,0.0,3889.7,0,0
43,26,22.71,4601,One Year,0,1,Male,1,Fiber Optic,38.848082,-123.50608,1,110.15,1,0,1,Offer B,1,1,1,1,Bank Withdrawal,1,0,1,1,0,1,1,1,59,6448.05,0,1339.89,0.0,7787.94,1,1
62,8,5.56,3712,Month-to-Month,0,0,Male,1,DSL,33.917145,-118.401554,1,49.9,1,0,4,,0,0,0,1,Bank Withdrawal,1,0,1,4,0,0,0,0,30,1441.95,100,166.8,0.0,1708.75,0,0
61,13,13.63,3256,Month-to-Month,0,0,Male,1,DSL,33.859171,-118.252272,0,44.95,0,0,0,Offer E,0,0,1,0,Mailed Check,1,0,0,5,0,0,0,0,1,44.95,0,13.63,0.0,58.58,1,0
56,18,45.92,3949,Month-to-Month,0,0,Male,1,Fiber Optic,38.625096,-121.383658,0,94.5,0,0,0,,1,0,1,0,Bank Withdrawal,1,0,0,3,0,1,1,1,31,2979.2,0,1423.52,0.0,4402.72,1,0
41,8,38.82,3997,One Year,0,1,Male,1,Cable,40.336392,-122.448533,1,70.55,1,0,7,Offer B,1,0,1,1,Credit Card,1,0,1,4,0,1,1,0,48,3420.5,0,1863.36,0.0,5283.86,1,0
30,82,17.31,4397,One Year,0,0,Male,1,Cable,40.426679,-121.850421,1,80.45,1,0,1,Offer B,0,1,0,1,Credit Card,1,1,1,3,0,1,1,1,42,3375.9,0,727.02,0.0,4102.92,1,0
29,0,23.55,5463,Two Year,1,0,Male,0,,40.587919,-122.464732,1,20.2,0,1,2,,0,0,0,1,Bank Withdrawal,1,0,1,3,0,0,0,0,69,1376.5,0,1624.95,0.0,3001.45,0,0
47,0,3.95,2861,Two Year,1,0,Female,0,,34.613476,-118.256358,1,21.3,0,3,5,,0,0,1,1,Bank Withdrawal,1,0,1,4,0,0,0,0,47,1041.8,0,185.65,0.0,1227.45,0,0
62,0,44.13,4122,One Year,1,0,Female,0,,38.646209,-121.52446,1,19.7,0,3,5,,0,0,0,1,Credit Card,1,0,1,3,0,0,0,0,6,94.45,0,264.78,0.0,359.23,0,0
54,23,0.0,2540,Two Year,0,1,Female,1,Cable,33.867257,-118.330794,0,41.9,0,0,0,Offer B,0,1,0,0,Credit Card,0,1,0,3,0,0,0,0,47,1875.25,0,0.0,0.0,1875.25,1,0
58,30,26.53,3204,Month-to-Month,0,0,Female,1,DSL,37.222842,-121.988727,0,44.4,0,0,0,Offer E,0,0,0,0,Credit Card,1,0,0,2,0,0,0,0,1,44.4,0,26.53,0.0,70.93,1,1
40,0,48.61,4004,One Year,0,0,Male,0,,38.766036,-120.209673,0,20.15,0,0,0,Offer E,0,0,1,0,Mailed Check,1,0,0,4,0,0,0,0,9,163.7,0,437.49,0.0,601.19,0,0
79,23,17.3,4671,Two Year,0,1,Male,1,DSL,34.159534,-116.425984,1,84.1,1,0,1,,1,1,1,1,Credit Card,1,0,1,3,1,1,0,1,72,5981.65,0,1245.6,0.0,7227.25,1,0
64,0,16.13,6444,Two Year,1,0,Male,0,,38.240769,-122.901041,1,19.6,0,3,6,Offer A,0,0,1,1,Bank Withdrawal,1,0,1,5,0,0,0,0,71,1387.45,0,1145.23,0.0,2532.68,0,0
40,0,30.86,5570,Two Year,0,0,Male,0,,34.234912,-118.153729,1,19.9,0,0,3,Offer A,0,0,0,1,Credit Card,1,0,1,5,0,0,0,0,69,1363.45,0,2129.34,0.0,3492.79,0,0
61,6,0.0,5045,Month-to-Month,0,0,Male,1,DSL,34.110845,-118.259595,1,30.05,0,0,9,,1,0,1,1,Credit Card,0,0,1,4,0,0,0,0,51,1529.45,0,0.0,0.0,1529.45,1,0
66,4,8.75,3828,One Year,0,0,Female,1,Fiber Optic,39.045246,-122.743181,0,80.25,1,0,0,,0,1,1,0,Bank Withdrawal,1,0,0,4,1,0,0,0,4,303.7,30,35.0,0.0,368.7,0,0
53,4,34.41,5189,One Year,0,0,Female,1,DSL,33.764018,-117.931507,0,64.4,1,0,0,Offer C,1,1,1,0,Mailed Check,1,1,0,2,0,0,0,0,34,2088.75,0,1169.94,0.0,3258.69,1,1
33,13,39.82,2595,One Year,0,1,Male,1,DSL,33.215251,-116.53633,1,78.75,1,0,3,,1,0,0,1,Credit Card,1,0,1,3,0,1,1,1,45,3600.65,0,1791.9,0.0,5392.55,1,0
24,27,37.97,6082,Two Year,1,1,Male,1,Fiber Optic,33.143826,-115.497485,1,114.35,1,3,7,Offer A,1,1,1,1,Bank Withdrawal,1,1,1,4,0,1,1,1,69,7665.8,10,2619.93,0.0,10295.73,0,0
72,29,27.56,6035,Month-to-Month,0,0,Female,1,Fiber Optic,33.819385,-117.600213,1,76.85,1,0,7,Offer B,0,0,1,1,Bank Withdrawal,1,1,1,3,1,0,0,0,56,4275.75,120,1543.36,0.0,5939.11,0,0
49,8,30.5,5723,Two Year,0,1,Female,1,Fiber Optic,40.142256,-123.852927,0,113.2,1,0,0,,1,1,1,0,Credit Card,1,1,0,4,0,1,1,1,35,3914.05,0,1067.5,0.0,4981.55,1,0
52,27,30.54,4059,Month-to-Month,0,0,Female,1,Fiber Optic,39.955164,-122.018567,0,70.55,0,0,0,Offer E,0,0,0,0,Credit Card,1,0,0,3,0,0,0,0,6,433.95,0,183.24,0.0,617.19,1,0
38,15,44.2,2762,Month-to-Month,0,0,Male,1,DSL,38.161321,-122.271588,1,55.05,0,0,6,,0,0,1,1,Bank Withdrawal,1,0,1,3,0,0,0,1,11,608.15,0,486.2,0.0,1094.35,1,0
57,6,21.86,4480,Month-to-Month,0,1,Male,1,Fiber Optic,33.569186,-117.640055,0,101.55,1,0,0,Offer E,0,0,1,0,Bank Withdrawal,1,0,0,3,0,1,1,1,3,298.35,0,65.58,0.0,363.93,1,1
46,4,0.0,5489,Two Year,0,0,Male,1,Cable,38.545775,-120.743325,0,44.55,0,0,0,,0,1,1,0,Mailed Check,0,1,0,3,0,1,1,0,8,343.45,0,0.0,0.0,343.45,1,0
79,11,28.88,4494,Two Year,0,0,Male,1,DSL,33.22784,-117.200024,0,64.55,1,0,0,Offer A,1,1,1,0,Bank Withdrawal,1,1,0,3,1,0,0,0,67,4250.1,0,1934.96,0.0,6185.06,1,0
63,22,10.43,5383,Month-to-Month,0,1,Female,1,Fiber Optic,34.050198,-118.210946,0,106.3,1,0,0,,1,0,1,0,Bank Withdrawal,1,0,0,2,0,1,1,1,41,4443.45,130,427.63,0.0,5001.08,0,1
48,0,46.86,4298,Month-to-Month,0,0,Female,0,,34.191842,-118.822796,1,19.6,0,0,1,,0,0,0,1,Credit Card,1,0,1,3,0,0,0,0,16,314.45,0,749.76,26.83,1037.38,0,0
36,19,0.0,4414,Month-to-Month,0,0,Female,1,DSL,37.900662,-122.052782,0,40.1,0,0,0,,1,0,1,0,Credit Card,0,0,0,2,0,1,1,0,7,293.3,0,0.0,0.0,293.3,1,1
29,59,31.27,5724,Two Year,0,1,Female,1,DSL,39.342587,-121.249833,1,84.3,1,0,1,,0,1,1,1,Bank Withdrawal,1,1,1,4,0,1,1,1,58,4916.4,0,1813.66,0.0,6730.06,1,0
24,0,22.78,4949,Two Year,1,0,Male,0,,36.757345,-119.818274,1,20.35,0,1,1,,0,0,0,1,Bank Withdrawal,1,0,1,3,0,0,0,0,72,1354.4,0,1640.16,0.0,2994.56,0,0
49,3,21.39,4740,One Year,0,1,Female,1,DSL,38.184914,-120.364085,0,73.85,1,0,0,Offer B,1,0,1,0,Bank Withdrawal,1,1,0,4,0,0,0,1,48,3581.4,60,1026.72,0.0,4668.12,0,0
58,19,0.0,2990,One Year,0,0,Female,1,DSL,37.424342,-122.165641,0,33.6,0,0,0,,0,1,1,0,Mailed Check,0,1,0,3,0,0,0,0,12,435.45,0,0.0,0.0,435.45,1,0
25,0,18.63,3960,Month-to-Month,1,0,Male,0,,37.848641,-122.515692,1,20.15,0,2,7,Offer E,0,0,1,1,Bank Withdrawal,1,0,1,3,0,0,0,0,1,20.15,0,18.63,0.0,38.78,0,0
42,27,0.0,5623,One Year,0,1,Female,1,DSL,38.527297,-122.810044,1,57.6,0,0,6,,1,1,0,1,Bank Withdrawal,0,0,1,4,0,1,1,1,24,1367.75,0,0.0,0.0,1367.75,1,0
26,52,33.46,2317,Month-to-Month,0,1,Female,1,Fiber Optic,37.972662,-122.491452,0,105.2,1,0,0,Offer B,0,1,1,0,Bank Withdrawal,1,0,0,1,0,1,1,1,42,4400.75,0,1405.32,40.15,5765.92,1,1
63,28,47.72,2110,Month-to-Month,0,1,Male,1,DSL,37.290606,-119.216328,0,55.2,0,0,0,Offer D,0,0,0,0,Credit Card,1,1,0,4,0,0,0,0,18,1058.1,0,858.96,0.0,1917.06,1,0
38,5,45.59,5684,Month-to-Month,0,0,Female,1,DSL,33.796568,-116.924723,0,43.95,0,0,0,,0,0,0,0,Credit Card,1,0,0,5,0,0,0,0,1,43.95,0,45.59,0.0,89.54,1,0
52,0,40.37,4501,Two Year,0,0,Female,0,,34.631362,-120.238218,1,25.3,1,0,1,Offer B,0,0,0,1,Bank Withdrawal,1,0,1,4,0,0,0,0,61,1554.9,0,2462.57,0.0,4017.47,0,0
43,18,31.57,3559,Month-to-Month,0,0,Male,1,Fiber Optic,39.562239,-121.14836,0,90.65,1,0,0,Offer E,0,1,0,0,Bank Withdrawal,1,0,0,3,0,0,0,1,4,367.95,0,126.28,0.0,494.23,1,0
63,0,4.76,3595,Month-to-Month,0,0,Female,0,,38.419088,-122.024568,0,20.55,0,0,0,,0,0,1,0,Mailed Check,1,0,0,3,0,0,0,0,10,187.35,0,47.6,0.0,234.95,0,0
47,4,0.0,2563,Month-to-Month,0,0,Female,1,DSL,35.28952,-116.092214,0,33.65,0,0,0,Offer E,1,1,1,0,Bank Withdrawal,0,0,0,2,0,0,0,0,4,137.85,0,0.0,0.0,137.85,1,1
56,12,47.18,4207,One Year,0,0,Female,1,Cable,34.061634,-117.893169,1,60.5,0,0,4,Offer B,1,1,1,1,Bank Withdrawal,1,1,1,3,0,0,0,0,51,3145.15,0,2406.18,0.0,5551.33,1,0
77,8,37.09,4499,One Year,0,1,Male,1,Fiber Optic,35.186644,-120.728305,1,100.55,0,0,10,Offer B,1,0,1,1,Bank Withdrawal,1,0,1,4,1,1,1,1,43,4304.0,0,1594.87,0.0,5898.87,1,0
30,71,22.33,5054,Two Year,0,1,Female,1,Cable,39.141934,-122.770679,1,90.1,1,0,2,,1,1,0,1,Bank Withdrawal,1,1,1,3,0,1,1,1,71,6310.9,0,1585.43,0.0,7896.33,1,0
74,23,39.63,4038,Month-to-Month,0,0,Female,1,Fiber Optic,39.884395,-122.587513,0,79.75,0,0,0,Offer E,0,0,1,0,Bank Withdrawal,1,0,0,3,1,1,0,0,2,159.4,10,79.26,0.0,248.66,0,1
55,19,19.25,6354,One Year,1,1,Female,1,DSL,37.238758,-121.828375,1,61.35,0,2,0,Offer B,1,1,0,1,Bank Withdrawal,1,0,0,3,0,0,0,0,65,3874.1,0,1251.25,0.0,5125.35,1,0
38,0,40.2,4258,Month-to-Month,0,0,Female,0,,39.904002,-121.527823,0,20.0,0,0,0,,0,0,0,0,Mailed Check,1,0,0,3,0,0,0,0,3,63.6,0,120.6,0.0,184.2,0,0
63,0,26.37,4402,One Year,0,0,Male,0,,37.515556,-122.502311,0,20.15,0,0,0,Offer D,0,0,0,0,Bank Withdrawal,1,0,0,4,0,0,0,0,23,405.6,0,606.51,0.0,1012.11,0,0
59,0,31.14,4672,Month-to-Month,1,0,Male,0,,32.898613,-117.202937,1,20.0,0,3,1,,0,0,1,1,Bank Withdrawal,1,0,1,1,0,0,0,0,15,288.05,0,467.1,0.0,755.15,0,1
56,18,0.0,5079,One Year,1,0,Male,1,DSL,32.690654,-115.431225,0,40.65,0,2,0,,0,1,1,0,Credit Card,0,0,0,3,0,0,0,1,25,970.55,0,0.0,0.0,970.55,1,0
33,23,0.0,4571,Month-to-Month,0,0,Female,1,DSL,36.545322,-119.642281,0,36.25,0,0,0,,1,0,0,0,Bank Withdrawal,0,1,0,3,0,0,0,0,10,374.0,0,0.0,0.0,374.0,1,0
22,69,35.59,5276,Month-to-Month,0,0,Female,1,Fiber Optic,32.948262,-117.256086,0,73.85,0,0,0,,1,0,1,0,Bank Withdrawal,1,0,0,3,0,0,1,0,56,4092.85,0,1993.04,0.0,6085.89,1,1
50,21,24.31,5472,One Year,0,1,Female,1,DSL,38.954144,-121.482536,0,55.85,1,0,0,,0,0,1,0,Mailed Check,1,0,0,2,0,0,0,0,17,937.5,0,413.27,0.0,1350.77,1,1
21,51,4.94,3847,Two Year,0,1,Male,1,Fiber Optic,37.284265,-121.827673,0,99.3,0,0,0,Offer C,0,0,0,0,Bank Withdrawal,1,1,0,4,0,1,1,1,25,2513.5,0,123.5,0.0,2637.0,1,0
34,19,14.98,6251,Two Year,0,1,Male,1,Fiber Optic,40.726949,-124.217378,1,113.75,1,0,9,Offer B,1,1,0,1,Bank Withdrawal,1,1,1,3,0,1,1,1,59,6561.25,0,883.82,0.0,7445.07,1,0
41,53,48.08,2622,Month-to-Month,1,0,Male,1,Fiber Optic,33.867257,-118.330794,1,89.65,1,3,4,,1,0,1,1,Bank Withdrawal,1,0,1,3,0,0,0,1,35,3161.6,40,1682.8,0.0,4884.4,0,0
80,8,47.97,2825,Month-to-Month,0,0,Female,1,Fiber Optic,35.842889,-121.004862,0,70.15,0,0,0,,0,0,1,0,Bank Withdrawal,1,0,0,2,1,0,0,0,1,70.15,0,47.97,0.0,118.12,1,1
23,0,10.97,5409,Month-to-Month,0,0,Female,0,,37.504133,-122.032347,0,19.5,0,0,0,Offer D,0,0,1,0,Bank Withdrawal,1,0,0,3,0,0,0,0,20,413.0,0,219.4,0.0,632.4,0,0
66,20,15.44,4045,Month-to-Month,0,1,Male,1,Fiber Optic,36.727418,-120.123526,1,91.55,0,0,1,,0,0,1,1,Bank Withdrawal,1,1,1,5,1,1,1,0,16,1540.05,0,247.04,0.0,1787.09,1,0
38,22,36.21,5437,One Year,1,1,Male,1,Fiber Optic,34.030578,-118.399613,1,103.4,0,1,2,,1,0,1,1,Bank Withdrawal,1,1,1,5,0,1,1,1,50,5236.4,0,1810.5,0.0,7046.9,1,0
78,26,0.0,4933,Two Year,0,1,Male,1,Cable,34.137742,-114.36514,1,63.1,0,0,8,Offer A,1,1,1,1,Bank Withdrawal,0,1,1,3,1,1,1,1,72,4685.55,0,0.0,0.0,4685.55,1,0
61,30,32.86,4310,One Year,0,0,Male,1,Cable,39.396585,-121.38029,1,74.4,0,0,10,Offer C,0,1,0,1,Bank Withdrawal,1,1,1,3,0,1,1,1,24,1712.9,0,788.64,0.0,2501.54,1,0
38,0,22.34,4909,Month-to-Month,0,0,Male,0,,33.429488,-117.609432,1,19.55,0,0,7,,0,0,1,1,Bank Withdrawal,1,0,1,5,0,0,0,0,8,161.15,0,178.72,0.0,339.87,0,0
22,73,8.33,5377,One Year,0,1,Female,1,Fiber Optic,33.148116,-117.306043,0,100.3,0,0,0,Offer B,1,0,1,0,Mailed Check,1,0,0,4,0,1,1,1,53,5200.8,0,441.49,0.0,5642.29,1,0
49,0,41.99,5336,Two Year,0,0,Female,0,,37.386978,-122.177746,0,19.8,0,0,0,,0,0,0,0,Credit Card,1,0,0,5,0,0,0,0,37,813.3,0,1553.63,0.0,2366.93,0,0
37,14,46.16,4938,Two Year,0,1,Male,1,Fiber Optic,34.238162,-117.534306,1,110.9,1,0,6,Offer A,0,1,1,1,Credit Card,1,1,1,3,0,1,1,1,72,8240.85,0,3323.52,0.0,11564.37,1,0
53,23,39.38,2421,Month-to-Month,0,0,Male,1,Fiber Optic,34.167465,-118.165327,0,69.65,0,0,0,Offer E,0,0,0,0,Bank Withdrawal,1,0,0,2,0,0,0,0,3,220.1,0,118.14,0.0,338.24,1,1
19,27,44.66,3442,One Year,1,1,Female,1,DSL,34.015481,-118.493231,1,69.7,0,1,6,Offer B,0,1,0,1,Bank Withdrawal,1,1,1,3,0,0,0,1,48,3023.65,0,2143.68,0.0,5167.33,1,0
67,5,3.18,4662,Month-to-Month,0,1,Male,1,Fiber Optic,34.613476,-118.256358,1,98.7,1,0,1,Offer B,0,0,1,1,Bank Withdrawal,1,0,1,1,1,1,1,1,58,5812.6,0,184.44,0.0,5997.04,1,1
28,0,1.22,5114,Two Year,1,0,Male,0,,33.081478,-117.033814,1,25.15,1,3,0,,0,0,0,1,Credit Card,1,0,0,3,0,0,0,0,70,1790.15,0,85.4,0.0,1875.55,0,0
55,0,1.87,5914,Two Year,0,0,Male,0,,36.789213,-119.140338,1,19.8,0,0,5,Offer B,0,0,0,1,Bank Withdrawal,1,0,1,4,0,0,0,0,50,1013.2,0,93.5,0.0,1106.7,0,0
62,2,0.0,2431,Month-to-Month,0,1,Female,1,DSL,32.853743,-117.25034,0,35.75,0,0,0,Offer C,0,0,1,0,Mailed Check,0,1,0,4,0,0,0,0,28,961.4,0,0.0,0.0,961.4,1,0
46,6,15.52,5242,Two Year,0,1,Male,1,Cable,35.391733,-118.984109,1,67.8,1,0,1,,1,1,1,1,Bank Withdrawal,1,1,1,3,0,0,0,0,72,4804.65,0,1117.44,0.0,5922.09,1,0
39,14,12.46,3980,Month-to-Month,0,0,Female,1,DSL,35.453912,-120.69461,0,45.35,0,0,0,,0,0,0,0,Credit Card,1,0,0,4,0,0,0,0,1,45.35,0,12.46,0.0,57.81,1,0
42,0,33.18,4097,Month-to-Month,0,0,Male,0,,39.045246,-122.743181,0,18.95,0,0,0,Offer E,0,0,1,0,Credit Card,1,0,0,5,0,0,0,0,7,130.55,0,232.26,0.0,362.81,0,0
32,17,0.0,2793,Month-to-Month,1,0,Female,1,DSL,34.1678,-116.86433,1,29.6,0,2,1,,0,1,1,1,Bank Withdrawal,0,0,1,4,0,0,0,0,11,346.45,0,0.0,27.24,319.21,1,0
58,12,43.28,4243,Month-to-Month,0,0,Male,1,Fiber Optic,38.274451,-121.259201,1,99.85,0,0,5,,1,0,1,1,Bank Withdrawal,1,1,1,1,0,1,1,1,10,990.9,0,432.8,0.0,1423.7,1,1
70,24,24.13,5651,Month-to-Month,0,0,Female,1,Fiber Optic,38.493888,-122.777141,1,89.6,1,0,1,Offer A,1,0,1,1,Bank Withdrawal,1,0,1,1,1,1,0,0,68,6127.6,0,1640.84,0.0,7768.44,1,1
67,10,4.4,5692,Two Year,0,1,Male,1,Fiber Optic,33.902045,-118.008961,0,109.05,1,0,0,,0,1,1,0,Bank Withdrawal,1,1,0,3,1,1,1,1,65,7108.2,0,286.0,34.67,7359.53,1,0
75,25,23.04,4993,Two Year,0,1,Male,1,Fiber Optic,33.956445,-118.358634,0,110.75,1,0,0,,1,0,1,0,Bank Withdrawal,1,1,0,5,1,1,1,1,52,5832.0,0,1198.08,6.26,7023.82,1,0
23,0,18.15,2798,Month-to-Month,0,0,Male,0,,35.607875,-118.466318,0,20.05,0,0,0,,0,0,0,0,Credit Card,1,0,0,5,0,0,0,0,1,20.05,0,18.15,0.0,38.2,0,0
51,22,49.79,4381,Month-to-Month,0,0,Female,1,Fiber Optic,34.360261,-119.306383,0,80.2,0,0,0,Offer E,0,0,1,0,Bank Withdrawal,1,0,0,2,0,0,0,1,2,146.05,10,99.58,0.0,255.63,0,1
29,59,12.12,5701,Month-to-Month,0,0,Female,1,Cable,37.327069,-121.916819,1,54.1,1,0,8,,1,0,0,1,Bank Withdrawal,1,0,1,3,0,0,0,0,25,1373.0,110,303.0,0.0,1786.0,0,0
54,22,2.24,4661,Month-to-Month,0,0,Female,1,DSL,40.883853,-122.418258,0,59.5,0,0,0,Offer E,0,0,1,0,Credit Card,1,1,0,3,0,0,0,1,7,415.95,0,15.68,0.0,431.63,1,1
24,0,12.85,5045,Two Year,1,0,Female,0,,32.85723,-117.209774,1,19.7,0,1,1,,0,0,0,1,Credit Card,1,0,1,3,0,0,0,0,30,599.25,0,385.5,49.79,934.96,0,0
46,15,3.18,6216,Two Year,0,1,Male,1,Fiber Optic,34.956577,-119.750142,1,110.1,0,0,8,,1,1,1,1,Credit Card,1,1,1,3,0,1,1,1,63,6705.7,0,200.34,0.0,6906.04,1,0
49,28,32.02,2517,One Year,0,0,Female,1,DSL,33.946982,-116.977672,1,66.5,0,0,1,,1,0,1,1,Bank Withdrawal,1,1,1,3,0,1,1,0,41,2728.6,0,1312.82,0.0,4041.42,1,1
47,14,41.79,2908,Month-to-Month,0,0,Male,1,DSL,35.391733,-118.984109,0,49.75,0,0,0,Offer E,0,1,0,0,Bank Withdrawal,1,0,0,4,0,0,0,0,1,49.75,0,41.79,0.0,91.54,1,0
23,41,0.0,3443,Month-to-Month,1,0,Female,1,Cable,33.88856,-118.351813,1,50.55,0,1,1,,0,1,0,1,Bank Withdrawal,0,0,1,3,0,1,1,1,11,565.35,0,0.0,0.0,565.35,1,0
21,69,38.69,4359,Month-to-Month,0,0,Male,1,Cable,38.067204,-122.524004,0,90.6,1,0,0,,0,0,1,0,Bank Withdrawal,1,1,0,2,0,0,1,1,23,1943.2,0,889.87,4.73,2828.34,1,1
31,0,39.98,4954,Month-to-Month,1,0,Male,0,,40.372532,-123.525626,1,20.25,0,1,9,,0,0,0,1,Credit Card,1,0,1,3,0,0,0,0,7,144.35,0,279.86,0.0,424.21,0,0
53,0,1.3,5221,Month-to-Month,0,0,Female,0,,34.457541,-119.631072,0,20.15,0,0,0,Offer E,0,0,1,0,Credit Card,1,0,0,3,0,0,0,0,4,68.45,0,5.2,0.0,73.65,0,0
57,20,17.65,5699,Month-to-Month,0,0,Female,1,Fiber Optic,32.825086,-117.199424,0,86.45,1,0,0,,0,0,0,0,Bank Withdrawal,1,0,0,2,0,1,1,0,10,830.85,0,176.5,0.0,1007.35,1,1
37,0,7.27,5113,Month-to-Month,1,0,Male,0,,34.102119,-117.815532,1,20.3,0,2,5,Offer E,0,0,0,1,Credit Card,1,0,1,4,0,0,0,0,2,40.25,0,14.54,0.0,54.79,0,0
59,15,3.93,2202,Two Year,0,0,Male,1,DSL,37.553469,-120.952825,0,49.8,0,0,0,Offer C,0,0,1,0,Bank Withdrawal,1,1,0,4,0,0,0,0,39,1971.15,0,153.27,0.0,2124.42,1,0
39,17,26.7,4754,One Year,1,0,Female,1,Cable,40.586588,-122.903677,1,65.8,0,2,5,Offer B,0,1,0,1,Mailed Check,1,1,1,3,0,0,0,1,64,4068.0,20,1708.8,27.79,5769.01,0,0
21,48,47.74,3316,Month-to-Month,0,1,Male,1,Fiber Optic,39.396585,-121.38029,0,104.7,1,0,0,,1,0,1,0,Bank Withdrawal,1,0,0,1,0,1,1,1,41,4346.4,0,1957.34,0.0,6303.74,1,1
42,20,18.74,4995,Month-to-Month,0,1,Female,1,Cable,40.022184,-121.062384,0,75.35,0,0,0,Offer D,0,0,0,0,Bank Withdrawal,1,0,0,2,0,0,0,0,14,1025.95,0,262.36,0.0,1288.31,1,1
33,3,32.46,5587,Month-to-Month,0,1,Female,1,Fiber Optic,32.825086,-117.199424,0,87.1,1,0,0,,0,0,1,0,Mailed Check,1,1,0,2,0,0,0,0,4,341.45,0,129.84,0.0,471.29,1,1
65,11,34.23,4143,Two Year,0,0,Male,1,Fiber Optic,38.606703,-120.586659,0,105.05,0,0,0,,1,1,1,0,Bank Withdrawal,1,1,0,4,1,1,1,1,67,7171.7,0,2293.41,0.0,9465.11,1,0
68,17,22.05,4118,One Year,0,1,Female,1,Fiber Optic,33.944624,-118.192615,1,99.1,0,0,1,,0,0,1,1,Bank Withdrawal,1,1,1,5,1,1,1,1,54,5437.1,0,1190.7,0.0,6627.8,1,0
39,23,35.03,5649,One Year,0,1,Female,1,Fiber Optic,37.449551,-122.183762,1,111.25,1,0,1,,0,1,1,1,Bank Withdrawal,1,1,1,3,0,1,1,1,67,7511.65,0,2347.01,0.0,9858.66,1,0
61,26,19.93,4228,Month-to-Month,0,1,Female,1,Fiber Optic,34.17051,-118.289463,0,77.8,0,0,0,,1,0,0,0,Bank Withdrawal,1,0,0,5,0,0,0,0,18,1358.6,0,358.74,29.76,1687.58,1,0
25,52,19.23,3807,Month-to-Month,0,0,Male,1,Fiber Optic,37.828416,-122.216005,1,89.75,0,0,1,,1,0,1,1,Bank Withdrawal,1,1,1,2,0,0,0,1,7,608.8,0,134.61,26.02,717.39,1,1
54,0,13.13,4066,One Year,0,0,Female,0,,37.59485,-122.051521,1,19.0,0,0,3,Offer B,0,0,0,1,Credit Card,1,0,1,3,0,0,0,0,49,918.7,0,643.37,0.0,1562.07,0,0
54,12,39.42,5247,Month-to-Month,0,1,Female,1,Fiber Optic,36.902954,-120.194274,0,99.45,1,0,0,Offer B,1,1,1,0,Bank Withdrawal,1,0,0,3,0,1,1,0,59,5623.7,30,2325.78,0.0,7979.48,0,0
77,10,3.27,4578,One Year,1,1,Male,1,Fiber Optic,39.607831,-121.777959,1,116.25,1,2,0,,1,1,1,1,Bank Withdrawal,1,1,0,3,1,1,0,1,66,7862.25,0,215.82,0.0,8078.07,1,0
56,13,12.35,5225,Month-to-Month,0,0,Male,1,Fiber Optic,33.964131,-118.272783,0,80.1,0,0,0,,0,0,1,0,Credit Card,1,0,0,3,0,0,0,1,5,398.55,0,61.75,0.0,460.3,1,0
50,13,45.97,5283,One Year,0,0,Male,1,DSL,32.688506,-116.938632,1,69.0,1,0,6,Offer C,1,0,1,1,Bank Withdrawal,1,1,1,3,0,0,0,1,35,2441.7,0,1608.95,0.0,4050.65,1,0
57,29,7.47,5071,One Year,1,1,Female,1,DSL,36.768774,-119.762633,1,78.45,1,3,8,,1,1,1,1,Bank Withdrawal,1,1,1,5,0,1,1,0,68,5333.35,0,507.96,0.0,5841.31,1,0
69,12,16.22,2984,Month-to-Month,0,1,Female,1,Fiber Optic,40.408796,-121.579609,0,104.75,1,0,0,,1,0,1,0,Bank Withdrawal,1,0,0,1,1,1,0,1,42,4323.45,0,681.24,0.0,5004.69,1,1
29,69,41.82,5713,One Year,0,1,Female,1,Fiber Optic,34.101608,-118.055848,1,111.8,1,0,3,,1,0,1,1,Bank Withdrawal,1,1,1,3,0,1,1,1,53,5809.75,0,2216.46,0.0,8026.21,1,0
76,17,7.72,3253,One Year,0,1,Female,1,DSL,34.031529,-118.491156,0,74.85,0,0,0,,0,0,0,0,Bank Withdrawal,1,1,0,5,1,1,1,1,44,3268.05,0,339.68,17.91,3589.82,1,0
22,59,38.52,5570,Month-to-Month,0,1,Female,1,Fiber Optic,33.927254,-118.249826,1,104.4,1,0,1,Offer D,0,1,1,1,Bank Withdrawal,1,0,1,1,0,1,1,1,21,2200.25,0,808.92,0.0,3009.17,1,1
48,22,23.67,4610,Two Year,0,1,Male,1,Fiber Optic,34.402343,-119.094824,1,113.15,1,0,1,Offer A,1,1,1,1,Bank Withdrawal,1,1,1,1,0,1,1,1,68,7856.0,0,1609.56,0.0,9465.56,1,1
78,24,46.77,4074,Two Year,0,1,Female,1,DSL,34.238208,-118.55029,1,67.45,1,0,1,,1,1,1,1,Credit Card,1,0,1,3,1,0,0,0,47,3252.0,0,2198.19,0.0,5450.19,1,0
51,10,14.54,3723,Month-to-Month,0,1,Female,1,Fiber Optic,36.636638,-119.421842,0,106.35,1,0,0,Offer B,1,0,1,0,Bank Withdrawal,1,0,0,4,0,1,1,1,47,4849.1,0,683.38,0.0,5532.48,1,0
35,6,32.31,4437,Month-to-Month,0,0,Female,1,Fiber Optic,33.458754,-117.665104,0,84.95,0,0,0,,0,1,0,0,Bank Withdrawal,1,0,0,1,0,0,0,1,8,668.4,0,258.48,0.0,926.88,1,1
41,23,42.92,3486,Month-to-Month,0,0,Male,1,Fiber Optic,39.346898,-121.759537,0,100.55,0,0,0,,1,0,0,0,Bank Withdrawal,1,1,0,2,0,1,1,1,44,4398.15,0,1888.48,0.0,6286.63,1,1
64,29,4.71,4374,Two Year,0,1,Female,1,DSL,33.748635,-117.906125,1,64.05,0,0,10,,1,1,0,1,Credit Card,1,1,1,4,0,0,0,0,71,4492.9,0,334.41,0.0,4827.31,1,0
64,28,33.41,4278,Month-to-Month,0,1,Female,1,Fiber Optic,41.171578,-120.913161,0,82.3,0,0,0,Offer E,1,0,1,0,Bank Withdrawal,1,0,0,1,0,0,0,0,1,82.3,0,33.41,0.0,115.71,1,1
59,18,39.68,4249,Month-to-Month,0,1,Female,1,Fiber Optic,37.343827,-121.883119,0,94.4,0,0,0,Offer E,0,1,1,0,Bank Withdrawal,1,1,0,1,0,1,1,0,4,387.2,0,158.72,0.0,545.92,1,1
39,53,9.0,5969,Month-to-Month,1,0,Female,1,Cable,36.488056,-120.407691,0,49.9,0,3,0,Offer E,0,1,0,0,Credit Card,1,0,0,3,0,0,0,0,1,49.9,0,9.0,0.0,58.9,1,0
69,2,15.85,5933,Two Year,0,1,Female,1,Fiber Optic,37.653947,-118.231443,1,110.8,1,0,8,Offer A,1,0,1,1,Credit Card,1,1,1,5,1,1,0,1,72,7882.25,0,1141.2,0.0,9023.45,1,0
60,0,2.69,5949,Month-to-Month,0,0,Female,0,,37.435664,-121.049056,0,19.95,0,0,0,,0,0,0,0,Credit Card,1,0,0,3,0,0,0,0,3,58.0,0,8.07,0.0,66.07,0,0
68,17,48.51,5881,Two Year,0,1,Female,1,Cable,35.634488,-120.293534,1,89.85,1,0,0,Offer A,1,1,1,1,Bank Withdrawal,1,1,0,3,1,1,0,1,72,6697.35,0,3492.72,0.0,10190.07,1,0
65,30,41.17,4103,Two Year,0,1,Female,1,Fiber Optic,37.924838,-122.289145,0,104.45,1,0,0,Offer B,1,0,1,0,Bank Withdrawal,1,0,0,3,1,1,1,1,46,4863.85,0,1893.82,36.78,6720.89,1,0
47,6,3.26,2074,One Year,0,0,Male,1,DSL,40.346634,-120.386422,0,59.45,0,0,0,Offer C,0,0,0,0,Credit Card,1,1,0,4,0,0,0,1,26,1507.0,0,84.76,0.0,1591.76,1,0
25,76,48.98,6407,Two Year,0,0,Female,1,Cable,34.046174,-118.446333,1,59.9,1,0,1,Offer B,1,0,1,1,Credit Card,1,1,1,3,0,0,0,0,58,3505.1,0,2840.84,0.0,6345.94,1,0
30,30,28.58,5007,Two Year,0,1,Male,1,Cable,33.946982,-116.977672,1,90.55,1,0,2,Offer A,1,1,0,1,Bank Withdrawal,1,1,1,4,0,1,1,1,71,6404.0,0,2029.18,0.0,8433.18,1,0
25,0,24.57,2347,Two Year,1,0,Male,0,,34.084747,-117.886844,1,19.9,0,1,1,Offer E,0,0,0,1,Mailed Check,1,0,1,4,0,0,0,0,4,76.65,0,98.28,0.0,174.93,0,0
50,20,33.66,4294,Month-to-Month,0,0,Female,1,Fiber Optic,38.227285,-121.02789,0,83.85,1,0,0,Offer B,0,0,0,0,Bank Withdrawal,1,0,0,4,0,1,1,0,40,3532.25,0,1346.4,0.0,4878.65,1,0
68,25,41.83,2516,Month-to-Month,0,0,Female,1,Fiber Optic,34.110845,-118.259595,0,83.15,1,0,0,,0,0,1,0,Credit Card,1,0,0,3,1,0,0,1,5,446.05,0,209.15,0.0,655.2,1,1
54,17,1.31,4545,Two Year,0,1,Female,1,Fiber Optic,37.161544,-121.649371,1,99.0,0,0,9,,0,0,1,1,Credit Card,1,1,1,4,0,1,1,1,42,4135.0,0,55.02,0.0,4190.02,1,0
34,21,3.95,4741,One Year,0,1,Male,1,Fiber Optic,34.015481,-118.493231,0,95.0,1,0,0,Offer C,0,0,0,0,Bank Withdrawal,1,1,0,5,0,0,0,1,38,3605.6,0,150.1,0.0,3755.7,1,0
51,0,20.6,4368,Two Year,1,0,Female,0,,33.720359,-117.733655,1,21.1,0,3,9,Offer C,0,0,1,1,Credit Card,1,0,1,5,0,0,0,0,24,490.65,0,494.4,0.0,985.05,0,0
62,15,37.11,2729,Month-to-Month,0,0,Male,1,DSL,37.881842,-121.848111,0,55.1,0,0,0,,0,1,0,0,Mailed Check,1,1,0,3,0,0,0,0,22,1253.15,0,816.42,0.0,2069.57,1,0
51,15,3.0,4734,Month-to-Month,0,1,Male,1,Fiber Optic,33.527605,-116.666551,1,104.65,1,0,2,Offer C,1,0,1,1,Bank Withdrawal,1,0,1,3,0,1,1,1,24,2542.45,0,72.0,0.0,2614.45,1,1
56,0,27.62,3163,Two Year,1,0,Female,0,,40.346634,-120.386422,1,20.85,0,3,6,,0,0,0,1,Credit Card,1,0,1,4,0,0,0,0,13,272.35,0,359.06,0.0,631.41,0,0
69,21,4.14,6034,One Year,0,1,Male,1,Fiber Optic,32.636792,-117.054989,0,94.0,0,0,0,,0,0,1,0,Bank Withdrawal,1,0,0,4,1,1,1,1,51,4905.75,0,211.14,0.0,5116.89,1,0
61,26,37.83,3794,Month-to-Month,0,0,Female,1,Cable,38.517295,-121.439819,1,100.0,1,0,1,,1,0,1,1,Bank Withdrawal,1,0,1,1,0,1,1,1,16,1534.75,0,605.28,0.0,2140.03,1,1
47,20,10.36,2545,Month-to-Month,1,0,Male,1,DSL,34.1528,-118.000482,1,51.3,0,1,7,,0,1,1,1,Credit Card,1,0,1,4,0,0,0,0,8,411.6,0,82.88,15.02,479.46,1,0
41,19,0.0,4451,Two Year,1,1,Male,1,DSL,34.074736,-118.145959,1,46.0,0,1,0,Offer B,0,0,0,1,Credit Card,0,1,0,4,0,1,1,0,54,2424.05,90,0.0,0.0,2514.05,0,0
62,23,0.0,2469,Month-to-Month,0,0,Female,1,Cable,34.008293,-118.346766,0,44.8,0,0,0,,1,1,1,0,Bank Withdrawal,0,0,0,3,0,0,0,1,48,2104.55,0,0.0,0.0,2104.55,1,0
56,0,4.9,5707,Two Year,0,0,Male,0,,38.618347,-122.908422,0,25.75,1,0,0,,0,0,0,0,Credit Card,1,0,0,5,0,0,0,0,65,1654.75,0,318.5,41.74,1931.51,0,0
63,0,13.08,4496,Month-to-Month,0,0,Male,0,,33.744439,-117.98588,0,20.2,0,0,0,,0,0,0,0,Credit Card,1,0,0,5,0,0,0,0,1,20.2,0,13.08,0.0,33.28,0,0
34,3,32.92,2502,Month-to-Month,0,0,Female,1,Fiber Optic,38.121601,-120.133915,0,80.25,0,0,0,Offer E,0,0,1,0,Bank Withdrawal,1,0,0,2,0,0,0,1,1,80.25,0,32.92,0.0,113.17,1,1
31,0,4.72,4260,Two Year,0,0,Male,0,,33.507255,-117.029473,0,19.8,0,0,0,,0,0,1,0,Credit Card,1,0,0,3,0,0,0,0,67,1311.3,0,316.24,0.0,1627.54,0,0
35,25,0.0,5748,Two Year,1,1,Male,1,Cable,34.02381,-118.156582,1,56.75,0,3,4,,1,0,1,1,Credit Card,0,0,1,3,0,1,1,1,66,3708.4,0,0.0,0.0,3708.4,1,0
57,9,4.5,5229,Two Year,0,1,Male,1,DSL,32.99356,-117.207121,1,62.8,1,0,6,,0,1,1,1,Credit Card,1,1,1,3,0,0,0,0,37,2278.75,0,166.5,16.97,2428.28,1,0
20,52,4.76,4633,Two Year,1,1,Male,1,DSL,33.946982,-116.977672,0,76.9,0,3,0,Offer A,1,1,1,0,Credit Card,1,1,0,3,0,0,0,1,71,5522.7,0,337.96,0.0,5860.66,1,0
63,28,27.7,5855,Two Year,0,0,Female,1,Fiber Optic,37.959706,-121.287669,0,109.65,1,0,0,,1,1,1,0,Bank Withdrawal,1,1,0,1,0,1,1,1,50,5551.15,0,1385.0,0.0,6936.15,1,1
51,24,33.37,5935,One Year,0,1,Male,1,Fiber Optic,37.352911,-122.093002,1,107.2,1,0,8,Offer A,1,1,1,1,Credit Card,1,1,1,4,0,1,1,0,69,7317.1,0,2302.53,0.0,9619.63,1,0
44,24,45.7,5011,Month-to-Month,0,1,Male,1,Fiber Optic,37.95338,-122.076886,1,105.55,1,0,1,,1,0,1,1,Bank Withdrawal,1,0,1,1,0,1,1,1,61,6281.45,0,2787.7,0.0,9069.15,1,1
53,9,0.0,2548,Month-to-Month,0,0,Male,1,DSL,37.648647,-119.231447,0,35.25,0,0,0,,0,0,1,0,Bank Withdrawal,0,0,0,2,0,1,1,0,1,35.25,0,0.0,0.0,35.25,1,1
47,0,6.86,2195,One Year,0,0,Male,0,,34.943523,-120.256729,0,19.95,0,0,0,,0,0,0,0,Credit Card,1,0,0,4,0,0,0,0,4,68.2,0,27.44,0.0,95.64,0,0
63,19,21.72,3409,Month-to-Month,1,0,Male,1,Fiber Optic,33.713891,-116.237257,1,85.45,1,2,9,,0,0,0,1,Bank Withdrawal,1,0,1,3,0,0,0,1,30,2509.95,120,651.6,23.13,3258.42,0,0
72,28,16.36,2415,One Year,0,0,Female,1,Fiber Optic,32.716007,-117.117462,0,89.15,0,0,0,,0,0,1,0,Bank Withdrawal,1,0,0,5,1,1,0,1,7,574.35,0,114.52,0.0,688.87,1,0
57,0,37.9,3591,Month-to-Month,1,0,Female,0,,33.680302,-117.833296,1,20.05,0,1,3,,0,0,0,1,Credit Card,1,0,1,4,0,0,0,0,15,284.3,0,568.5,0.0,852.8,0,0
42,29,11.79,2569,Month-to-Month,0,0,Female,1,DSL,33.958149,-118.308441,1,76.2,1,0,1,Offer D,1,1,1,1,Bank Withdrawal,1,1,1,5,0,0,0,1,13,981.45,0,153.27,0.0,1134.72,1,0
37,23,0.0,3314,One Year,0,1,Male,1,Cable,33.897122,-118.164432,1,35.35,0,0,7,Offer C,0,1,0,1,Mailed Check,0,0,1,4,0,0,0,0,36,1317.95,0,0.0,0.0,1317.95,1,0
70,23,48.95,4684,Month-to-Month,0,0,Female,1,Fiber Optic,33.787298,-117.320676,0,74.2,1,0,0,Offer E,0,0,1,0,Bank Withdrawal,1,0,0,2,1,0,0,0,1,74.2,0,48.95,0.0,123.15,1,1
19,58,44.36,2833,Month-to-Month,0,0,Female,1,DSL,34.137411,-118.328915,0,54.9,0,0,0,,1,1,1,0,Bank Withdrawal,1,0,0,1,0,0,1,0,1,54.9,0,44.36,0.0,99.26,1,1
45,0,37.79,5987,Two Year,0,0,Male,0,,33.888323,-117.277533,0,24.15,1,0,0,,0,0,1,0,Bank Withdrawal,1,0,0,4,0,0,0,0,68,1498.85,0,2569.72,0.0,4068.57,0,0
55,24,16.29,5657,Month-to-Month,0,0,Female,1,Fiber Optic,33.833181,-118.292062,1,74.1,1,0,1,,0,0,1,1,Credit Card,1,0,1,1,0,0,0,0,3,228.0,0,48.87,0.0,276.87,1,1
51,10,0.0,4359,Month-to-Month,0,1,Female,1,DSL,38.672708,-122.403219,1,48.75,0,0,1,,0,0,1,1,Bank Withdrawal,0,0,1,2,0,1,1,1,9,442.2,10,0.0,0.0,452.2,0,1
53,25,17.07,4954,One Year,1,0,Female,1,DSL,37.422961,-120.765493,1,53.85,1,2,10,Offer B,1,0,1,1,Bank Withdrawal,1,0,1,4,0,0,0,0,64,3399.85,0,1092.48,0.0,4492.33,1,0
41,2,0.0,4452,Month-to-Month,0,0,Female,1,Cable,37.633361,-121.862395,0,34.85,0,0,0,Offer C,1,0,1,0,Bank Withdrawal,0,1,0,4,0,0,0,0,36,1267.2,0,0.0,0.0,1267.2,1,0
77,5,14.52,2728,Month-to-Month,0,1,Male,1,Fiber Optic,34.419203,-119.710008,1,110.75,1,0,1,Offer B,1,0,1,1,Bank Withdrawal,1,1,1,2,1,1,0,1,43,4687.9,0,624.36,0.0,5312.26,1,1
49,17,19.8,3378,One Year,0,1,Male,1,Cable,33.507255,-117.029473,1,67.5,0,0,1,,0,1,1,1,Bank Withdrawal,1,1,1,1,0,0,0,1,22,1544.05,0,435.6,0.0,1979.65,1,1
32,0,15.02,5411,Two Year,1,0,Male,0,,34.43987,-118.644609,0,19.75,0,2,0,Offer B,0,0,0,0,Mailed Check,1,0,0,4,0,0,0,0,61,1124.2,0,916.22,0.0,2040.42,0,0
21,42,29.74,5269,Month-to-Month,0,1,Female,1,Fiber Optic,34.137411,-118.328915,0,82.75,1,0,0,Offer E,0,0,1,0,Bank Withdrawal,1,1,0,4,0,0,0,0,5,417.75,0,148.7,0.0,566.45,1,0
54,20,46.91,5886,Month-to-Month,0,0,Male,1,Fiber Optic,35.280113,-118.962329,1,93.0,1,0,7,,0,0,1,1,Bank Withdrawal,1,0,1,5,0,1,1,1,24,2248.05,40,1125.84,0.0,3413.89,0,0
45,16,19.39,5274,Month-to-Month,0,0,Male,1,DSL,36.205465,-119.085807,0,50.9,0,0,0,,0,1,1,0,Bank Withdrawal,1,0,0,3,0,0,0,0,45,2298.55,0,872.55,0.0,3171.1,1,0
39,4,22.34,5167,Month-to-Month,0,1,Female,1,Fiber Optic,40.740138,-122.587476,0,81.55,0,0,0,Offer B,1,0,1,0,Bank Withdrawal,1,0,0,3,0,0,0,0,55,4509.5,0,1228.7,0.0,5738.2,1,0
69,3,47.06,4374,One Year,0,1,Male,1,Fiber Optic,38.748316,-120.675512,0,73.85,0,0,0,Offer B,0,0,0,0,Bank Withdrawal,1,0,0,5,1,0,0,0,44,3122.4,100,2070.64,0.0,5293.04,0,0
20,51,10.05,4063,Month-to-Month,0,0,Female,1,Fiber Optic,34.078991,-118.263804,0,70.25,0,0,0,,0,0,1,0,Bank Withdrawal,1,0,0,4,0,0,0,0,1,70.25,10,10.05,0.0,90.3,0,0
21,52,6.19,2565,Month-to-Month,0,0,Female,1,Fiber Optic,32.85723,-117.209774,0,73.6,0,0,0,,0,1,1,0,Credit Card,1,0,0,1,0,0,1,0,1,73.6,0,6.19,0.0,79.79,1,1
42,27,40.86,4937,Two Year,1,1,Male,1,Fiber Optic,39.724433,-123.767578,1,115.85,1,3,8,Offer B,1,1,0,1,Credit Card,1,1,1,3,0,1,1,1,56,6567.9,0,2288.16,0.0,8856.06,1,0
46,24,26.44,5667,Month-to-Month,0,0,Female,1,Fiber Optic,38.240769,-122.901041,0,69.75,0,0,0,,0,0,0,0,Bank Withdrawal,1,0,0,1,0,0,0,0,2,144.55,0,52.88,0.0,197.43,1,1
61,20,28.55,2748,Month-to-Month,1,1,Male,1,Cable,35.924252,-116.188668,1,74.55,1,2,4,Offer B,1,1,1,1,Credit Card,1,0,1,3,0,0,0,1,41,3023.55,0,1170.55,0.0,4194.1,1,0
57,0,44.88,3838,Month-to-Month,1,0,Female,0,,33.194742,-117.29032,0,19.7,0,1,0,Offer D,0,0,0,0,Credit Card,1,0,0,4,0,0,0,0,11,216.2,0,493.68,0.0,709.88,0,0
19,0,40.28,4394,Month-to-Month,0,0,Male,0,,33.714829,-117.872941,0,20.05,0,0,0,,0,0,0,0,Credit Card,1,0,0,5,0,0,0,0,2,42.7,0,80.56,0.0,123.26,0,0
48,0,8.53,5092,Two Year,1,0,Male,0,,36.413433,-118.854708,1,19.95,0,2,0,Offer A,0,0,0,1,Bank Withdrawal,1,0,0,3,0,0,0,0,72,1322.85,0,614.16,0.0,1937.01,0,0
65,22,47.99,4977,Month-to-Month,0,0,Female,1,Fiber Optic,33.771612,-118.143866,0,83.4,1,0,0,,1,1,1,0,Bank Withdrawal,1,0,0,3,1,0,0,0,50,4113.7,0,2399.5,0.0,6513.2,1,0
22,69,40.49,6398,One Year,0,1,Male,1,Fiber Optic,34.422519,-118.420717,1,102.45,0,0,10,Offer B,1,0,1,1,Credit Card,1,1,1,3,0,1,1,1,64,6654.1,0,2591.36,0.0,9245.46,1,0
37,10,45.95,4280,Two Year,1,1,Male,1,Cable,39.279068,-120.414275,1,81.0,0,1,1,,0,1,0,1,Mailed Check,1,1,1,4,0,1,1,1,46,3846.35,0,2113.7,0.0,5960.05,1,0
46,0,2.76,5227,Month-to-Month,0,0,Female,0,,36.732694,-119.783786,0,19.35,0,0,0,,0,0,0,0,Credit Card,1,0,0,5,0,0,0,0,29,601.6,0,80.04,0.0,681.64,0,0
54,22,2.83,3819,Month-to-Month,0,1,Female,1,Fiber Optic,33.695532,-116.310571,0,93.4,1,0,0,Offer B,1,0,1,0,Bank Withdrawal,1,0,0,3,0,0,0,1,40,3756.4,0,113.2,4.18,3865.42,1,0
34,21,0.0,5409,Month-to-Month,0,0,Female,1,Cable,41.411315,-122.697236,1,34.0,0,0,9,Offer B,0,1,0,1,Bank Withdrawal,0,1,1,3,0,0,0,0,43,1505.35,0,0.0,49.22,1456.13,1,0
19,26,38.65,5457,Month-to-Month,0,0,Male,1,DSL,34.042286,-117.756106,0,44.4,0,0,0,Offer E,0,0,1,0,Credit Card,1,0,0,4,0,0,0,0,9,348.15,0,347.85,0.0,696.0,1,0
62,0,42.36,5733,Two Year,0,0,Female,0,,34.174215,-118.345928,0,20.25,0,0,0,,0,0,0,0,Credit Card,1,0,0,4,0,0,0,0,72,1566.9,0,3049.92,0.0,4616.82,0,0
71,19,8.38,4478,Month-to-Month,1,0,Male,1,DSL,38.549822,-121.266725,1,49.25,0,1,3,,0,0,1,1,Credit Card,1,1,1,3,1,0,0,0,1,49.25,0,8.38,0.0,57.63,1,1
26,39,30.73,5225,Month-to-Month,0,0,Female,1,Fiber Optic,37.900662,-122.052782,0,68.95,0,0,0,,0,0,0,0,Bank Withdrawal,1,0,0,1,0,0,1,0,2,119.75,0,61.46,0.0,181.21,1,1
63,26,0.0,2519,Two Year,0,1,Male,1,DSL,37.897753,-122.279391,1,40.4,0,0,6,Offer B,0,1,0,1,Credit Card,0,1,1,3,0,0,0,0,46,1842.7,80,0.0,0.0,1922.7,0,0
52,0,3.14,4152,Month-to-Month,0,0,Male,0,,37.684694,-122.40712,0,19.4,0,0,0,,0,0,0,0,Mailed Check,1,0,0,2,0,0,0,0,1,19.4,0,3.14,0.0,22.54,0,1
29,41,33.89,2856,Month-to-Month,0,0,Female,1,Fiber Optic,33.739415,-116.968339,0,80.55,0,0,0,Offer E,0,0,0,0,Bank Withdrawal,1,0,0,3,0,1,1,0,2,184.1,0,67.78,0.0,251.88,1,1
25,46,16.05,4592,Two Year,0,1,Female,1,Cable,33.755039,-116.741796,1,83.7,0,0,9,,1,1,1,1,Bank Withdrawal,1,1,1,3,0,1,1,1,72,6096.9,0,1155.6,0.0,7252.5,1,0
21,30,41.94,3515,One Year,0,1,Male,1,Fiber Optic,32.726627,-116.994608,0,99.95,0,0,0,,0,1,1,0,Credit Card,1,0,0,3,0,1,1,1,23,2292.75,0,964.62,0.0,3257.37,1,0
23,52,32.5,2989,One Year,0,0,Male,1,DSL,37.62984,-122.120843,0,68.7,1,0,0,,1,0,1,0,Bank Withdrawal,1,1,0,3,0,0,0,1,20,1416.2,0,650.0,0.0,2066.2,1,0
25,59,0.0,4003,One Year,1,1,Male,1,DSL,41.486953,-120.913975,1,46.4,0,2,2,,1,0,0,1,Credit Card,0,0,1,5,0,0,0,1,18,812.4,0,0.0,0.0,812.4,1,0
60,30,21.71,4469,Two Year,0,1,Male,1,Fiber Optic,33.828779,-117.848299,1,111.3,1,0,1,Offer A,1,0,1,1,Bank Withdrawal,1,1,1,3,0,1,1,1,67,7567.2,0,1454.57,36.66,8985.11,1,0
48,57,15.71,6291,Two Year,1,1,Male,1,DSL,35.120833,-120.61843,1,90.3,1,3,1,Offer A,1,1,0,1,Credit Card,1,1,1,3,0,1,1,1,71,6287.3,100,1115.41,0.0,7502.71,0,0
65,0,49.94,4934,Two Year,0,0,Female,0,,34.035849,-118.503508,1,20.05,0,0,7,,0,0,1,1,Bank Withdrawal,1,0,1,5,1,0,0,0,67,1263.05,0,3345.98,43.66,4565.37,0,0
29,59,38.78,2754,Month-to-Month,0,1,Male,1,Fiber Optic,33.728273,-118.085304,0,106.65,1,0,0,,1,1,1,0,Bank Withdrawal,1,1,0,3,0,0,0,1,17,1672.1,0,659.26,0.0,2331.36,1,0
36,57,9.05,3274,One Year,1,1,Male,1,Fiber Optic,32.677097,-116.304991,1,100.05,0,3,10,,1,0,1,1,Credit Card,1,0,1,4,0,1,1,1,22,2090.25,0,199.1,0.0,2289.35,1,0
30,0,3.51,4442,Two Year,0,0,Male,0,,34.139402,-118.128658,1,19.85,0,0,9,Offer A,0,0,0,1,Credit Card,1,0,1,5,0,0,0,0,70,1433.8,0,245.7,45.47,1634.03,0,0
27,0,9.19,5728,Month-to-Month,0,0,Male,0,,41.027281,-120.669427,0,20.05,0,0,0,,0,0,1,0,Bank Withdrawal,1,0,0,5,0,0,0,0,14,299.3,0,128.66,0.0,427.96,0,0
28,41,45.14,2455,Month-to-Month,0,0,Female,1,Fiber Optic,37.687264,-122.15728,0,85.3,1,0,0,Offer C,1,0,0,0,Credit Card,1,1,0,2,0,0,1,0,35,2917.5,130,1579.9,23.89,4603.51,0,1
59,28,32.15,5516,Two Year,0,1,Female,1,Fiber Optic,33.03933,-115.191857,1,108.75,1,0,1,,0,1,1,1,Credit Card,1,1,1,1,0,1,1,1,67,7156.2,0,2154.05,0.0,9310.25,1,1
42,26,32.29,4778,One Year,0,0,Female,1,Fiber Optic,37.419725,-122.062947,0,94.0,1,0,0,Offer B,0,0,1,0,Bank Withdrawal,1,0,0,3,0,1,1,1,62,5757.2,0,2001.98,0.0,7759.18,1,0
58,22,38.09,4910,Month-to-Month,0,0,Female,1,Fiber Optic,33.830099,-118.182239,0,88.8,0,0,0,,0,0,1,0,Bank Withdrawal,1,0,0,2,0,1,1,1,26,2274.35,50,990.34,0.0,3314.69,0,1
32,58,0.0,2715,One Year,1,0,Male,1,Cable,37.42765,-121.945416,0,39.95,0,3,0,,1,0,1,0,Bank Withdrawal,0,0,0,4,0,0,0,1,26,1023.75,0,0.0,0.0,1023.75,1,0
45,0,11.04,5279,One Year,0,0,Male,0,,34.017697,-118.200577,1,19.8,0,0,10,Offer D,0,0,0,1,Bank Withdrawal,1,0,1,4,0,0,0,0,12,202.25,0,132.48,0.0,334.73,0,0
53,52,0.0,2635,Month-to-Month,1,0,Female,1,DSL,33.098018,-117.258203,1,24.4,0,3,0,,0,0,1,1,Credit Card,0,0,0,3,0,0,0,0,2,36.55,0,0.0,0.0,36.55,1,1
65,20,36.58,3645,Month-to-Month,0,0,Male,1,Fiber Optic,33.823943,-118.111335,0,85.5,0,0,0,,0,1,0,0,Credit Card,1,0,0,3,1,1,1,0,47,4042.3,50,1719.26,0.0,5811.56,0,1
52,17,27.87,4318,Two Year,1,0,Female,1,Fiber Optic,40.485849,-124.163234,1,69.05,0,2,3,Offer B,0,0,1,1,Credit Card,1,0,1,3,0,0,0,0,55,3842.6,0,1532.85,0.0,5375.45,1,0
71,4,12.67,4735,Two Year,0,0,Female,1,Fiber Optic,40.845738,-120.322219,0,97.05,1,0,0,,1,1,1,0,Bank Withdrawal,1,1,0,3,1,0,0,1,45,4385.05,0,570.15,0.0,4955.2,1,0
77,2,18.14,5187,Month-to-Month,0,1,Female,1,Fiber Optic,34.273872,-114.192901,1,103.5,1,0,2,,1,0,1,1,Bank Withdrawal,1,0,1,4,1,1,1,1,63,6479.4,0,1142.82,0.0,7622.22,1,0
32,17,19.07,5874,Month-to-Month,0,0,Female,1,Fiber Optic,32.957195,-117.202542,0,86.45,1,0,0,,0,0,1,0,Bank Withdrawal,1,0,0,1,0,0,0,1,35,3029.1,0,667.45,0.0,3696.55,1,1
27,59,36.08,5542,One Year,1,1,Male,1,Fiber Optic,32.76501,-117.19938,1,93.65,1,2,7,,1,0,1,1,Bank Withdrawal,1,0,1,3,0,0,0,1,49,4520.15,0,1767.92,33.13,6254.94,1,0
35,27,11.58,3238,Month-to-Month,0,0,Female,1,Fiber Optic,32.825086,-117.199424,1,81.1,0,0,1,,0,0,1,1,Bank Withdrawal,1,0,1,2,0,0,0,1,7,576.65,0,81.06,0.0,657.71,1,1
34,10,30.77,5076,Two Year,0,0,Male,1,Fiber Optic,36.29223,-119.622676,0,90.45,1,0,0,,0,0,1,0,Credit Card,1,1,0,5,0,0,0,1,57,5229.8,70,1753.89,0.0,7053.69,0,0
59,8,0.0,4051,One Year,0,1,Female,1,DSL,41.251322,-122.105209,0,43.7,0,0,0,Offer B,1,1,0,0,Credit Card,0,1,0,4,0,0,0,0,61,2696.55,0,0.0,0.0,2696.55,1,0
74,13,5.73,2422,Two Year,0,0,Male,1,DSL,34.028735,-118.317236,1,59.1,0,0,6,,0,1,1,1,Credit Card,1,0,1,3,1,1,0,0,18,1011.05,0,103.14,31.05,1083.14,1,0
80,11,26.62,5900,Month-to-Month,0,0,Male,1,DSL,37.83323,-121.601461,0,44.95,0,0,0,Offer E,0,0,0,0,Credit Card,1,0,0,2,1,0,0,0,2,85.15,0,53.24,0.0,138.39,1,1
52,14,0.0,5091,One Year,0,1,Male,1,DSL,39.83307,-123.178765,0,50.75,0,0,0,Offer D,0,0,0,0,Bank Withdrawal,0,0,0,5,0,1,1,1,15,688.2,0,0.0,32.55,655.65,1,0
25,30,21.37,5133,Two Year,0,1,Female,1,DSL,38.085839,-120.37855,0,61.15,0,0,0,,1,1,1,0,Bank Withdrawal,1,0,0,3,0,0,0,0,66,4017.45,0,1410.42,0.0,5427.87,1,0
33,15,13.27,5978,Two Year,1,1,Female,1,DSL,34.370378,-118.504118,1,76.45,1,1,0,,0,1,1,1,Credit Card,1,1,0,4,0,0,0,1,59,4519.5,0,782.93,30.22,5272.21,1,0
73,3,2.12,3318,One Year,0,1,Male,1,Fiber Optic,32.912664,-116.635387,1,100.8,1,0,4,,0,0,1,1,Bank Withdrawal,1,0,1,5,1,1,0,1,35,3437.5,0,74.2,0.0,3511.7,1,0
58,16,33.37,6009,Two Year,1,1,Female,1,Fiber Optic,33.778436,-118.118648,1,117.5,1,1,9,,1,1,0,1,Credit Card,1,1,1,4,0,1,1,1,72,8670.1,0,2402.64,47.55,11025.19,1,0
65,3,27.49,4981,Month-to-Month,0,0,Male,1,Fiber Optic,36.205465,-119.085807,1,89.8,1,0,7,Offer B,1,0,1,1,Bank Withdrawal,1,0,1,3,1,1,1,0,62,5629.55,0,1704.38,0.0,7333.93,1,0
71,19,20.83,2074,Month-to-Month,0,1,Male,1,Fiber Optic,38.140719,-121.838298,0,99.05,1,0,0,,0,0,1,0,Bank Withdrawal,1,0,0,1,1,1,0,1,35,3395.8,120,729.05,0.0,4244.85,0,1
54,10,24.17,3351,Month-to-Month,0,0,Male,1,Fiber Optic,38.883224,-121.15918,1,68.6,0,0,9,Offer D,0,0,1,1,Bank Withdrawal,1,0,1,4,0,0,0,0,15,1108.6,90,362.55,0.0,1561.15,0,0
45,0,26.25,5755,Two Year,0,0,Female,0,,37.633361,-121.862395,0,20.1,0,0,0,Offer B,0,0,0,0,Credit Card,1,0,0,5,0,0,0,0,54,1079.45,0,1417.5,0.0,2496.95,0,0
19,53,33.24,2547,Month-to-Month,0,0,Female,1,DSL,33.921793,-118.140588,1,50.3,0,0,7,,0,1,1,1,Bank Withdrawal,1,0,1,3,0,0,0,0,7,355.1,0,232.68,0.0,587.78,1,0
33,17,7.42,5899,One Year,0,1,Female,1,DSL,37.550074,-118.837167,0,53.8,0,0,0,Offer D,0,0,0,0,Bank Withdrawal,1,1,0,5,0,0,0,0,11,651.55,0,81.62,0.0,733.17,1,0
70,27,22.0,4951,Two Year,0,1,Female,1,Fiber Optic,39.432127,-121.099287,1,99.2,0,0,6,,1,0,1,1,Bank Withdrawal,1,0,1,4,1,1,1,1,71,7213.75,0,1562.0,0.0,8775.75,1,0
39,29,44.55,5004,Two Year,0,1,Male,1,DSL,36.205465,-119.085807,1,89.4,1,0,6,,1,1,1,1,Credit Card,1,1,1,3,0,1,1,1,63,5597.65,0,2806.65,0.0,8404.3,1,0
60,0,36.5,3378,Two Year,0,0,Female,0,,38.014457,-122.115432,0,25.7,1,0,0,,0,0,0,0,Credit Card,1,0,0,4,0,0,0,0,33,826.1,0,1204.5,0.0,2030.6,0,0
46,0,24.7,5248,Two Year,1,0,Male,0,,33.603282,-117.821841,1,19.35,0,2,2,,0,0,0,1,Bank Withdrawal,1,0,1,3,0,0,0,0,55,1153.25,0,1358.5,0.0,2511.75,0,0
34,0,29.55,5535,Two Year,1,0,Male,0,,39.194539,-120.988066,1,24.55,1,1,6,Offer B,0,0,0,1,Credit Card,1,0,1,3,0,0,0,0,52,1331.05,0,1536.6,0.0,2867.65,0,0
68,9,0.0,4118,Month-to-Month,0,0,Female,1,DSL,33.874224,-117.993368,1,45.3,0,0,5,,0,0,0,1,Bank Withdrawal,0,0,1,4,1,1,0,1,13,528.45,0,0.0,0.0,528.45,1,0
49,6,18.34,5764,Month-to-Month,0,1,Female,1,Fiber Optic,39.748037,-122.302169,0,94.4,0,0,0,,0,0,0,0,Bank Withdrawal,1,0,0,3,0,1,1,1,1,94.4,0,18.34,0.0,112.74,1,1
21,26,16.66,4252,One Year,0,1,Female,1,Fiber Optic,33.752524,-118.210737,1,97.65,1,0,9,Offer A,0,0,1,1,Bank Withdrawal,1,0,1,4,0,1,1,1,70,6982.5,80,1166.2,0.0,8228.7,0,0
66,22,24.95,4267,Two Year,0,0,Female,1,Fiber Optic,36.917652,-119.593757,0,81.5,0,0,0,,0,0,0,0,Credit Card,1,0,0,4,1,0,0,1,2,162.55,0,49.9,0.0,212.45,1,0
48,0,39.87,3195,Month-to-Month,0,0,Female,0,,39.783747,-120.661032,0,19.6,0,0,0,,0,0,0,0,Credit Card,1,0,0,5,0,0,0,0,15,299.4,0,598.05,0.0,897.45,0,0
55,19,49.52,5957,Two Year,0,1,Female,1,Fiber Optic,34.079934,-118.046695,0,111.3,1,0,0,Offer A,1,1,0,0,Credit Card,1,1,0,3,0,1,1,1,71,7985.9,0,3515.92,0.0,11501.82,1,0
69,23,25.23,5596,Month-to-Month,0,0,Male,1,DSL,39.258746,-121.77697,0,70.35,1,0,0,Offer B,1,1,1,0,Bank Withdrawal,1,0,0,3,1,0,0,1,50,3454.6,100,1261.5,0.0,4816.1,0,0
46,2,16.14,3280,Month-to-Month,0,1,Male,1,Fiber Optic,41.10831,-121.360362,0,79.85,0,0,0,Offer E,0,0,1,0,Bank Withdrawal,1,1,0,2,0,0,0,0,2,152.45,0,32.28,0.0,184.73,1,1
32,16,11.04,2916,Month-to-Month,0,0,Male,1,Fiber Optic,33.994676,-117.372498,0,81.45,0,0,0,,0,0,1,0,Bank Withdrawal,1,0,0,3,0,0,0,1,12,912.0,0,132.48,0.0,1044.48,1,0
59,28,9.27,5841,Month-to-Month,0,0,Female,1,Fiber Optic,38.384648,-121.578701,0,75.2,1,0,0,,0,0,1,0,Credit Card,1,0,0,5,0,0,0,0,9,633.85,0,83.43,0.0,717.28,1,0
55,24,27.17,4980,Month-to-Month,0,1,Male,1,Fiber Optic,38.93706,-123.118111,0,89.8,0,0,0,,0,1,0,0,Credit Card,1,0,0,3,0,0,0,1,54,4667.0,0,1467.18,0.0,6134.18,1,0
51,22,22.83,5441,Two Year,0,1,Female,1,Cable,38.912881,-121.082766,1,65.65,1,0,5,,1,1,0,1,Credit Card,1,0,1,3,0,0,0,0,67,4322.85,0,1529.61,0.0,5852.46,1,0
39,17,33.71,5437,One Year,0,0,Male,1,Fiber Optic,39.937017,-121.058043,0,70.45,0,0,0,,0,0,1,0,Bank Withdrawal,1,0,0,3,0,0,0,0,38,2597.6,0,1280.98,0.0,3878.58,1,1
27,53,7.29,4689,Two Year,0,0,Female,1,Fiber Optic,35.746484,-121.223355,1,79.05,1,0,5,Offer A,0,1,0,1,Bank Withdrawal,1,0,1,3,0,0,0,0,72,5730.7,80,524.88,0.0,6335.58,0,0
76,8,45.67,3906,One Year,0,1,Female,1,Fiber Optic,33.712036,-117.950113,1,110.85,1,0,6,Offer C,1,0,1,1,Bank Withdrawal,1,1,1,4,1,1,0,1,28,3204.4,0,1278.76,0.0,4483.16,1,0
65,4,44.86,3207,Month-to-Month,0,0,Female,1,Fiber Optic,33.887676,-118.127289,0,79.2,0,0,0,Offer B,1,1,1,0,Credit Card,1,0,0,1,1,0,0,0,40,3233.85,0,1794.4,0.0,5028.25,1,1
38,0,26.99,3958,One Year,1,0,Male,0,,33.771612,-118.143866,1,19.75,0,2,6,Offer D,0,0,0,1,Credit Card,1,0,1,3,0,0,0,0,14,309.35,0,377.86,6.49,680.72,0,0
20,48,14.53,2590,Month-to-Month,0,0,Female,1,Cable,33.719221,-118.073596,1,73.65,1,0,5,Offer D,0,0,1,1,Credit Card,1,1,1,5,0,1,1,1,23,1642.75,0,334.19,0.0,1976.94,1,0
35,18,1.09,4501,Month-to-Month,0,1,Male,1,Fiber Optic,38.200231,-121.235034,1,98.5,1,0,1,Offer D,0,0,1,1,Bank Withdrawal,1,0,1,2,0,1,1,1,10,1037.75,0,10.9,0.0,1048.65,1,1
51,29,7.26,5882,Month-to-Month,0,1,Male,1,Fiber Optic,34.936,-120.594655,0,74.8,0,0,0,,0,0,1,0,Bank Withdrawal,1,0,0,1,0,0,0,0,4,321.9,0,29.04,0.0,350.94,1,1
44,19,26.28,5823,One Year,1,0,Female,1,Fiber Optic,36.719141,-119.202677,1,90.45,1,1,7,Offer C,0,0,1,1,Bank Withdrawal,1,1,1,3,0,1,1,0,28,2509.25,0,735.84,0.0,3245.09,1,0
28,59,18.03,5730,Month-to-Month,0,0,Female,1,Cable,32.858595,-115.662709,0,60.4,0,0,0,,1,1,1,0,Credit Card,1,1,0,1,0,0,0,0,4,272.15,0,72.12,0.0,344.27,1,1
21,51,27.27,4265,Month-to-Month,1,0,Female,1,DSL,35.363339,-117.637641,1,65.7,0,2,1,,0,0,0,1,Credit Card,1,0,1,1,0,1,1,1,2,134.35,0,54.54,0.0,188.89,1,1
47,24,18.7,5701,Month-to-Month,0,1,Male,1,Fiber Optic,32.730583,-115.501083,0,81.0,1,0,0,Offer D,0,0,1,0,Bank Withdrawal,1,0,0,2,0,0,0,0,23,1917.1,0,430.1,0.0,2347.2,1,1
44,11,30.09,4471,One Year,0,1,Female,1,Fiber Optic,39.913777,-122.289984,1,106.1,0,0,1,,1,1,1,1,Bank Withdrawal,1,0,1,3,0,1,1,1,53,5769.75,0,1594.77,0.0,7364.52,1,1
40,27,0.0,2555,Month-to-Month,0,0,Male,1,DSL,37.809014,-122.269739,0,34.3,0,0,0,,1,0,0,0,Bank Withdrawal,0,1,0,5,0,0,0,0,29,1004.75,0,0.0,0.0,1004.75,1,0
50,29,42.22,2036,Month-to-Month,0,0,Female,1,Fiber Optic,37.233034,-121.947427,1,86.5,1,0,3,Offer D,0,0,1,1,Bank Withdrawal,1,0,1,3,0,1,1,0,21,1808.7,0,886.62,0.0,2695.32,1,1
28,59,19.17,4929,Month-to-Month,1,0,Male,1,Cable,37.916648,-122.008483,0,52.1,0,1,0,Offer D,0,1,1,0,Credit Card,1,0,0,3,0,0,1,0,13,670.65,0,249.21,0.0,919.86,1,0
69,23,23.33,5692,Month-to-Month,0,0,Male,1,Fiber Optic,40.759401,-122.939337,0,90.85,1,0,0,Offer C,0,1,1,0,Bank Withdrawal,1,0,0,1,1,0,0,1,36,3186.7,0,839.88,0.0,4026.58,1,1
29,0,16.2,2750,One Year,0,0,Female,0,,41.10831,-121.360362,0,19.9,0,0,0,Offer E,0,0,0,0,Credit Card,1,0,0,3,0,0,0,0,7,173.15,0,113.4,0.0,286.55,0,0
29,53,2.49,2319,One Year,0,1,Female,1,DSL,33.017518,-117.118456,0,85.1,1,0,0,,1,0,0,0,Credit Card,1,1,0,3,0,1,1,1,43,3662.25,30,107.07,0.0,3799.32,0,0
45,17,20.23,5797,Month-to-Month,0,0,Female,1,Fiber Optic,38.227285,-121.02789,0,100.25,1,0,0,Offer E,1,0,1,0,Credit Card,1,0,0,1,0,1,1,1,1,100.25,0,20.23,0.0,120.48,1,1
39,24,36.21,5589,One Year,1,1,Male,1,DSL,38.585826,-121.376263,1,69.35,1,1,6,,1,1,1,1,Credit Card,1,1,1,3,0,0,0,0,67,4653.25,0,2426.07,9.99,7069.33,1,0
69,23,5.99,4584,Month-to-Month,0,0,Male,1,Fiber Optic,33.781086,-118.199049,1,85.0,1,0,1,,0,0,1,1,Bank Withdrawal,1,0,1,1,1,1,1,0,32,2642.05,0,191.68,49.57,2784.16,1,1
36,30,0.0,5691,One Year,1,0,Female,1,DSL,36.057458,-118.591951,1,40.9,0,1,6,,0,0,0,1,Credit Card,0,1,1,3,0,0,0,1,35,1383.6,0,0.0,0.0,1383.6,1,0
44,19,44.1,6433,Month-to-Month,1,0,Female,1,DSL,38.830739,-122.196202,1,66.8,1,1,2,Offer B,1,0,1,1,Bank Withdrawal,1,0,1,5,0,0,0,1,58,3970.4,0,2557.8,0.0,6528.2,1,0
19,59,15.76,4262,One Year,1,0,Male,1,Fiber Optic,37.739113,-122.175602,1,94.95,1,3,6,Offer B,1,1,1,1,Credit Card,1,0,1,4,0,0,1,1,62,5791.85,0,977.12,0.0,6768.97,1,0
27,0,35.33,6232,Two Year,1,0,Male,0,,33.736387,-118.284363,1,24.75,1,1,1,Offer A,0,0,0,1,Bank Withdrawal,1,0,1,3,0,0,0,0,72,1769.6,0,2543.76,0.0,4313.36,0,0
31,15,15.48,4607,Month-to-Month,0,0,Male,1,Cable,33.797638,-118.11662,1,55.7,0,0,6,,0,1,0,1,Bank Withdrawal,1,1,1,3,0,0,0,0,57,3171.6,0,882.36,34.59,4019.37,1,0
39,26,5.07,5044,One Year,1,0,Female,1,DSL,35.342891,-119.064803,0,77.55,1,3,0,Offer B,1,0,1,0,Credit Card,1,0,0,3,0,1,1,1,44,3471.1,0,223.08,0.0,3694.18,1,0
55,9,34.48,3238,Month-to-Month,0,0,Female,1,Cable,32.827184,-116.703729,0,43.95,0,0,0,Offer E,0,0,0,0,Credit Card,1,0,0,3,0,0,0,0,1,43.95,0,34.48,0.0,78.43,1,1
53,11,17.28,4324,Two Year,0,1,Female,1,DSL,34.361387,-117.337509,1,82.65,1,0,7,Offer A,1,1,1,1,Credit Card,1,0,1,3,0,1,1,1,72,5919.35,0,1244.16,0.0,7163.51,1,0
53,0,44.19,4430,Two Year,0,0,Male,0,,40.367964,-122.937379,1,19.55,0,0,1,Offer C,0,0,0,1,Bank Withdrawal,1,0,1,4,0,0,0,0,27,520.55,0,1193.13,0.0,1713.68,0,0
33,12,23.54,3333,Two Year,1,1,Male,1,Fiber Optic,37.684694,-122.40712,0,99.7,1,2,0,,0,0,0,0,Bank Withdrawal,1,0,0,4,0,1,1,1,45,4634.35,0,1059.3,0.0,5693.65,1,0
28,0,10.98,5394,Month-to-Month,0,0,Male,0,,36.385818,-119.224243,0,20.2,0,0,0,Offer E,0,0,1,0,Bank Withdrawal,1,0,0,1,0,0,0,0,1,20.2,0,10.98,0.0,31.18,0,1
57,0,33.02,5279,Month-to-Month,0,0,Female,0,,33.802664,-118.179971,0,19.5,0,0,0,Offer E,0,0,1,0,Credit Card,1,0,0,4,0,0,0,0,1,19.5,0,33.02,0.0,52.52,0,0
31,0,2.82,5422,Two Year,0,0,Female,0,,34.074572,-118.831181,1,20.15,0,0,10,,0,0,1,1,Bank Withdrawal,1,0,1,5,0,0,0,0,49,973.35,0,138.18,0.0,1111.53,0,0
20,0,32.18,4058,Two Year,0,0,Male,0,,33.141265,-116.967221,1,24.5,1,0,9,,0,0,1,1,Bank Withdrawal,1,0,1,4,0,0,0,0,71,1816.2,0,2284.78,0.0,4100.98,0,0
61,19,0.0,5230,One Year,1,0,Male,1,DSL,32.790282,-115.689559,0,40.65,0,1,0,,1,1,0,0,Bank Withdrawal,0,1,0,3,0,0,0,0,23,947.4,0,0.0,0.0,947.4,1,0
59,16,0.0,5825,Month-to-Month,1,0,Male,1,Cable,40.689243,-122.037023,1,30.2,0,2,8,,0,1,1,1,Bank Withdrawal,0,0,1,4,0,0,0,0,15,469.65,0,0.0,0.0,469.65,1,0
77,15,0.0,4628,Month-to-Month,0,0,Female,1,DSL,33.22784,-117.200024,0,25.25,0,0,0,Offer E,0,0,0,0,Bank Withdrawal,0,0,0,2,1,0,0,0,1,25.25,0,0.0,0.0,25.25,1,1
28,85,10.4,5211,One Year,0,0,Male,1,DSL,32.802959,-117.027095,1,75.4,0,0,9,,1,1,1,1,Credit Card,1,0,1,5,0,1,1,1,52,3865.45,0,540.8,0.0,4406.25,1,0
73,7,38.31,5915,Month-to-Month,0,0,Female,1,Fiber Optic,34.174493,-117.87068,1,80.35,1,0,1,,0,1,0,1,Bank Withdrawal,1,0,1,1,1,0,0,0,47,3825.85,90,1800.57,0.0,5716.42,0,1
22,41,17.3,5777,Month-to-Month,0,0,Female,1,Fiber Optic,33.830099,-118.182239,0,73.5,1,0,0,,0,0,1,0,Bank Withdrawal,1,0,0,3,0,0,0,0,8,632.2,0,138.4,0.0,770.6,1,0
75,13,39.51,2015,Month-to-Month,0,0,Male,1,Fiber Optic,36.814539,-119.711868,0,84.8,1,0,0,,0,0,1,0,Bank Withdrawal,1,0,0,3,1,0,0,1,7,546.95,0,276.57,0.0,823.52,0,1
22,27,20.75,4263,Two Year,0,1,Female,1,DSL,36.657462,-119.595293,0,67.65,0,0,0,,0,1,0,0,Credit Card,1,1,0,3,0,0,0,1,34,2339.3,0,705.5,0.0,3044.8,1,0
56,0,38.36,5151,Two Year,0,0,Male,0,,37.22565,-122.297533,1,19.95,0,0,2,Offer B,0,0,1,1,Bank Withdrawal,1,0,1,3,0,0,0,0,63,1234.8,0,2416.68,0.0,3651.48,0,0
41,4,49.71,5863,One Year,0,1,Male,1,Fiber Optic,32.89325,-117.087091,0,86.75,1,0,0,,0,0,0,0,Bank Withdrawal,1,1,0,5,0,0,0,0,17,1410.25,0,845.07,0.0,2255.32,1,0
29,69,0.0,4180,Two Year,1,1,Female,1,DSL,39.258746,-121.77697,1,46.25,0,2,10,,1,1,0,1,Bank Withdrawal,0,1,1,4,0,0,0,0,69,3121.4,0,0.0,0.0,3121.4,1,0
28,0,41.9,2941,Month-to-Month,0,0,Female,0,,39.435756,-121.552071,1,19.6,0,0,5,,0,0,1,1,Credit Card,1,0,1,3,0,0,0,0,3,55.25,0,125.7,0.0,180.95,0,0
48,51,34.7,4076,Month-to-Month,1,0,Male,1,DSL,39.203817,-121.19584,1,49.15,0,3,1,Offer E,0,1,1,1,Bank Withdrawal,1,0,1,3,0,0,0,0,6,295.65,0,208.2,0.0,503.85,1,0
76,18,11.01,4251,Two Year,0,1,Female,1,Fiber Optic,35.236549,-120.727344,0,108.1,1,0,0,,1,1,0,0,Credit Card,1,0,0,4,1,1,0,1,52,5839.3,0,572.52,0.0,6411.82,1,0
37,0,37.59,4613,One Year,1,0,Male,0,,33.543835,-115.993906,1,20.45,0,1,0,Offer D,0,0,0,1,Credit Card,1,0,0,4,0,0,0,0,10,242.4,0,375.9,0.0,618.3,0,0
71,10,18.43,5035,One Year,1,0,Male,1,Fiber Optic,39.273096,-122.050763,1,89.85,1,1,1,Offer B,1,1,1,1,Bank Withdrawal,1,1,1,3,1,0,0,0,58,5125.75,130,1068.94,0.0,6324.69,0,0
20,76,39.05,4098,One Year,1,0,Female,1,Fiber Optic,33.944624,-118.192615,1,99.25,0,2,9,,1,1,0,1,Credit Card,1,0,1,3,0,1,1,1,58,5846.65,0,2264.9,0.0,8111.55,1,0
37,22,29.68,5764,Month-to-Month,1,0,Male,1,DSL,34.065875,-118.238728,1,49.95,0,2,1,Offer D,0,1,1,1,Mailed Check,1,0,1,3,0,0,0,0,13,587.45,150,385.84,0.0,1123.29,0,0
41,29,16.16,4489,One Year,1,0,Female,1,DSL,34.097863,-116.594561,1,75.75,1,3,7,Offer B,1,1,1,1,Bank Withdrawal,1,1,1,3,0,1,1,0,55,4264.25,0,888.8,0.0,5153.05,1,0
44,24,0.0,5281,One Year,0,1,Female,1,DSL,33.012751,-117.200617,0,41.1,0,0,0,,0,1,1,0,Credit Card,0,1,0,4,0,0,0,0,57,2258.25,0,0.0,0.0,2258.25,1,0
37,0,11.75,4517,Two Year,1,0,Male,0,,34.907911,-119.234281,1,20.1,0,3,7,,0,0,0,1,Credit Card,1,0,1,3,0,0,0,0,35,655.3,0,411.25,38.61,1027.94,0,0
27,47,23.88,5801,One Year,0,1,Female,1,Fiber Optic,34.156629,-119.117218,0,92.05,1,0,0,,1,1,1,0,Bank Withdrawal,1,0,0,3,0,0,0,0,62,5755.8,0,1480.56,14.21,7222.15,1,0
55,29,0.0,3891,Month-to-Month,0,0,Female,1,DSL,37.287758,-119.548156,1,25.15,0,0,1,,0,0,1,1,Bank Withdrawal,0,0,1,4,0,0,0,0,4,99.95,0,0.0,0.0,99.95,1,0
43,4,24.41,4237,Month-to-Month,0,0,Female,1,Fiber Optic,34.321621,-118.399841,0,74.35,0,0,0,,1,0,0,0,Bank Withdrawal,1,0,0,4,0,0,0,0,1,74.35,0,24.41,0.0,98.76,1,0
62,11,1.63,3608,One Year,1,1,Male,1,DSL,35.858054,-119.305858,0,55.2,0,2,0,Offer D,0,0,0,0,Credit Card,1,1,0,4,0,0,0,0,15,864.55,80,24.45,0.0,969.0,0,0
59,53,27.49,3853,Month-to-Month,1,1,Female,1,Fiber Optic,38.759751,-121.288545,1,92.55,1,3,3,Offer B,0,0,1,1,Bank Withdrawal,1,0,1,3,0,1,1,0,43,4039.0,0,1182.07,0.0,5221.07,1,0
62,0,35.77,5250,Two Year,0,0,Female,0,,38.513484,-120.704613,0,20.25,0,0,0,,0,0,1,0,Bank Withdrawal,1,0,0,3,0,0,0,0,27,538.2,0,965.79,0.0,1503.99,0,0
28,46,4.15,4334,Month-to-Month,0,0,Male,1,Fiber Optic,34.137742,-114.36514,0,95.4,1,0,0,,0,1,1,0,Bank Withdrawal,1,1,0,3,0,1,1,0,48,4445.3,0,199.2,0.0,4644.5,1,0
20,26,18.46,2292,Month-to-Month,0,1,Male,1,Fiber Optic,39.681488,-121.83721,0,76.45,0,0,0,,0,0,0,0,Bank Withdrawal,1,0,0,4,0,0,0,0,14,1117.55,0,258.44,0.0,1375.99,1,0
54,7,22.39,2122,Month-to-Month,0,1,Female,1,Fiber Optic,37.691561,-122.445202,0,105.1,0,0,0,,0,1,0,0,Bank Withdrawal,1,1,0,1,0,1,1,1,15,1582.75,0,335.85,0.0,1918.6,1,1
21,52,1.51,4899,Month-to-Month,0,1,Male,1,Fiber Optic,33.745746,-116.514215,0,87.35,1,0,0,Offer B,1,0,1,0,Bank Withdrawal,1,1,0,5,0,0,0,0,51,4473.0,0,77.01,0.0,4550.01,0,0
72,6,36.36,4078,Month-to-Month,0,0,Female,1,Fiber Optic,35.930782,-121.189757,0,89.7,1,0,0,,1,0,1,0,Bank Withdrawal,1,0,0,3,1,1,0,0,25,2187.55,0,909.0,23.33,3073.22,1,1
49,14,44.79,5160,One Year,0,0,Female,1,Cable,32.858595,-115.662709,1,55.9,0,0,9,,0,1,0,1,Bank Withdrawal,1,1,1,3,0,0,0,0,68,3848.8,20,3045.72,0.0,6914.52,0,0
23,52,0.0,3422,Month-to-Month,1,0,Male,1,Cable,34.266389,-118.459744,1,34.95,0,1,3,,1,1,1,1,Credit Card,0,0,1,3,0,0,0,0,19,610.2,0,0.0,0.0,610.2,1,0
23,0,29.79,3733,Two Year,0,0,Female,0,,37.555631,-120.911653,0,20.7,0,0,0,,0,0,0,0,Credit Card,1,0,0,4,0,0,0,0,39,762.45,0,1161.81,0.0,1924.26,0,0
70,28,44.38,5418,One Year,1,0,Female,1,Fiber Optic,40.617614,-122.512861,1,110.6,1,2,1,,1,1,1,1,Credit Card,1,1,1,4,1,1,0,1,66,7210.85,0,2929.08,0.0,10139.93,1,0
43,53,26.32,5308,Two Year,1,1,Female,1,Fiber Optic,33.678591,-117.905471,1,113.1,1,5,10,,1,1,1,1,Bank Withdrawal,1,1,1,3,0,1,1,1,72,8248.5,0,1895.04,0.0,10143.54,1,0
39,23,33.22,5943,Month-to-Month,0,1,Male,1,Fiber Optic,38.671295,-121.388251,1,94.65,0,0,9,,0,0,1,1,Bank Withdrawal,1,0,1,3,0,1,1,1,72,6747.35,0,2391.84,0.0,9139.19,1,0
60,22,6.05,5466,Two Year,0,1,Female,1,DSL,38.398815,-122.861923,0,84.5,1,0,0,,1,0,0,0,Bank Withdrawal,1,1,0,4,0,1,1,1,62,5193.2,0,375.1,0.0,5568.3,1,0
52,3,30.75,4842,Two Year,0,1,Male,1,Fiber Optic,34.965648,-117.001509,1,114.05,1,0,5,Offer A,1,1,1,1,Credit Card,1,1,1,3,0,1,1,1,72,8468.2,0,2214.0,0.0,10682.2,1,0
34,0,40.05,2102,Month-to-Month,1,0,Male,0,,37.720498,-122.443119,1,25.9,1,1,1,Offer E,0,0,1,1,Bank Withdrawal,1,0,1,1,0,0,0,0,5,135.0,0,200.25,0.0,335.25,0,1
45,0,12.97,3076,One Year,0,0,Male,0,,33.28156,-115.955541,0,23.75,1,0,0,Offer D,0,0,0,0,Credit Card,1,0,0,4,0,0,0,0,18,424.5,0,233.46,0.0,657.96,0,0
77,30,0.0,5829,Month-to-Month,0,0,Male,1,DSL,32.67102,-117.095235,0,44.85,0,0,0,Offer B,1,1,1,0,Bank Withdrawal,0,0,0,3,1,0,0,1,55,2479.05,0,0.0,0.0,2479.05,1,0
23,71,26.86,5232,Month-to-Month,0,1,Male,1,DSL,38.325599,-122.642352,0,56.15,0,0,0,,0,0,0,0,Bank Withdrawal,1,1,0,4,0,0,0,0,5,291.45,0,134.3,0.0,425.75,1,0
24,59,6.78,4654,Month-to-Month,0,0,Female,1,Fiber Optic,37.070177,-122.010077,1,79.75,0,0,3,,0,0,1,1,Bank Withdrawal,1,0,1,5,0,1,1,0,9,769.1,0,61.02,0.0,830.12,1,0
52,8,49.24,2418,Month-to-Month,0,0,Female,1,Fiber Optic,37.786031,-122.437301,0,69.65,0,0,0,Offer E,0,0,1,0,Bank Withdrawal,1,0,0,2,0,0,0,0,1,69.65,0,49.24,0.0,118.89,1,1
56,29,0.0,5518,Month-to-Month,0,0,Male,1,DSL,34.200175,-118.540958,0,29.7,0,0,0,,0,0,1,0,Bank Withdrawal,0,1,0,1,0,0,0,0,15,438.25,90,0.0,0.0,528.25,0,1
51,0,31.06,3985,Month-to-Month,0,0,Male,0,,39.745712,-121.84333,1,20.0,0,0,3,,0,0,0,1,Bank Withdrawal,1,0,1,3,0,0,0,0,3,49.65,0,93.18,0.0,142.83,0,0
48,25,14.18,4544,Two Year,0,0,Male,1,DSL,39.225634,-121.156163,1,74.55,0,0,8,,1,1,1,1,Bank Withdrawal,1,0,1,4,0,1,1,1,54,4191.45,0,765.72,0.0,4957.17,1,0
23,26,18.83,3905,Month-to-Month,0,0,Male,1,Fiber Optic,33.771612,-118.143866,0,85.2,1,0,0,Offer E,0,0,1,0,Credit Card,1,0,0,1,0,1,1,0,7,602.55,0,131.81,0.0,734.36,1,1
46,14,11.45,5133,Month-to-Month,1,0,Male,1,Fiber Optic,34.845861,-118.885163,1,69.95,0,1,10,,0,0,1,1,Credit Card,1,0,1,3,0,0,0,0,1,69.95,0,11.45,0.0,81.4,1,0
35,0,17.21,4424,Two Year,1,0,Female,0,,39.34128,-120.786867,1,20.3,0,1,6,,0,0,0,1,Credit Card,1,0,1,3,0,0,0,0,58,1160.75,0,998.18,25.57,2133.36,0,0
62,0,29.18,4074,One Year,0,0,Female,0,,38.112166,-122.634384,1,20.7,0,0,0,,0,0,0,1,Credit Card,1,0,0,3,0,0,0,0,49,1032.05,0,1429.82,0.0,2461.87,0,0
57,4,33.54,4885,One Year,0,1,Female,1,Fiber Optic,34.050322,-118.147037,1,113.3,1,0,1,Offer B,1,1,0,1,Mailed Check,1,1,1,3,0,1,1,1,45,5032.25,0,1509.3,0.0,6541.55,1,0
19,0,3.28,4833,Two Year,0,0,Male,0,,33.873395,-118.37019,1,24.85,1,0,9,Offer A,0,0,0,1,Credit Card,1,0,1,4,0,0,0,0,67,1583.5,0,219.76,0.0,1803.26,0,0
36,0,4.89,4155,Two Year,1,0,Male,0,,35.809921,-119.127437,0,24.35,1,3,0,,0,0,0,0,Credit Card,1,0,0,4,0,0,0,0,71,1654.6,0,347.19,0.0,2001.79,0,0
20,59,17.42,2085,Month-to-Month,0,0,Male,1,DSL,37.776523,-122.219268,0,50.15,0,0,0,,0,1,1,0,Credit Card,1,0,0,3,0,0,0,0,3,160.85,0,52.26,0.0,213.11,1,0
34,8,0.0,2854,Month-to-Month,0,1,Female,1,DSL,38.093701,-122.276589,0,50.6,0,0,0,,0,0,1,0,Bank Withdrawal,0,0,0,4,0,1,1,1,22,1073.3,0,0.0,0.0,1073.3,1,0
54,22,20.48,5157,Month-to-Month,0,0,Male,1,Fiber Optic,37.848641,-122.515692,1,99.05,1,0,1,Offer B,1,0,1,1,Bank Withdrawal,1,0,1,2,0,1,1,1,49,4853.75,0,1003.52,14.24,5843.03,1,1
34,23,47.72,6034,One Year,0,1,Female,1,Fiber Optic,32.825086,-117.199424,1,98.85,1,0,1,Offer B,0,0,1,1,Bank Withdrawal,1,0,1,5,0,1,1,1,51,4947.55,130,2433.72,0.0,7511.27,0,0
32,57,13.13,2483,Month-to-Month,1,0,Female,1,Fiber Optic,33.97803,-118.217141,0,79.35,0,3,0,,0,0,1,0,Bank Withdrawal,1,0,0,1,0,0,0,1,1,79.35,0,13.13,0.0,92.48,1,1
53,10,21.39,2770,Month-to-Month,0,1,Male,1,Fiber Optic,34.201108,-116.593456,1,84.8,1,0,2,Offer B,0,1,1,1,Credit Card,1,0,1,4,0,0,0,0,44,3626.35,0,941.16,43.96,4523.55,1,0
74,24,28.54,3568,One Year,0,1,Female,1,Fiber Optic,36.141319,-119.129075,0,103.75,1,0,0,,0,0,1,0,Credit Card,1,1,0,3,1,1,0,1,40,4188.4,0,1141.6,0.0,5330.0,1,0
23,0,27.72,3800,One Year,0,0,Female,0,,34.157137,-118.548511,1,20.0,0,0,6,Offer C,0,0,0,1,Bank Withdrawal,1,0,1,5,0,0,0,0,29,540.05,0,803.88,0.0,1343.93,0,0
53,17,16.58,3469,Month-to-Month,0,1,Male,1,Fiber Optic,33.917145,-118.401554,0,94.5,0,0,0,Offer E,0,0,0,0,Mailed Check,1,0,0,2,0,1,1,1,6,575.45,10,99.48,0.0,684.93,0,1
63,0,45.7,5823,One Year,0,0,Male,0,,36.52588,-121.396719,0,19.8,0,0,0,Offer C,0,0,0,0,Credit Card,1,0,0,3,0,0,0,0,26,457.3,0,1188.2,0.0,1645.5,0,0
78,12,17.23,3621,Month-to-Month,0,0,Male,1,Fiber Optic,33.644849,-117.684254,0,79.4,0,0,0,,0,0,1,0,Bank Withdrawal,1,0,0,1,1,1,0,0,15,1156.1,0,258.45,0.0,1414.55,1,1
47,11,4.02,4895,Month-to-Month,0,0,Male,1,Cable,35.869626,-119.498771,0,42.9,0,0,0,Offer E,0,0,1,0,Bank Withdrawal,1,0,0,1,0,0,0,0,1,42.9,0,4.02,0.0,46.92,1,1
37,7,0.0,4348,Month-to-Month,0,0,Male,1,DSL,37.4695,-120.672724,1,40.15,0,0,1,Offer B,0,1,1,1,Bank Withdrawal,0,0,1,4,0,0,0,1,42,1626.05,0,0.0,0.0,1626.05,1,0
38,19,5.36,2432,Month-to-Month,1,0,Female,1,Fiber Optic,33.832799,-116.250973,0,89.35,0,1,0,,0,0,1,0,Bank Withdrawal,1,0,0,3,0,1,1,1,1,89.35,0,5.36,0.0,94.71,1,0
64,0,39.3,4382,Two Year,1,0,Female,0,,34.042286,-117.756106,1,25.2,1,3,1,Offer A,0,0,0,1,Bank Withdrawal,1,0,1,3,0,0,0,0,72,1787.35,0,2829.6,0.0,4616.95,0,0
33,16,5.16,4162,Month-to-Month,1,0,Female,1,DSL,37.333851,-121.891147,0,44.55,0,1,0,,0,0,1,0,Bank Withdrawal,1,0,0,3,0,0,0,0,12,480.6,0,61.92,18.21,524.31,0,1
20,69,32.29,5468,Two Year,1,0,Female,1,DSL,36.810568,-121.503022,1,78.45,0,2,1,,1,1,0,1,Bank Withdrawal,1,1,1,3,0,1,1,1,41,3126.45,0,1323.89,0.0,4450.34,1,0
45,12,32.44,3522,Month-to-Month,0,0,Male,1,DSL,36.768774,-119.762633,0,44.4,0,0,0,Offer E,0,0,0,0,Mailed Check,1,0,0,1,0,0,0,0,1,44.4,0,32.44,0.0,76.84,1,1
72,17,36.27,3468,Month-to-Month,0,0,Female,1,Fiber Optic,39.225694,-123.717354,0,80.7,0,0,0,Offer E,1,1,0,0,Bank Withdrawal,1,0,0,4,1,0,0,0,5,374.8,0,181.35,0.0,556.15,1,0
46,13,43.57,4754,Two Year,0,1,Female,1,Fiber Optic,36.452211,-119.94575,0,99.5,0,0,0,Offer B,1,1,0,0,Credit Card,1,1,0,3,0,1,1,0,53,5424.25,0,2309.21,0.0,7733.46,1,0
33,20,31.61,5646,Month-to-Month,0,0,Female,1,Fiber Optic,37.848641,-122.515692,1,91.5,1,0,1,,1,0,1,1,Credit Card,1,0,1,3,0,1,1,0,3,242.95,10,94.83,0.0,347.78,0,1
59,15,14.65,2962,Month-to-Month,0,1,Male,1,Cable,34.278967,-116.773825,0,55.05,0,0,0,,0,0,0,0,Credit Card,1,1,0,4,0,0,0,0,1,55.05,0,14.65,0.0,69.7,1,0
24,0,34.16,4610,Two Year,0,0,Male,0,,34.266389,-118.459744,0,24.6,1,0,0,,0,0,0,0,Credit Card,1,0,0,5,0,0,0,0,53,1279.0,0,1810.48,37.68,3051.8,0,0
33,29,34.49,5976,Month-to-Month,0,1,Female,1,Fiber Optic,33.948558,-116.516976,1,85.4,1,0,6,Offer A,1,0,1,1,Bank Withdrawal,1,0,1,5,0,0,0,0,69,5869.4,0,2379.81,0.0,8249.21,1,0
51,8,3.81,4535,Month-to-Month,0,0,Male,1,Fiber Optic,32.607964,-117.059459,1,95.7,0,0,7,,0,0,1,1,Credit Card,1,1,1,5,0,1,1,1,25,2338.35,0,95.25,0.0,2433.6,1,0
47,6,3.12,5238,One Year,0,1,Male,1,DSL,38.490508,-121.284171,1,79.3,1,0,1,,0,0,1,1,Credit Card,1,1,1,5,0,1,1,1,31,2484.0,0,96.72,0.0,2580.72,1,0
47,18,7.31,4336,Month-to-Month,0,0,Male,1,DSL,38.694081,-121.694431,0,49.2,0,0,0,Offer E,0,0,1,0,Bank Withdrawal,1,1,0,1,0,0,0,0,5,216.9,0,36.55,0.0,253.45,1,1
79,15,0.0,3561,Month-to-Month,0,0,Female,1,DSL,32.787836,-117.232376,0,45.7,0,0,0,,0,0,0,0,Bank Withdrawal,0,0,0,3,1,1,0,1,5,198.0,0,0.0,0.0,198.0,1,1
40,13,22.23,2115,Month-to-Month,0,0,Female,1,Fiber Optic,34.559882,-115.637164,1,84.05,1,0,9,,0,0,1,1,Bank Withdrawal,1,0,1,5,0,0,0,1,2,134.05,0,44.46,0.0,178.51,1,0
42,16,0.0,4601,Two Year,0,1,Male,1,Cable,39.033058,-121.895718,1,54.1,0,0,7,Offer A,0,1,1,1,Bank Withdrawal,0,0,1,3,0,1,1,1,68,3794.5,0,0.0,0.0,3794.5,1,0
67,4,0.0,5715,One Year,0,0,Female,1,Cable,39.756049,-123.358701,0,34.2,0,0,0,Offer B,0,0,0,0,Bank Withdrawal,0,0,0,3,1,1,0,0,45,1596.6,0,0.0,0.0,1596.6,0,0
34,14,24.22,3738,Month-to-Month,1,1,Male,1,Fiber Optic,33.719869,-117.907063,1,101.15,1,1,9,,0,0,1,1,Credit Card,1,0,1,3,0,1,1,1,38,3956.7,0,920.36,0.0,4877.06,1,0
36,5,30.96,3420,Month-to-Month,0,0,Female,1,DSL,35.233745,-120.626442,0,50.55,0,0,0,,1,0,0,0,Bank Withdrawal,1,0,0,1,0,0,0,0,1,50.55,0,30.96,0.0,81.51,1,1
69,14,19.92,4045,One Year,0,0,Female,1,DSL,33.012751,-117.200617,0,54.65,0,0,0,,1,0,0,0,Bank Withdrawal,1,1,0,5,1,0,0,0,32,1830.1,10,637.44,0.0,2477.54,0,0
19,53,6.91,2330,Month-to-Month,0,0,Male,1,Fiber Optic,34.017697,-118.200577,0,85.65,1,0,0,,0,0,1,0,Bank Withdrawal,1,0,0,1,0,1,1,0,4,338.9,0,27.64,0.0,366.54,1,1
49,0,32.47,5964,One Year,1,0,Male,0,,38.748316,-120.675512,1,19.9,0,3,2,Offer D,0,0,0,1,Credit Card,1,0,1,5,0,0,0,0,19,357.7,0,616.93,0.0,974.63,0,0
27,48,0.0,5182,One Year,0,0,Female,1,DSL,37.294926,-121.894763,0,44.85,0,0,0,,0,0,1,0,Credit Card,0,0,0,3,0,1,1,1,19,893.55,0,0.0,0.0,893.55,1,1
53,7,0.0,3615,Month-to-Month,0,0,Female,1,DSL,39.125311,-121.392283,0,30.6,0,0,0,,1,0,1,0,Bank Withdrawal,0,0,0,2,0,0,0,0,29,856.35,0,0.0,0.0,856.35,1,1
76,16,20.42,4162,Two Year,1,0,Female,1,Fiber Optic,37.084697,-121.606417,1,110.2,1,1,7,Offer B,1,1,1,1,Bank Withdrawal,1,1,1,3,1,1,0,1,46,4972.1,0,939.32,0.0,5911.42,1,0
26,0,17.3,2400,One Year,1,0,Male,0,,37.416159,-122.131337,0,20.05,0,3,0,,0,0,0,0,Credit Card,1,0,0,3,0,0,0,0,27,552.9,0,467.1,0.0,1020.0,0,0
32,17,15.1,5386,Two Year,0,1,Male,1,Fiber Optic,37.186141,-121.843554,0,89.45,1,0,0,Offer B,0,0,1,0,Credit Card,1,0,0,3,0,1,1,0,52,4577.75,0,785.2,18.89,5344.06,1,0
65,26,33.25,4687,Month-to-Month,0,1,Male,1,Fiber Optic,37.316146,-121.936285,1,105.65,1,0,1,,1,0,1,1,Bank Withdrawal,1,0,1,3,1,1,1,1,39,4284.8,0,1296.75,0.0,5581.55,1,1
34,0,45.83,4195,Month-to-Month,1,0,Male,0,,39.031876,-120.811141,0,20.4,0,2,0,Offer E,0,0,0,0,Credit Card,1,0,0,4,0,0,0,0,9,184.1,0,412.47,0.0,596.57,0,0
55,0,13.83,2049,Month-to-Month,1,0,Male,0,,37.808731,-122.238708,1,20.05,0,3,7,,0,0,1,1,Credit Card,1,0,1,4,0,0,0,0,10,218.5,0,138.3,0.0,356.8,0,0
31,24,11.73,3037,Month-to-Month,0,0,Male,1,DSL,32.787836,-117.232376,0,45.6,0,0,0,Offer E,0,0,1,0,Bank Withdrawal,1,0,0,1,0,0,0,0,1,45.6,0,11.73,0.0,57.33,1,1
24,0,18.31,2574,Two Year,0,0,Female,0,,37.666587,-120.411517,0,20.75,0,0,0,Offer B,0,0,1,0,Bank Withdrawal,1,0,0,3,0,0,0,0,42,844.45,0,769.02,0.0,1613.47,0,0
32,3,25.48,4332,Two Year,0,1,Female,1,Fiber Optic,36.625114,-121.823565,1,98.2,1,0,1,,0,1,1,1,Bank Withdrawal,1,1,1,3,0,0,0,1,72,7015.9,0,1834.56,0.0,8850.46,1,0
32,8,0.0,2675,Month-to-Month,0,0,Male,1,DSL,38.208336,-120.339938,0,25.15,0,0,0,,0,0,0,0,Credit Card,0,0,0,3,0,0,0,0,18,476.8,0,0.0,0.0,476.8,1,0
52,0,43.52,4125,Two Year,1,0,Female,0,,38.851842,-120.076204,1,19.55,0,2,4,,0,0,0,1,Credit Card,1,0,1,4,0,0,0,0,58,1079.65,0,2524.16,0.0,3603.81,0,0
44,0,27.08,5916,Month-to-Month,0,0,Male,0,,38.32153,-120.236358,0,19.95,0,0,0,Offer E,0,0,0,0,Credit Card,1,0,0,4,0,0,0,0,1,19.95,0,27.08,0.0,47.03,0,0
30,27,3.69,4422,One Year,0,1,Male,1,Cable,37.441931,-121.878502,0,75.35,0,0,0,,0,0,1,0,Bank Withdrawal,1,1,0,3,0,1,1,1,29,2243.9,0,107.01,2.24,2348.67,1,0
58,5,21.14,3139,Month-to-Month,0,1,Male,1,Fiber Optic,39.003358,-121.022539,0,95.65,1,0,0,,0,0,1,0,Bank Withdrawal,1,1,0,4,0,1,1,0,17,1640.0,0,359.38,0.0,1999.38,1,0
70,10,29.3,4222,Month-to-Month,0,1,Male,1,Fiber Optic,34.153338,-118.262974,0,116.5,1,0,0,,1,1,1,0,Bank Withdrawal,1,1,0,4,1,1,0,1,55,6382.55,0,1611.5,0.0,7994.05,1,0
68,12,9.09,4074,Month-to-Month,0,0,Female,1,Fiber Optic,32.886925,-117.152162,0,89.15,1,0,0,Offer C,1,0,1,0,Bank Withdrawal,1,0,0,1,1,0,0,1,26,2277.65,0,236.34,0.0,2513.99,1,1
23,69,44.92,5762,Two Year,0,1,Female,1,DSL,36.757345,-119.818274,1,89.8,1,0,3,,1,1,0,1,Credit Card,1,1,1,3,0,1,1,1,72,6510.45,0,3234.24,0.0,9744.69,1,0
27,59,30.6,4727,One Year,0,1,Female,1,Fiber Optic,34.9436,-115.287901,0,95.65,0,0,0,Offer B,1,1,1,0,Credit Card,1,0,0,3,0,0,0,1,46,4664.2,0,1407.6,0.0,6071.8,1,0
78,14,1.28,3172,Month-to-Month,0,1,Female,1,Fiber Optic,37.672906,-120.946594,1,99.55,1,0,1,Offer D,0,0,1,1,Bank Withdrawal,1,0,1,3,1,1,0,1,11,1131.2,0,14.08,0.0,1145.28,1,1
59,0,33.0,4742,Two Year,0,0,Female,0,,37.285677,-122.224165,1,24.45,1,0,10,,0,0,1,1,Credit Card,1,0,1,5,0,0,0,0,71,1681.6,0,2343.0,0.0,4024.6,0,0
73,30,1.34,4988,Two Year,0,1,Male,1,Fiber Optic,33.881158,-117.854783,1,93.05,1,0,10,Offer A,1,1,1,1,Bank Withdrawal,1,1,1,3,1,0,0,0,72,6735.05,0,96.48,0.0,6831.53,1,0
19,58,23.27,5453,Two Year,0,1,Male,1,DSL,38.085839,-120.37855,1,91.7,1,0,1,Offer A,1,1,0,1,Bank Withdrawal,1,1,1,3,0,1,1,1,66,6075.9,0,1535.82,0.0,7611.72,1,0
55,2,42.16,4676,Month-to-Month,0,0,Male,1,Cable,36.722898,-121.633648,0,75.7,0,0,0,,0,1,1,0,Bank Withdrawal,1,0,0,1,0,0,0,0,2,189.2,0,84.32,0.0,273.52,1,1
33,3,21.03,3684,Month-to-Month,0,0,Male,1,DSL,33.796568,-116.924723,0,55.3,0,0,0,,0,0,1,0,Credit Card,1,0,0,4,0,1,1,0,4,238.5,0,84.12,0.0,322.62,1,0
53,24,22.86,2075,Month-to-Month,0,0,Female,1,Fiber Optic,33.848733,-117.788357,0,81.1,0,0,0,,0,0,1,0,Bank Withdrawal,1,0,0,3,0,1,1,0,1,81.1,0,22.86,0.0,103.96,1,1
56,0,15.21,5478,Two Year,1,0,Female,0,,34.282704,-118.312929,0,19.75,0,2,0,,0,0,1,0,Credit Card,1,0,0,4,0,0,0,0,72,1567.0,0,1095.12,25.98,2636.14,0,0
47,21,0.0,3518,Month-to-Month,1,0,Male,1,Cable,37.704384,-122.126703,0,24.7,0,3,0,,0,0,1,0,Bank Withdrawal,0,0,0,4,0,0,0,0,1,24.7,0,0.0,0.0,24.7,0,0
80,18,13.84,4423,One Year,0,1,Female,1,Cable,34.083086,-117.737997,1,107.55,1,0,1,,0,0,1,1,Bank Withdrawal,1,1,1,2,1,1,0,1,43,4533.9,140,595.12,0.0,5269.02,0,1
34,25,41.14,5411,One Year,0,1,Male,1,Fiber Optic,39.381174,-121.21191,0,104.65,1,0,0,Offer B,0,0,1,0,Bank Withdrawal,1,1,0,2,0,1,1,1,58,6219.6,40,2386.12,0.0,8645.72,0,1
29,41,49.74,6035,Two Year,0,1,Male,1,Cable,37.572273,-121.964583,0,65.55,0,0,0,Offer A,0,1,0,0,Bank Withdrawal,1,0,0,4,0,1,1,0,67,4361.55,40,3332.58,0.0,7734.13,0,0
34,13,20.27,4093,One Year,0,0,Female,1,DSL,39.408634,-123.045516,1,80.1,1,0,7,,1,0,1,1,Bank Withdrawal,1,1,1,5,0,1,1,1,59,4693.2,0,1195.93,0.0,5889.13,1,0
57,11,17.19,5763,Month-to-Month,0,0,Male,1,DSL,40.497283,-123.93037,1,54.6,0,0,4,,0,0,0,1,Bank Withdrawal,1,0,1,3,0,0,0,1,21,1125.2,0,360.99,0.0,1486.19,1,0
62,17,43.51,3716,Month-to-Month,0,0,Female,1,Fiber Optic,38.400264,-120.641274,0,85.4,0,0,0,Offer E,0,0,1,0,Credit Card,1,1,0,2,0,1,1,0,5,425.9,0,217.55,0.0,643.45,1,1
21,0,38.6,3402,Month-to-Month,1,0,Female,0,,36.993451,-122.098858,1,20.0,0,3,4,,0,0,0,1,Bank Withdrawal,1,0,1,3,0,0,0,0,20,417.65,0,772.0,9.73,1179.92,0,0
80,10,41.57,5041,Two Year,0,0,Female,1,Fiber Optic,38.931425,-121.946081,0,74.9,1,0,0,Offer C,0,0,1,0,Bank Withdrawal,1,0,0,3,1,0,0,0,36,2659.45,0,1496.52,0.0,4155.97,1,0
33,0,4.15,4993,Two Year,1,0,Female,0,,37.971421,-121.971504,1,25.45,1,2,0,Offer A,0,0,0,1,Bank Withdrawal,1,0,0,3,0,0,0,0,71,1813.35,0,294.65,0.0,2108.0,0,0
28,0,26.49,3408,Two Year,0,0,Female,0,,38.104705,-122.247387,0,19.85,0,0,0,,0,0,0,0,Credit Card,1,0,0,3,0,0,0,0,37,784.25,0,980.13,0.0,1764.38,0,0
75,22,16.05,3669,Month-to-Month,0,0,Male,1,Fiber Optic,33.744439,-117.98588,1,70.1,0,0,1,,0,0,1,1,Credit Card,1,0,1,2,1,0,0,0,7,467.55,0,112.35,20.23,559.67,1,1
50,0,1.2,3058,One Year,1,0,Male,0,,40.497441,-121.827524,0,19.8,0,3,0,Offer D,0,0,0,0,Credit Card,1,0,0,3,0,0,0,0,23,465.45,0,27.6,0.0,493.05,0,0
57,6,14.38,5671,Month-to-Month,0,0,Female,1,Fiber Optic,38.123544,-121.159078,0,89.75,1,0,0,Offer D,1,0,1,0,Bank Withdrawal,1,0,0,3,0,0,0,1,12,1052.4,0,172.56,0.0,1224.96,1,1
40,27,3.78,6365,One Year,1,1,Male,1,Fiber Optic,40.913192,-123.06597,1,105.25,1,1,7,Offer B,1,0,1,1,Bank Withdrawal,1,0,1,3,0,1,1,1,53,5576.3,0,200.34,0.0,5776.64,1,0
56,53,8.18,6136,Month-to-Month,1,0,Female,1,Fiber Optic,32.759327,-116.99726,1,95.4,1,6,6,Offer B,0,0,1,1,Bank Withdrawal,1,0,1,5,0,1,1,1,49,4613.95,0,400.82,0.0,5014.77,1,0
26,52,23.06,5460,Month-to-Month,0,0,Male,1,Fiber Optic,38.161321,-122.271588,1,90.75,0,0,0,Offer E,0,0,1,1,Bank Withdrawal,1,0,0,3,0,1,1,1,1,90.75,0,23.06,0.0,113.81,1,1
25,48,4.0,5292,Month-to-Month,0,1,Male,1,Fiber Optic,32.787836,-117.232376,1,89.2,1,0,1,,0,0,1,1,Bank Withdrawal,1,0,1,1,0,1,1,0,29,2698.35,0,116.0,0.0,2814.35,1,1
75,27,13.63,3077,Month-to-Month,0,0,Male,1,Fiber Optic,39.12334,-122.838198,1,89.5,0,0,1,Offer E,0,0,1,1,Bank Withdrawal,1,0,1,2,1,1,0,1,7,676.7,0,95.41,0.0,772.11,1,1
78,9,25.51,4915,Two Year,0,0,Male,1,Fiber Optic,40.408796,-121.579609,0,84.35,1,0,0,Offer D,0,0,1,0,Bank Withdrawal,1,0,0,4,1,0,0,1,20,1745.2,10,510.2,0.0,2265.4,0,0
60,22,33.97,5796,Month-to-Month,0,0,Male,1,DSL,40.877552,-121.885884,0,51.15,0,0,0,,0,1,1,0,Bank Withdrawal,1,0,0,3,0,0,0,0,24,1275.7,0,815.28,0.0,2090.98,1,0
49,0,27.93,4185,Two Year,1,0,Male,0,,34.137319,-118.029837,1,25.1,1,2,7,Offer A,0,0,1,1,Credit Card,1,0,1,3,0,0,0,0,72,1790.8,0,2010.96,46.81,3754.95,0,0
58,28,32.27,3937,One Year,1,0,Male,1,Cable,40.923558,-122.059933,1,62.1,1,3,10,,0,1,1,1,Credit Card,1,1,1,3,0,0,0,0,17,1096.65,0,548.59,0.0,1645.24,1,0
28,27,9.76,4559,Month-to-Month,0,0,Female,1,Cable,32.961064,-117.134917,1,70.7,0,0,1,Offer E,0,0,1,1,Bank Withdrawal,1,0,1,2,0,0,0,0,2,141.45,0,19.52,0.0,160.97,1,1
39,3,37.5,4633,Month-to-Month,0,0,Female,1,DSL,39.672813,-120.456699,0,43.8,0,0,0,Offer E,0,0,0,0,Bank Withdrawal,1,0,0,5,0,0,0,0,1,43.8,0,37.5,0.0,81.3,1,0
75,11,42.19,4368,Two Year,0,0,Male,1,Fiber Optic,37.114335,-122.237162,0,72.95,1,0,0,Offer B,0,0,1,0,Bank Withdrawal,1,0,0,3,1,0,0,0,52,3829.75,0,2193.88,0.0,6023.63,1,0
39,12,0.0,5768,Month-to-Month,0,0,Female,1,DSL,37.22565,-122.297533,0,24.6,0,0,0,,0,0,0,0,Bank Withdrawal,0,0,0,2,0,0,0,0,1,24.6,0,0.0,0.0,24.6,1,1
52,0,26.85,5355,One Year,0,0,Female,0,,32.730583,-115.501083,0,20.05,0,0,0,,0,0,0,0,Credit Card,1,0,0,4,0,0,0,0,11,237.7,0,295.35,0.0,533.05,0,0
29,52,7.6,4852,Month-to-Month,0,0,Female,1,DSL,37.333851,-121.891147,1,75.4,1,0,5,Offer D,1,0,1,1,Bank Withdrawal,1,0,1,3,0,1,1,1,17,1322.55,0,129.2,0.0,1451.75,1,0
21,51,49.29,4630,One Year,0,1,Male,1,Fiber Optic,38.672708,-122.403219,0,105.0,0,0,0,,1,0,1,0,Bank Withdrawal,1,1,0,2,0,1,1,1,52,5426.85,0,2563.08,0.0,7989.93,1,1
59,15,42.08,5461,One Year,0,1,Male,1,Fiber Optic,38.606703,-120.586659,1,110.7,1,0,9,Offer C,0,1,1,1,Bank Withdrawal,1,1,1,3,0,1,1,1,38,4428.6,0,1599.04,0.0,6027.64,1,0
45,53,11.36,4388,Two Year,1,1,Female,1,Fiber Optic,36.220761,-120.980777,1,115.15,1,3,3,Offer A,1,1,1,1,Credit Card,1,1,1,4,0,1,1,1,70,8250.0,0,795.2,0.0,9045.2,1,0
53,24,11.81,2266,Month-to-Month,0,0,Female,1,Fiber Optic,37.343846,-121.039391,0,91.1,0,0,0,,0,0,1,0,Bank Withdrawal,1,0,0,2,0,1,1,1,6,455.3,0,70.86,0.0,526.16,1,1
23,0,13.35,5970,Two Year,0,0,Female,0,,35.151491,-117.927597,1,24.1,1,0,9,Offer B,0,0,1,1,Credit Card,1,0,1,4,0,0,0,0,61,1551.6,0,814.35,0.0,2365.95,0,0
31,13,0.0,4193,Month-to-Month,0,0,Male,1,DSL,33.000269,-117.072093,0,25.35,0,0,0,,0,0,0,0,Credit Card,0,0,0,4,0,0,0,0,1,25.35,0,0.0,0.0,25.35,1,0
21,59,45.21,5083,Two Year,1,0,Male,1,Cable,33.748478,-117.858918,1,54.65,0,1,1,,0,1,0,1,Bank Withdrawal,1,1,1,3,0,0,0,0,45,2553.7,0,2034.45,0.0,4588.15,1,0
20,76,6.5,4922,Month-to-Month,1,0,Female,1,Fiber Optic,32.852947,-114.850784,1,85.95,1,2,0,Offer D,0,0,0,1,Bank Withdrawal,1,0,0,3,0,1,1,0,10,858.6,0,65.0,0.0,923.6,1,0
65,9,24.96,3021,Two Year,0,1,Female,1,Fiber Optic,33.22784,-117.200024,0,75.5,0,0,0,,0,0,0,0,Credit Card,1,0,0,3,1,0,0,0,9,637.4,0,224.64,0.0,862.04,1,0
74,6,13.8,4174,Month-to-Month,0,0,Female,1,Fiber Optic,38.018065,-122.546024,0,75.75,1,0,0,,0,0,1,0,Bank Withdrawal,1,0,0,3,1,0,0,0,8,606.25,0,110.4,0.0,716.65,1,1
56,27,45.46,6148,Month-to-Month,0,0,Male,1,Fiber Optic,37.435664,-121.049056,0,98.7,1,0,0,Offer B,1,0,0,0,Bank Withdrawal,1,0,0,3,0,1,1,1,49,4920.55,0,2227.54,0.0,7148.09,1,0
39,0,18.99,5574,Two Year,1,0,Male,0,,37.724817,-122.224363,1,23.9,1,1,9,Offer A,0,0,0,1,Credit Card,1,0,1,4,0,0,0,0,71,1626.4,0,1348.29,0.0,2974.69,0,0
51,28,21.69,2941,Month-to-Month,1,1,Male,1,Fiber Optic,34.137412,-118.207607,0,106.35,1,1,0,Offer C,1,0,1,0,Bank Withdrawal,1,0,0,2,0,1,1,1,34,3549.25,0,737.46,0.0,4286.71,1,1
62,3,35.13,4807,One Year,0,1,Male,1,DSL,40.080342,-120.957805,0,79.0,0,0,0,,0,1,0,0,Credit Card,1,1,0,3,0,1,1,1,60,4801.1,0,2107.8,0.0,6908.9,1,0
70,5,22.02,5111,Two Year,0,0,Male,1,Fiber Optic,40.346634,-120.386422,0,74.45,1,0,0,Offer D,0,0,1,0,Bank Withdrawal,1,0,0,5,1,0,0,0,16,1261.35,0,352.32,0.0,1613.67,1,0
65,16,42.3,5001,Month-to-Month,0,0,Male,1,Fiber Optic,32.957195,-117.202542,0,79.1,0,0,0,,0,0,1,0,Bank Withdrawal,1,0,0,3,1,0,0,1,1,79.1,0,42.3,0.0,121.4,1,1
43,0,2.59,5975,Month-to-Month,0,0,Male,0,,33.760458,-118.129725,0,19.4,0,0,0,,0,0,1,0,Credit Card,1,0,0,4,0,0,0,0,27,460.25,0,69.93,29.59,500.59,0,0
47,13,36.11,4998,Month-to-Month,0,0,Female,1,DSL,39.495768,-121.747472,0,45.0,0,0,0,,0,0,1,0,Bank Withdrawal,1,0,0,3,0,0,0,0,12,524.35,0,433.32,0.0,957.67,1,0
59,16,35.22,4129,Month-to-Month,0,1,Male,1,Fiber Optic,37.758085,-122.434801,1,95.75,1,0,1,,1,0,1,1,Bank Withdrawal,1,0,1,2,0,0,0,1,60,5742.9,0,2113.2,0.0,7856.1,1,1
63,26,19.99,6205,Month-to-Month,0,1,Female,1,DSL,34.074572,-118.831181,1,55.15,0,0,7,,0,1,1,1,Credit Card,1,0,1,3,0,0,0,0,65,3673.15,0,1299.35,0.0,4972.5,1,0
32,24,28.86,3851,Month-to-Month,0,0,Male,1,Cable,33.976328,-117.319786,1,60.9,0,0,7,Offer C,1,1,0,1,Mailed Check,1,1,1,3,0,0,0,0,28,1785.65,0,808.08,0.0,2593.73,1,0
54,0,23.73,2186,Month-to-Month,1,0,Male,0,,33.952714,-118.292061,1,19.85,0,2,8,Offer E,0,0,0,1,Credit Card,1,0,1,5,0,0,0,0,6,138.85,0,142.38,0.0,281.23,0,0
33,25,36.78,5631,One Year,0,1,Male,1,DSL,33.601309,-117.902304,0,86.95,0,0,0,Offer B,1,1,1,0,Bank Withdrawal,1,1,0,4,0,1,1,1,47,4138.9,0,1728.66,0.0,5867.56,1,0
53,22,2.86,2989,Month-to-Month,0,1,Male,1,DSL,37.792489,-122.244314,1,57.45,0,0,1,,0,0,0,1,Bank Withdrawal,1,0,1,1,0,1,1,0,18,990.85,0,51.48,15.73,1026.6,1,1
59,24,0.0,4577,Two Year,0,0,Female,1,DSL,32.984395,-117.013454,1,46.35,0,0,7,Offer C,0,1,1,1,Credit Card,0,1,1,4,0,0,0,1,35,1662.05,140,0.0,0.0,1802.05,0,0
30,27,36.52,2264,Month-to-Month,0,1,Male,1,Fiber Optic,38.486938,-121.395805,0,85.3,1,0,0,,1,0,1,0,Bank Withdrawal,1,0,0,1,0,0,0,0,5,424.15,0,182.6,0.0,606.75,1,1
24,0,7.18,4328,Two Year,0,0,Male,0,,34.119363,-117.855059,0,19.95,0,0,0,,0,0,0,0,Credit Card,1,0,0,4,0,0,0,0,69,1399.35,0,495.42,0.0,1894.77,0,0
54,25,33.66,4768,Month-to-Month,0,1,Female,1,Fiber Optic,36.993666,-119.348267,1,103.65,1,0,4,Offer B,1,0,1,1,Credit Card,1,0,1,5,0,1,1,1,55,5676.65,0,1851.3,0.0,7527.95,1,0
27,59,21.83,3584,Month-to-Month,0,1,Male,1,Fiber Optic,40.656287,-121.428965,1,106.1,1,0,1,Offer D,0,0,1,1,Bank Withdrawal,1,1,1,1,0,1,1,1,21,2249.95,0,458.43,0.0,2708.38,1,1
55,0,11.15,6403,Two Year,1,0,Male,0,,37.639215,-122.037554,1,20.65,0,2,9,Offer B,0,0,0,1,Credit Card,1,0,1,5,0,0,0,0,62,1218.45,0,691.3,0.0,1909.75,0,0
47,0,19.75,6492,Two Year,1,0,Male,0,,38.368744,-122.522642,1,19.95,0,3,4,Offer A,0,0,1,1,Bank Withdrawal,1,0,1,3,0,0,0,0,68,1303.25,0,1343.0,0.0,2646.25,0,0
51,21,12.27,5447,Two Year,0,1,Male,1,DSL,37.746699,-122.442833,0,80.6,1,0,0,,1,1,0,0,Bank Withdrawal,1,1,0,4,0,1,1,0,71,5708.2,0,871.17,0.0,6579.37,1,0
34,22,37.97,3971,Month-to-Month,1,0,Male,1,DSL,38.049292,-122.228415,1,54.3,0,1,6,Offer C,0,1,0,1,Bank Withdrawal,1,1,1,4,0,0,0,0,25,1296.8,0,949.25,0.0,2246.05,1,0
19,58,31.84,4010,Month-to-Month,0,1,Male,1,Cable,33.624654,-117.611733,0,64.3,0,0,0,Offer E,0,0,0,0,Bank Withdrawal,1,1,0,4,0,0,0,1,7,445.95,0,222.88,0.0,668.83,1,0
27,47,1.03,4868,One Year,0,0,Female,1,Fiber Optic,38.005839,-122.638155,0,100.3,0,0,0,,1,1,1,0,Bank Withdrawal,1,0,0,3,0,1,1,1,45,4483.95,0,46.35,0.0,4530.3,1,0
64,12,3.18,4022,Month-to-Month,1,1,Male,1,Fiber Optic,34.031529,-118.491156,1,85.45,0,2,6,,0,0,0,1,Bank Withdrawal,1,0,1,3,0,0,0,1,28,2289.9,0,89.04,0.0,2378.94,1,0
54,18,19.24,4505,Two Year,0,1,Female,1,Fiber Optic,38.475465,-121.443625,1,106.05,1,0,4,,1,1,1,1,Credit Card,1,1,1,3,0,1,1,0,36,3834.4,50,692.64,0.0,4577.04,0,0
74,19,0.0,5421,Two Year,0,1,Male,1,DSL,37.070177,-122.010077,1,46.35,0,0,9,Offer A,1,1,0,1,Credit Card,0,1,1,4,1,0,0,0,71,3353.4,0,0.0,18.64,3334.76,1,0
48,3,35.71,2046,Month-to-Month,0,0,Male,1,Cable,35.490705,-119.286833,1,80.0,0,0,1,Offer E,0,0,0,1,Bank Withdrawal,1,0,1,1,0,1,1,0,1,80.0,0,35.71,0.0,115.71,1,1
20,73,47.91,5109,Month-to-Month,1,0,Female,1,Fiber Optic,35.050345,-120.489599,1,80.85,0,2,8,,0,0,1,1,Bank Withdrawal,1,0,1,5,0,0,0,1,5,356.1,0,239.55,0.0,595.65,1,0
35,0,29.01,5638,Month-to-Month,1,0,Female,0,,33.885811,-118.206459,1,19.25,0,3,1,Offer D,0,0,1,1,Credit Card,1,0,1,1,0,0,0,0,11,180.3,0,319.11,0.0,499.41,0,1
32,17,7.65,3415,Month-to-Month,0,0,Male,1,DSL,38.235021,-122.557332,0,62.25,0,0,0,Offer D,0,1,0,0,Bank Withdrawal,1,1,0,3,0,0,0,1,10,612.95,0,76.5,0.0,689.45,1,0
71,6,20.48,6102,Two Year,0,1,Female,1,DSL,33.897122,-118.164432,1,88.05,1,0,1,Offer A,1,1,1,1,Credit Card,1,1,1,3,1,1,1,1,72,6425.65,0,1474.56,0.0,7900.21,1,0
62,8,46.49,5831,Month-to-Month,0,0,Male,1,Cable,36.993451,-122.098858,0,61.55,0,0,0,Offer D,0,0,1,0,Credit Card,1,1,0,3,0,0,0,1,19,1093.2,0,883.31,0.0,1976.51,1,0
23,41,29.44,5988,One Year,0,0,Female,1,Cable,32.619465,-116.593605,0,60.15,1,0,0,Offer B,1,1,1,0,Bank Withdrawal,1,0,0,3,0,0,1,0,42,2421.6,0,1236.48,0.0,3658.08,1,0
36,17,0.0,6091,Two Year,0,1,Male,1,Cable,33.970343,-118.171368,1,42.1,0,0,7,Offer A,1,1,0,1,Bank Withdrawal,0,0,1,4,0,0,0,0,72,2962.0,0,0.0,0.0,2962.0,1,0
19,59,36.22,2331,Month-to-Month,0,0,Female,1,Cable,36.560498,-117.962461,0,50.1,0,0,0,,0,1,0,0,Bank Withdrawal,1,0,0,3,0,0,0,0,14,709.5,0,507.08,0.0,1216.58,1,0
77,20,49.6,3106,Month-to-Month,0,1,Male,1,Fiber Optic,40.923558,-122.059933,0,88.8,1,0,0,,0,0,1,0,Bank Withdrawal,1,0,0,1,1,0,0,1,1,88.8,10,49.6,0.0,148.4,0,1
52,26,14.26,4944,Month-to-Month,0,1,Male,1,DSL,37.386978,-122.177746,0,70.05,0,0,0,,0,0,1,0,Bank Withdrawal,1,0,0,1,0,1,1,1,5,346.4,0,71.3,0.0,417.7,1,1
60,2,15.2,5754,Month-to-Month,0,0,Male,1,Fiber Optic,37.908242,-121.682472,0,85.0,0,0,0,,1,0,1,0,Bank Withdrawal,1,0,0,4,0,1,1,0,1,85.0,0,15.2,0.0,100.2,1,0
26,69,36.7,4459,One Year,1,0,Male,1,DSL,34.076259,-118.310715,1,69.05,1,2,5,Offer C,0,1,0,1,Bank Withdrawal,1,1,1,4,0,0,0,1,29,1958.45,40,1064.3,0.0,3062.75,0,0
56,11,45.57,4838,Two Year,0,1,Male,1,DSL,33.03933,-115.191857,0,74.6,1,0,0,Offer A,1,1,1,0,Credit Card,1,0,0,3,0,1,1,0,66,4798.4,0,3007.62,0.0,7806.02,1,0
44,7,6.58,5678,Two Year,0,1,Female,1,Fiber Optic,36.822715,-119.761826,1,105.0,1,0,7,,0,1,1,1,Credit Card,1,0,1,3,0,1,1,1,72,7589.8,0,473.76,0.0,8063.56,1,0
74,4,0.0,2599,Two Year,0,1,Male,1,DSL,37.963995,-122.288296,0,45.4,0,0,0,,0,0,0,0,Credit Card,0,1,0,5,1,0,0,1,5,214.75,0,0.0,0.0,214.75,1,0
29,71,4.48,2767,One Year,0,1,Female,1,Fiber Optic,36.452211,-119.94575,0,95.55,0,0,0,Offer C,0,1,1,0,Bank Withdrawal,1,1,0,1,0,0,1,1,39,3692.85,0,174.72,0.0,3867.57,1,1
30,0,43.84,5249,Month-to-Month,0,0,Female,0,,35.480896,-120.469476,0,25.7,1,0,0,Offer E,0,0,1,0,Bank Withdrawal,1,0,0,3,0,0,0,0,1,25.7,0,43.84,0.0,69.54,0,0
67,11,16.32,2075,Month-to-Month,0,0,Male,1,Fiber Optic,38.626128,-121.328011,0,74.95,1,0,0,Offer D,0,0,1,0,Bank Withdrawal,1,0,0,3,1,0,0,0,14,1036.75,0,228.48,39.29,1225.94,1,1
59,0,20.73,2111,Two Year,1,0,Male,0,,40.531257,-122.148139,1,26.3,1,3,1,Offer B,0,0,0,1,Bank Withdrawal,1,0,1,3,0,0,0,0,48,1245.05,0,995.04,0.0,2240.09,0,0
27,52,33.39,5723,Two Year,1,1,Female,1,Fiber Optic,37.212191,-119.749323,1,109.55,1,3,9,,1,1,0,1,Credit Card,1,0,1,4,0,1,1,1,72,7887.25,120,2404.08,0.0,10411.33,0,0
23,58,48.17,5662,One Year,0,0,Female,1,DSL,38.35363,-121.44195,0,58.6,0,0,0,Offer C,1,0,1,0,Credit Card,1,0,0,4,0,0,0,1,39,2224.5,0,1878.63,0.0,4103.13,1,0
39,12,39.58,5438,Month-to-Month,0,1,Male,1,Fiber Optic,34.207295,-118.400022,0,89.4,0,0,0,Offer D,1,0,1,0,Bank Withdrawal,1,0,0,2,0,0,0,1,22,2001.5,0,870.76,0.0,2872.26,1,1
59,25,14.09,3427,Month-to-Month,0,0,Male,1,Fiber Optic,32.787836,-117.232376,1,83.65,1,0,1,,0,0,1,1,Bank Withdrawal,1,0,1,2,0,1,1,0,19,1465.75,130,267.71,0.0,1863.46,0,1
55,28,14.14,4795,Two Year,0,1,Male,1,DSL,34.008293,-118.346766,1,73.6,0,0,10,Offer B,1,0,0,1,Bank Withdrawal,1,0,1,4,0,1,1,1,47,3522.65,0,664.58,0.0,4187.23,1,0
48,28,0.0,6406,One Year,0,0,Male,1,DSL,37.17277,-119.2997,0,40.6,0,0,0,Offer B,1,1,1,0,Bank Withdrawal,0,1,0,3,0,0,0,0,63,2588.95,0,0.0,0.0,2588.95,1,0
32,19,19.87,5753,Month-to-Month,0,0,Male,1,DSL,33.761894,-117.120868,0,54.45,0,0,0,,0,1,1,0,Credit Card,1,1,0,3,0,0,0,0,2,87.3,0,39.74,0.0,127.04,1,0
63,20,2.8,6161,Month-to-Month,0,1,Female,1,Fiber Optic,38.542448,-122.419923,1,90.55,1,0,1,,1,0,0,1,Bank Withdrawal,1,1,1,4,0,0,0,0,56,5116.6,40,156.8,0.0,5313.4,0,0
49,16,41.09,4583,Two Year,1,1,Male,1,Fiber Optic,33.752591,-117.993661,1,99.5,1,1,3,,0,0,1,1,Credit Card,1,0,1,4,0,1,1,1,59,5861.75,0,2424.31,0.0,8286.06,1,0
57,11,34.97,4528,Two Year,0,1,Male,1,Cable,34.10097,-117.57882,1,90.6,1,0,1,,1,1,1,1,Credit Card,1,1,1,3,0,1,1,1,72,6441.85,0,2517.84,0.0,8959.69,1,0
42,0,24.71,5072,Two Year,0,0,Female,0,,37.388349,-122.075299,1,25.95,1,0,2,Offer A,0,0,1,1,Credit Card,1,0,1,5,0,0,0,0,71,1801.9,0,1754.41,0.0,3556.31,0,0
50,57,38.44,5100,Month-to-Month,1,0,Male,1,Fiber Optic,34.1528,-118.000482,1,74.35,1,4,9,Offer B,0,0,0,1,Bank Withdrawal,1,0,1,5,0,0,0,0,60,4453.3,0,2306.4,0.0,6759.7,1,0
45,0,41.56,4194,One Year,1,0,Male,0,,37.424342,-122.165641,1,19.4,0,2,1,,0,0,0,1,Credit Card,1,0,1,5,0,0,0,0,57,1061.6,0,2368.92,0.0,3430.52,0,0
22,52,0.0,4275,Two Year,0,1,Female,1,DSL,33.936298,-116.849577,1,66.25,0,0,3,,1,1,0,1,Credit Card,0,1,1,4,0,1,1,1,52,3330.1,0,0.0,0.0,3330.1,1,0
20,51,27.09,6204,Two Year,1,1,Female,1,Fiber Optic,33.976328,-117.319786,0,90.95,1,1,0,Offer A,0,1,1,0,Credit Card,1,1,0,3,0,0,0,0,66,5930.05,0,1787.94,0.0,7717.99,1,0
45,0,35.32,4263,Month-to-Month,0,0,Male,0,,38.574856,-121.46504,0,20.85,0,0,0,,0,0,0,0,Bank Withdrawal,1,0,0,5,0,0,0,0,23,473.9,0,812.36,0.0,1286.26,0,0
79,17,10.67,2654,One Year,0,1,Male,1,DSL,37.680844,-122.48131,0,62.7,0,0,0,,0,1,0,0,Credit Card,1,0,0,1,1,1,0,0,45,2791.5,0,480.15,0.0,3271.65,1,1
24,0,33.61,4766,Two Year,0,0,Male,0,,34.030578,-118.399613,1,24.45,1,0,2,,0,0,0,1,Bank Withdrawal,1,0,1,3,0,0,0,0,71,1730.65,0,2386.31,0.0,4116.96,0,0
66,27,11.57,5084,Month-to-Month,0,0,Male,1,Fiber Optic,37.516791,-121.899117,0,100.3,0,0,0,,0,1,0,0,Credit Card,1,1,0,1,1,1,1,1,8,832.35,0,92.56,0.0,924.91,1,1
52,20,49.3,4418,Month-to-Month,0,0,Male,1,Fiber Optic,34.186211,-117.07683,0,80.25,1,0,0,Offer C,1,0,1,0,Bank Withdrawal,1,0,0,1,0,0,0,0,24,1861.5,0,1183.2,0.0,3044.7,1,1
66,22,32.37,6072,Two Year,0,0,Female,1,Fiber Optic,34.238162,-117.534306,1,78.5,1,0,4,Offer A,0,1,0,1,Bank Withdrawal,1,0,1,3,1,0,0,0,72,5602.25,0,2330.64,0.0,7932.89,1,0
72,24,37.53,5089,Two Year,0,1,Female,1,DSL,38.128087,-121.4078,1,82.7,1,0,1,Offer A,1,1,1,1,Bank Withdrawal,1,1,1,3,1,1,1,0,71,5831.2,0,2664.63,0.0,8495.83,1,0
20,48,37.45,5527,Two Year,0,1,Female,1,DSL,37.674002,-122.076796,1,92.4,1,0,8,,1,1,1,1,Bank Withdrawal,1,1,1,3,0,1,1,1,72,6786.1,150,2696.4,0.0,9632.5,0,0
38,0,13.72,6251,Two Year,0,0,Male,0,,33.884073,-117.732197,1,24.8,1,0,1,,0,0,0,1,Credit Card,1,0,1,3,0,0,0,0,72,1874.3,0,987.84,16.26,2845.88,0,0
61,14,1.59,2326,Month-to-Month,0,0,Female,1,Cable,34.223244,-119.18012,0,53.55,0,0,0,,0,0,1,0,Credit Card,1,0,0,1,0,0,0,1,1,53.55,0,1.59,0.0,55.14,1,1
20,0,20.0,2269,Two Year,1,0,Female,0,,33.521447,-117.602555,1,19.35,0,3,5,,0,0,0,1,Credit Card,1,0,1,5,0,0,0,0,18,309.25,0,360.0,0.0,669.25,0,0
79,11,32.19,4425,Two Year,0,0,Female,1,Fiber Optic,33.921793,-118.140588,0,94.2,1,0,0,,0,0,1,0,Bank Withdrawal,1,0,0,4,1,1,1,1,17,1608.15,0,547.23,36.4,2118.98,1,0
44,0,24.48,4402,Two Year,1,0,Male,0,,33.906496,-116.569499,0,20.0,0,2,0,,0,0,0,0,Bank Withdrawal,1,0,0,3,0,0,0,0,62,1250.1,0,1517.76,0.0,2767.86,0,0
27,46,43.06,4669,Month-to-Month,0,0,Male,1,Fiber Optic,38.166791,-121.14207,0,79.9,0,0,0,Offer E,0,0,1,0,Bank Withdrawal,1,0,0,1,0,1,1,0,4,324.3,0,172.24,0.0,496.54,1,1
49,28,12.97,4170,One Year,1,0,Female,1,Fiber Optic,35.865795,-118.69759,1,88.9,0,1,4,,0,0,0,1,Bank Withdrawal,1,0,1,5,0,1,1,1,56,4968.0,0,726.32,0.0,5694.32,1,0
63,19,15.94,5918,One Year,1,1,Male,1,DSL,37.350284,-121.852855,1,76.75,0,2,1,,1,0,0,1,Credit Card,1,1,1,4,0,1,1,1,59,4541.9,0,940.46,0.0,5482.36,1,0
58,11,20.41,4857,Month-to-Month,0,0,Male,1,Fiber Optic,37.716186,-121.025836,0,86.0,1,0,0,Offer D,0,0,1,0,Bank Withdrawal,1,0,0,1,0,1,1,0,19,1532.45,30,387.79,0.0,1950.24,0,1
67,30,13.56,4478,Two Year,0,0,Male,1,Fiber Optic,38.542532,-121.378826,0,69.15,0,0,0,Offer C,0,0,0,0,Credit Card,1,0,0,3,1,0,0,0,34,2275.1,0,461.04,0.0,2736.14,1,0
37,16,42.39,2205,One Year,0,0,Female,1,Cable,34.827662,-118.999073,1,65.6,0,0,2,,1,0,1,1,Credit Card,1,1,1,3,0,0,0,1,9,593.3,0,381.51,0.0,974.81,1,0
80,0,37.25,5341,Two Year,0,0,Male,0,,37.774633,-122.274434,1,25.45,1,0,3,Offer A,0,0,0,1,Credit Card,1,0,1,5,1,0,0,0,71,1789.65,0,2644.75,0.0,4434.4,0,0
30,69,28.7,5258,Month-to-Month,0,0,Male,1,Fiber Optic,40.587919,-122.464732,0,69.65,0,0,0,Offer E,0,0,1,0,Bank Withdrawal,1,0,0,1,0,0,0,0,1,69.65,0,28.7,0.0,98.35,1,1
44,11,30.96,5097,Two Year,0,1,Male,1,Fiber Optic,34.424926,-117.184503,0,105.65,0,0,0,,0,1,1,0,Bank Withdrawal,1,1,0,4,0,1,1,1,66,6844.5,0,2043.36,0.0,8887.86,1,0
48,17,19.19,4718,Month-to-Month,0,0,Male,1,Fiber Optic,33.936298,-116.849577,0,79.35,1,0,0,,1,0,1,0,Bank Withdrawal,1,0,0,1,0,0,0,0,22,1730.35,0,422.18,0.0,2152.53,1,1
74,13,8.75,5863,One Year,0,1,Female,1,Fiber Optic,37.990118,-122.012188,1,109.55,1,0,7,Offer B,0,1,1,1,Credit Card,1,1,1,2,1,1,0,1,43,4830.25,0,376.25,0.0,5206.5,1,1
41,19,31.4,5795,Two Year,1,1,Male,1,Fiber Optic,38.921333,-120.897718,1,105.25,0,2,3,,1,1,1,1,Bank Withdrawal,1,0,1,3,0,1,1,1,68,7173.15,0,2135.2,0.0,9308.35,1,0
51,13,24.75,2183,Month-to-Month,0,1,Male,1,Fiber Optic,39.492046,-123.375818,0,103.65,1,0,0,Offer B,0,0,1,0,Bank Withdrawal,1,1,0,5,0,1,1,1,45,4747.85,0,1113.75,0.0,5861.6,1,0
67,19,34.55,4148,One Year,0,0,Female,1,Fiber Optic,32.587557,-116.636816,1,87.3,0,0,6,,1,1,0,1,Credit Card,1,0,1,3,1,1,0,0,69,6055.55,0,2383.95,0.0,8439.5,1,0
22,59,0.0,6427,Two Year,0,1,Male,1,DSL,35.989792,-121.055933,1,62.15,0,0,1,Offer B,0,1,1,1,Credit Card,0,1,1,3,0,1,1,1,61,3778.85,0,0.0,0.0,3778.85,1,0
20,59,47.81,6281,One Year,1,0,Male,1,Cable,36.841655,-119.797113,0,62.85,0,2,0,Offer B,1,1,0,0,Credit Card,1,1,0,4,0,0,0,0,53,3419.5,0,2533.93,0.0,5953.43,1,0
80,4,0.0,5600,Two Year,0,1,Male,1,DSL,33.148116,-117.306043,1,50.0,0,0,1,,1,0,1,1,Bank Withdrawal,0,1,1,3,1,0,0,1,33,1750.85,0,0.0,0.0,1750.85,1,0
24,0,16.02,5743,Two Year,1,0,Male,0,,35.886767,-120.608661,1,20.0,0,1,5,,0,0,1,1,Credit Card,1,0,1,3,0,0,0,0,41,879.8,0,656.82,0.0,1536.62,0,0
36,5,12.5,3306,One Year,0,1,Male,1,DSL,37.750021,-122.415201,0,82.0,1,0,0,,0,0,1,0,Credit Card,1,1,0,1,0,1,1,1,18,1425.45,0,225.0,0.0,1650.45,1,1
51,0,30.41,4642,Two Year,1,0,Female,0,,41.10831,-121.360362,1,19.7,0,1,8,,0,0,0,1,Credit Card,1,0,1,4,0,0,0,0,24,452.55,0,729.84,0.0,1182.39,0,0
44,20,37.29,5344,Month-to-Month,0,0,Male,1,Cable,32.898613,-117.202937,0,62.05,1,0,0,,0,0,0,0,Bank Withdrawal,1,0,0,1,0,1,1,0,2,118.3,0,74.58,0.0,192.88,1,1
31,13,12.36,5137,One Year,0,0,Male,1,Fiber Optic,39.624561,-121.552866,0,100.2,1,0,0,Offer C,1,0,0,0,Bank Withdrawal,1,0,0,3,0,1,1,1,28,2688.45,0,346.08,42.64,2991.89,1,0
55,2,12.78,4206,Month-to-Month,0,0,Male,1,Fiber Optic,33.850504,-118.039892,0,89.5,0,0,0,Offer D,0,0,1,0,Bank Withdrawal,1,0,0,3,0,1,1,1,10,863.1,0,127.8,0.0,990.9,1,1
31,26,49.98,4406,One Year,0,0,Male,1,Fiber Optic,38.384648,-121.578701,0,105.4,0,0,0,Offer B,1,1,1,0,Credit Card,1,1,0,1,0,1,1,1,54,5643.4,0,2698.92,0.0,8342.32,1,1
75,4,2.88,3369,Month-to-Month,0,1,Female,1,Fiber Optic,38.674276,-121.961866,1,94.25,1,0,1,,1,0,1,1,Bank Withdrawal,1,0,1,1,1,1,0,0,34,3217.55,0,97.92,0.0,3315.47,1,1
35,0,40.51,4103,Month-to-Month,0,0,Male,0,,41.950683,-124.097094,0,20.15,0,0,0,Offer E,0,0,0,0,Credit Card,1,0,0,2,0,0,0,0,1,20.15,0,40.51,0.0,60.66,0,1
79,25,4.45,3363,Month-to-Month,0,0,Female,1,Fiber Optic,33.119028,-117.166036,0,82.0,1,0,0,,0,0,1,0,Bank Withdrawal,1,0,0,2,1,1,0,0,13,1127.2,0,57.85,0.0,1185.05,1,1
56,4,14.32,2731,Month-to-Month,0,0,Male,1,DSL,37.441931,-121.878502,1,65.85,1,0,1,Offer D,0,1,1,1,Bank Withdrawal,1,0,1,3,0,1,1,0,13,902.25,0,186.16,0.0,1088.41,1,0
35,21,40.87,4118,Month-to-Month,0,0,Female,1,Cable,37.954089,-121.329761,0,44.75,0,0,0,,0,0,0,0,Credit Card,1,0,0,5,0,0,0,0,1,44.75,0,40.87,0.0,85.62,1,0
44,22,40.59,5253,Month-to-Month,0,0,Male,1,DSL,36.77462,-121.664714,0,45.2,0,0,0,Offer D,0,0,0,0,Credit Card,1,0,0,5,0,0,0,0,11,492.0,150,446.49,0.0,1088.49,0,0
20,59,48.91,2297,One Year,0,1,Female,1,DSL,37.516791,-121.899117,0,78.2,0,0,0,Offer C,1,0,0,0,Credit Card,1,1,0,3,0,1,1,1,27,2078.95,0,1320.57,0.0,3399.52,1,0
64,19,13.58,3762,Month-to-Month,0,0,Female,1,DSL,34.441398,-119.513163,0,48.85,1,0,0,,0,0,0,0,Credit Card,1,0,0,4,0,0,0,0,15,631.4,0,203.7,32.09,803.01,1,0
78,12,19.76,5337,Month-to-Month,1,1,Female,1,Fiber Optic,33.936291,-118.332639,1,98.5,0,1,1,Offer C,1,0,1,1,Bank Withdrawal,1,0,1,2,1,1,0,1,25,2514.5,0,494.0,13.43,2995.07,1,1
55,16,0.0,2372,Month-to-Month,0,0,Male,1,Cable,34.408161,-118.865111,0,25.25,0,0,0,,0,0,1,0,Credit Card,0,0,0,3,0,0,0,0,8,186.3,0,0.0,0.0,186.3,1,0
49,0,2.83,5740,Two Year,0,0,Female,0,,34.005439,-118.477507,0,20.05,0,0,0,Offer A,0,0,0,0,Bank Withdrawal,1,0,0,4,0,0,0,0,68,1386.9,0,192.44,0.0,1579.34,0,0
49,28,15.15,5404,Month-to-Month,0,1,Male,1,Fiber Optic,37.051166,-122.056194,1,99.4,1,0,1,,0,1,0,1,Bank Withdrawal,1,1,1,4,0,0,0,1,61,5943.65,0,924.15,0.0,6867.8,1,0
49,22,48.89,4248,Month-to-Month,0,0,Female,1,DSL,32.805518,-117.169052,0,49.65,0,0,0,Offer E,0,0,1,0,Bank Withdrawal,1,1,0,2,0,0,0,0,6,267.35,0,293.34,0.0,560.69,1,1
51,4,45.69,5900,Month-to-Month,0,1,Male,1,Cable,38.490508,-121.284171,0,75.15,0,0,0,,0,0,0,0,Bank Withdrawal,1,1,0,4,0,1,1,1,5,392.65,0,228.45,0.0,621.1,1,0
45,3,42.65,3796,Month-to-Month,0,1,Male,1,Fiber Optic,35.097323,-118.171288,1,104.4,1,0,1,Offer D,1,0,0,1,Bank Withdrawal,1,0,1,2,0,1,1,1,21,2157.95,0,895.65,0.0,3053.6,1,1
54,0,4.26,5651,One Year,1,0,Male,0,,41.266008,-120.490731,1,20.0,0,2,7,,0,0,0,1,Credit Card,1,0,1,3,0,0,0,0,13,218.55,0,55.38,0.0,273.93,0,0
51,11,33.44,5216,Month-to-Month,0,0,Female,1,Fiber Optic,33.819814,-118.222416,0,79.15,1,0,0,Offer D,1,0,1,0,Bank Withdrawal,1,0,0,1,0,0,0,0,23,1676.95,0,769.12,0.0,2446.07,1,1
26,0,12.61,5744,One Year,0,0,Male,0,,35.349241,-116.770281,1,20.85,0,0,1,,0,0,0,1,Bank Withdrawal,1,0,1,4,0,0,0,0,36,720.05,0,453.96,0.0,1174.01,0,0
37,18,22.64,4403,One Year,0,1,Female,1,DSL,32.607964,-117.059459,0,68.95,1,0,0,Offer C,1,0,1,0,Credit Card,1,0,0,5,0,0,0,1,30,2038.7,0,679.2,0.0,2717.9,1,0
69,4,28.67,4320,Two Year,0,0,Male,1,DSL,36.315979,-119.710852,0,44.0,0,0,0,Offer E,0,0,0,0,Bank Withdrawal,1,0,0,4,1,0,0,0,1,44.0,0,28.67,0.0,72.67,1,0
36,28,30.55,2003,Month-to-Month,0,1,Male,1,Fiber Optic,38.244806,-120.417301,1,102.25,1,0,1,,0,0,1,1,Credit Card,1,0,1,1,0,1,1,1,13,1359.0,0,397.15,0.0,1756.15,1,1
64,17,28.36,4190,Two Year,1,1,Female,1,Fiber Optic,33.044541,-116.833922,1,104.05,1,1,1,Offer B,1,1,1,1,Bank Withdrawal,1,1,1,3,0,1,1,0,53,5566.4,0,1503.08,0.0,7069.48,1,0
35,0,5.42,5761,Month-to-Month,0,0,Female,0,,33.391181,-118.421305,1,20.35,0,0,3,Offer E,0,0,0,1,Credit Card,1,0,1,4,0,0,0,0,2,41.85,0,10.84,0.0,52.69,0,0
68,3,27.56,5328,One Year,0,0,Male,1,Fiber Optic,34.083086,-117.737997,1,107.05,1,0,3,,1,0,0,1,Bank Withdrawal,1,1,1,3,1,1,0,1,20,2172.05,0,551.2,0.0,2723.25,1,0
22,0,22.36,5921,Two Year,1,0,Female,0,,34.224377,-118.632656,1,19.7,0,2,5,,0,0,0,1,Credit Card,1,0,1,3,0,0,0,0,71,1415.85,0,1587.56,0.0,3003.41,0,0
24,48,37.76,4769,Two Year,0,0,Female,1,Fiber Optic,37.257772,-122.051824,0,97.45,1,0,0,,1,0,0,0,Bank Withdrawal,1,0,0,3,0,1,1,1,63,6253.0,0,2378.88,0.0,8631.88,1,0
22,0,19.27,5110,One Year,0,0,Male,0,,34.17051,-118.289463,1,20.55,0,0,3,,0,0,1,1,Credit Card,1,0,1,4,0,0,0,0,61,1252.0,0,1175.47,0.0,2427.47,0,0
46,19,12.58,3600,Month-to-Month,0,0,Female,1,Fiber Optic,37.863843,-122.275684,0,70.05,0,0,0,,0,0,1,0,Credit Card,1,0,0,1,0,0,0,0,4,266.9,0,50.32,0.0,317.22,1,1
31,75,46.7,4387,Two Year,1,0,Male,1,Fiber Optic,34.026334,-118.474222,1,79.95,0,8,2,Offer B,1,0,1,1,Bank Withdrawal,1,1,1,3,0,0,0,0,54,4362.05,0,2521.8,0.0,6883.85,1,0
59,26,4.03,3749,Month-to-Month,1,0,Female,1,Cable,33.079834,-117.134275,0,48.8,0,2,0,Offer D,0,0,0,0,Credit Card,1,1,0,3,0,0,0,0,19,953.65,0,76.57,0.0,1030.22,1,0
53,28,41.66,4219,Month-to-Month,0,0,Male,1,Fiber Optic,37.410567,-122.297152,0,94.3,1,0,0,Offer C,1,1,1,0,Credit Card,1,0,0,3,0,1,1,0,30,2679.7,0,1249.8,0.0,3929.5,1,0
26,59,3.35,4910,Month-to-Month,0,1,Male,1,Fiber Optic,35.233745,-120.626442,1,75.3,0,0,10,,0,0,1,1,Credit Card,1,0,1,4,0,0,0,0,29,2263.4,0,97.15,0.0,2360.55,1,0
21,52,0.0,3909,Two Year,0,1,Female,1,Cable,38.731055,-123.316553,0,63.4,0,0,0,,1,1,1,0,Mailed Check,0,1,0,4,0,1,1,1,6,348.8,10,0.0,0.0,358.8,0,0
51,57,36.71,3973,One Year,1,1,Male,1,DSL,33.738543,-117.785046,1,82.0,1,3,2,Offer C,0,0,1,1,Credit Card,1,1,1,4,0,1,1,1,26,2083.1,0,954.46,42.43,2995.13,1,0
20,59,24.33,4142,Month-to-Month,1,0,Male,1,Fiber Optic,32.72523,-117.171346,1,90.1,0,3,1,,0,0,1,1,Bank Withdrawal,1,0,1,3,0,1,1,1,1,90.1,0,24.33,0.0,114.43,1,0
21,51,9.98,2570,Month-to-Month,0,0,Female,1,Fiber Optic,35.214982,-118.59049,1,97.95,1,0,4,Offer E,1,0,1,1,Bank Withdrawal,1,0,1,3,0,1,1,1,4,384.5,0,39.92,0.0,424.42,1,1
63,8,35.0,4745,One Year,0,0,Male,1,Fiber Optic,38.333133,-121.920151,1,96.4,1,0,7,Offer B,1,1,1,1,Credit Card,1,0,1,3,0,1,1,0,51,4911.05,0,1785.0,0.0,6696.05,1,0
45,7,0.0,5052,One Year,0,0,Male,1,DSL,40.142256,-123.852927,0,35.4,0,0,0,Offer B,0,1,1,0,Credit Card,0,1,0,3,0,0,0,0,50,1748.9,0,0.0,0.0,1748.9,1,0
19,73,0.0,3445,One Year,0,0,Female,1,DSL,34.037037,-118.705803,0,41.15,0,0,0,Offer C,1,1,0,0,Bank Withdrawal,0,1,0,4,0,0,0,0,39,1700.9,0,0.0,0.0,1700.9,1,0
47,19,27.25,5534,Two Year,0,0,Male,1,Fiber Optic,34.274846,-116.937581,1,105.5,0,0,8,Offer A,1,1,0,1,Bank Withdrawal,1,1,1,3,0,1,1,1,72,7611.55,0,1962.0,0.0,9573.55,1,0
64,7,11.58,5514,Month-to-Month,0,0,Male,1,Fiber Optic,34.159007,-118.087353,0,74.85,1,0,0,Offer E,0,0,1,0,Bank Withdrawal,1,0,0,4,0,0,0,0,8,572.45,0,92.64,0.0,665.09,1,0
23,42,0.0,5455,One Year,0,0,Female,1,Cable,36.991762,-119.242874,0,40.35,0,0,0,,0,0,1,0,Credit Card,0,1,0,4,0,1,1,0,30,1187.05,0,0.0,0.0,1187.05,1,0
25,59,14.19,2412,Month-to-Month,0,0,Female,1,Fiber Optic,33.507255,-117.029473,0,69.6,0,0,0,,0,0,1,0,Bank Withdrawal,1,0,0,1,0,0,1,0,1,69.6,0,14.19,0.0,83.79,1,1
73,20,18.38,3561,Month-to-Month,0,1,Female,1,Fiber Optic,34.404544,-119.302118,0,86.85,0,0,0,,0,0,1,0,Bank Withdrawal,1,0,0,2,1,0,0,1,3,220.95,0,55.14,0.0,276.09,1,1
63,11,0.0,3090,Month-to-Month,0,0,Male,1,Cable,40.077028,-121.494168,0,25.65,0,0,0,,0,0,1,0,Mailed Check,0,0,0,3,0,0,0,0,17,440.2,0,0.0,0.0,440.2,1,0
40,13,0.0,4003,One Year,0,0,Male,1,DSL,41.405193,-123.008567,0,45.05,0,0,0,Offer C,0,1,0,0,Bank Withdrawal,0,1,0,3,0,0,0,1,39,1790.6,0,0.0,0.0,1790.6,1,0
39,0,8.95,4931,One Year,0,0,Female,0,,33.801869,-117.995068,0,20.15,0,0,0,Offer D,0,0,0,0,Bank Withdrawal,1,0,0,3,0,0,0,0,18,390.85,0,161.1,0.0,551.95,0,1
37,14,48.38,3212,Month-to-Month,0,0,Female,1,Fiber Optic,37.670526,-120.877572,1,80.3,0,0,1,Offer E,0,0,1,1,Bank Withdrawal,1,0,1,1,0,1,1,0,3,250.05,0,145.14,0.0,395.19,1,1
70,30,43.45,5056,Month-to-Month,0,0,Female,1,Fiber Optic,34.312945,-118.858169,0,69.85,0,0,0,,0,0,1,0,Bank Withdrawal,1,0,0,1,1,0,0,0,1,69.85,40,43.45,0.0,153.3,0,1
57,24,1.27,6301,Two Year,0,1,Female,1,DSL,36.245926,-118.693138,1,73.8,0,0,9,Offer B,0,0,1,1,Bank Withdrawal,1,1,1,4,0,1,1,1,61,4616.05,30,77.47,49.51,4674.01,0,0
59,23,49.33,5544,Month-to-Month,0,0,Female,1,Fiber Optic,34.030915,-117.273201,1,80.4,0,0,8,,0,0,0,1,Bank Withdrawal,1,0,1,3,0,1,1,0,36,2937.65,0,1775.88,0.0,4713.53,1,0
75,10,5.31,5604,Month-to-Month,0,0,Male,1,Fiber Optic,36.057458,-118.591951,1,94.55,1,0,7,,0,0,1,1,Bank Withdrawal,1,0,1,1,1,1,1,1,20,1899.65,0,106.2,0.0,2005.85,1,1
50,0,1.36,3048,One Year,0,0,Female,0,,34.048013,-118.293953,0,19.9,0,0,0,,0,0,0,0,Credit Card,1,0,0,5,0,0,0,0,25,527.5,0,34.0,0.0,561.5,0,0
41,0,17.12,4747,Two Year,0,0,Female,0,,39.672813,-120.456699,1,25.8,1,0,8,Offer A,0,0,0,1,Credit Card,1,0,1,4,0,0,0,0,68,1911.5,0,1164.16,0.0,3075.66,0,0
68,25,39.69,3689,Month-to-Month,0,1,Male,1,Fiber Optic,34.567058,-117.362329,0,101.4,1,0,0,Offer C,0,0,1,0,Bank Withdrawal,1,0,0,3,1,1,0,1,35,3496.3,0,1389.15,0.0,4885.45,1,1
61,3,8.18,4857,One Year,0,1,Male,1,Fiber Optic,32.68674,-117.186612,1,104.1,1,0,4,Offer A,1,0,0,1,Bank Withdrawal,1,0,1,2,0,1,1,1,67,7040.85,0,548.06,0.0,7588.91,1,1
37,0,26.95,5849,Two Year,0,0,Female,0,,33.912246,-118.236773,1,20.15,0,0,5,Offer B,0,0,0,1,Bank Withdrawal,1,0,1,4,0,0,0,0,50,930.9,0,1347.5,0.0,2278.4,0,0
55,17,0.0,4256,One Year,0,1,Male,1,Cable,34.238208,-118.55029,0,54.0,0,0,0,,0,1,1,0,Bank Withdrawal,0,0,0,3,0,1,1,1,44,2440.25,0,0.0,5.47,2434.78,1,0
64,8,12.98,4000,One Year,0,0,Female,1,DSL,39.170376,-120.838404,1,64.85,1,0,6,,0,0,1,1,Bank Withdrawal,1,1,1,3,0,0,0,1,43,2908.2,0,558.14,0.0,3466.34,1,0
50,21,8.44,3128,Month-to-Month,1,1,Male,1,Cable,33.752524,-118.210737,1,69.5,0,1,1,,1,0,1,1,Credit Card,1,1,1,4,0,1,1,0,15,1071.4,0,126.6,0.0,1198.0,1,0
73,25,17.22,2136,Two Year,0,0,Female,1,DSL,34.17051,-118.289463,1,63.55,1,0,5,Offer D,1,1,1,1,Credit Card,1,1,1,3,1,0,0,0,22,1381.8,0,378.84,0.0,1760.64,1,0
39,18,23.82,4516,Month-to-Month,0,0,Male,1,Fiber Optic,34.144703,-117.770299,0,74.6,1,0,0,Offer B,0,0,1,0,Bank Withdrawal,1,0,0,5,0,0,0,0,49,3720.35,0,1167.18,0.0,4887.53,1,0
21,85,36.06,5317,Month-to-Month,0,0,Male,1,Fiber Optic,37.827946,-122.107185,0,70.7,0,0,0,,0,0,0,0,Credit Card,1,0,0,1,0,0,0,0,2,140.7,0,72.12,0.0,212.82,1,1
38,17,0.0,4159,Two Year,0,1,Female,1,DSL,34.2112,-118.230625,1,51.35,0,0,10,Offer B,1,0,0,1,Credit Card,0,1,1,3,0,0,0,1,61,3244.4,0,0.0,0.0,3244.4,1,0
65,9,0.0,3920,Two Year,0,1,Male,1,Cable,38.065359,-122.665566,1,53.95,0,0,8,Offer B,1,0,1,1,Bank Withdrawal,0,0,1,3,1,1,1,1,41,2215.4,0,0.0,0.0,2215.4,1,0
39,53,23.52,6484,Month-to-Month,1,0,Male,1,Fiber Optic,39.025867,-123.381544,1,96.95,1,3,4,Offer B,1,0,1,1,Credit Card,1,1,1,5,0,0,0,1,56,5432.2,0,1317.12,0.0,6749.32,1,0
47,10,5.39,3953,Month-to-Month,0,0,Male,1,Fiber Optic,33.507255,-117.029473,0,90.7,0,0,0,,0,0,0,0,Credit Card,1,0,0,4,0,1,1,1,3,237.65,0,16.17,0.0,253.82,1,0
60,28,17.52,3325,One Year,0,0,Female,1,DSL,39.00978,-120.978273,0,58.2,0,0,0,,1,1,0,0,Bank Withdrawal,1,1,0,4,0,0,0,0,8,469.25,30,140.16,0.0,639.41,0,0
79,23,5.09,2407,Month-to-Month,0,0,Female,1,Fiber Optic,32.76501,-117.19938,0,74.4,1,0,0,,0,0,1,0,Bank Withdrawal,1,0,0,1,1,0,0,0,22,1692.6,0,111.98,0.0,1804.58,0,1
33,5,28.83,5228,One Year,0,1,Male,1,Fiber Optic,33.778436,-118.118648,1,96.65,0,0,1,Offer D,0,0,1,1,Bank Withdrawal,1,0,1,5,0,1,1,1,17,1588.25,0,490.11,0.0,2078.36,1,0
74,10,11.91,5768,One Year,0,0,Female,1,Fiber Optic,38.922812,-121.312005,1,105.6,1,0,3,,1,1,1,1,Bank Withdrawal,1,0,1,3,1,1,1,1,67,7112.15,0,797.97,0.0,7910.12,1,0
63,18,39.77,3851,Month-to-Month,1,1,Female,1,DSL,37.653947,-118.231443,1,76.5,0,1,5,,1,0,0,1,Bank Withdrawal,1,1,1,5,0,1,1,1,15,1155.6,0,596.55,0.0,1752.15,1,0
59,22,49.95,4133,Month-to-Month,1,0,Male,1,Fiber Optic,38.375325,-121.507935,1,74.3,1,2,4,Offer B,0,0,1,1,Bank Withdrawal,1,0,1,5,0,0,0,0,57,4018.35,70,2847.15,0.0,6935.5,0,0
53,13,3.66,4262,Two Year,0,1,Male,1,DSL,36.917652,-119.593757,0,69.65,1,0,0,Offer A,1,1,0,0,Bank Withdrawal,1,1,0,5,0,0,0,0,72,4908.25,0,263.52,0.0,5171.77,1,0
29,51,5.93,4072,One Year,0,0,Male,1,Fiber Optic,39.559709,-120.345639,1,100.95,1,0,1,,0,0,1,1,Bank Withdrawal,1,1,1,3,0,1,1,1,19,1875.55,0,112.67,0.0,1988.22,1,1
41,0,39.59,4208,One Year,0,0,Female,0,,37.106902,-122.100006,0,20.25,0,0,0,,0,0,0,0,Credit Card,1,0,0,5,0,0,0,0,7,129.15,0,277.13,0.0,406.28,0,0
38,22,1.12,3608,Month-to-Month,0,0,Female,1,Fiber Optic,39.239818,-123.565432,1,85.75,0,0,1,Offer E,0,0,1,1,Bank Withdrawal,1,1,1,1,0,0,0,1,5,470.95,0,5.6,44.16,432.39,1,1
47,16,21.93,3445,Month-to-Month,0,0,Female,1,Fiber Optic,34.050198,-118.210946,0,79.55,1,0,0,Offer D,0,0,1,0,Credit Card,1,1,0,3,0,0,0,0,12,958.25,0,263.16,0.0,1221.41,1,0
54,0,17.43,5847,Two Year,1,0,Female,0,,39.873371,-123.741474,1,24.9,1,1,4,,0,0,1,1,Credit Card,1,0,1,5,0,0,0,0,67,1680.25,0,1167.81,0.0,2848.06,0,0
77,21,33.57,5352,One Year,0,1,Male,1,DSL,33.929812,-116.76058,1,84.8,1,0,5,,1,0,1,1,Bank Withdrawal,1,1,1,3,1,1,0,1,27,2309.55,0,906.39,0.0,3215.94,1,0
68,29,44.56,5896,Two Year,0,1,Male,1,Fiber Optic,38.107441,-120.230625,0,116.1,1,0,0,,1,1,1,0,Credit Card,1,1,0,3,1,1,0,1,67,7839.85,40,2985.52,0.0,10865.37,0,0
45,27,0.0,2136,Two Year,0,1,Male,1,DSL,33.817473,-117.810462,0,54.85,0,0,0,,1,1,0,0,Credit Card,0,1,0,4,0,0,0,1,16,916.15,0,0.0,0.0,916.15,1,0
33,23,18.0,2742,Month-to-Month,0,0,Female,1,Fiber Optic,34.213049,-118.317651,0,79.15,1,0,0,Offer E,1,0,1,0,Credit Card,1,0,0,4,0,0,0,0,1,79.15,60,18.0,0.0,157.15,0,0
42,0,27.65,3879,Two Year,1,0,Female,0,,37.553469,-120.952825,1,20.25,0,1,7,,0,0,0,1,Bank Withdrawal,1,0,1,3,0,0,0,0,46,890.35,0,1271.9,0.0,2162.25,0,0
53,0,38.51,5046,Two Year,1,0,Female,0,,34.647959,-117.296957,1,21.0,0,3,8,Offer B,0,0,0,1,Credit Card,1,0,1,3,0,0,0,0,55,1210.3,0,2118.05,0.0,3328.35,0,0
67,4,0.0,3244,Month-to-Month,0,0,Female,1,DSL,37.34667,-121.910019,0,34.7,0,0,0,Offer D,0,0,1,0,Bank Withdrawal,0,0,0,1,1,1,0,0,10,329.8,0,0.0,0.0,329.8,1,1
52,0,1.44,3260,Two Year,1,0,Female,0,,36.863303,-121.781632,1,20.05,0,1,1,,0,0,0,1,Credit Card,1,0,1,5,0,0,0,0,47,1016.7,0,67.68,0.0,1084.38,0,0
54,23,5.01,4777,Two Year,1,1,Male,1,Fiber Optic,34.067932,-117.785168,1,94.35,1,2,2,Offer B,0,0,0,1,Bank Withdrawal,1,1,1,4,0,1,1,0,58,5563.65,0,290.58,0.0,5854.23,1,0
48,13,25.69,3286,Month-to-Month,0,0,Male,1,Fiber Optic,33.920907,-117.489426,0,100.3,1,0,0,,0,0,1,0,Bank Withdrawal,1,1,0,5,0,1,1,1,42,4222.95,0,1078.98,0.0,5301.93,1,0
57,11,15.92,5963,Month-to-Month,0,0,Female,1,Fiber Optic,33.885811,-118.206459,0,70.3,0,0,0,Offer E,0,0,1,0,Bank Withdrawal,1,0,0,1,0,0,0,0,1,70.3,0,15.92,0.0,86.22,1,1
73,26,17.43,2505,Month-to-Month,0,1,Male,1,Fiber Optic,32.830852,-116.444601,1,103.0,1,0,1,Offer B,1,0,1,1,Bank Withdrawal,1,0,1,1,1,1,0,1,43,4414.3,0,749.49,0.0,5163.79,1,1
35,5,0.0,4529,One Year,0,1,Male,1,DSL,38.047746,-121.030499,0,50.05,0,0,0,,0,0,1,0,Bank Withdrawal,0,0,0,3,0,1,1,1,31,1523.4,0,0.0,0.0,1523.4,1,0
78,22,5.71,3684,Month-to-Month,0,0,Male,1,Fiber Optic,37.461251,-122.235414,0,71.3,0,0,0,Offer D,0,0,0,0,Credit Card,1,0,0,2,1,0,0,0,20,1389.2,0,114.2,0.0,1503.4,1,1
23,59,42.31,4436,Two Year,1,1,Male,1,DSL,33.990646,-117.663025,1,68.05,0,2,2,,1,1,1,1,Bank Withdrawal,1,1,1,4,0,0,0,0,61,4158.25,0,2580.91,0.0,6739.16,1,0
24,52,36.92,4473,One Year,1,0,Female,1,Fiber Optic,34.199787,-118.68493,1,89.35,1,3,1,,0,0,1,1,Bank Withdrawal,1,1,1,4,0,1,1,0,19,1686.85,0,701.48,0.0,2388.33,1,0
40,28,11.75,2597,Month-to-Month,0,0,Male,1,DSL,34.129677,-117.154277,0,49.0,1,0,0,,0,0,1,0,Bank Withdrawal,1,0,0,3,0,0,0,0,15,749.25,0,176.25,0.0,925.5,1,0
31,3,20.86,4028,Month-to-Month,0,0,Male,1,DSL,33.762351,-117.488725,0,49.4,0,0,0,,0,1,0,0,Bank Withdrawal,1,0,0,1,0,0,0,0,18,874.8,0,375.48,0.0,1250.28,1,1
50,12,19.77,5318,Month-to-Month,1,1,Male,1,DSL,35.846067,-119.004073,1,60.2,0,2,5,Offer D,0,0,0,1,Credit Card,1,0,1,4,0,0,0,1,10,563.5,0,197.7,0.0,761.2,1,0
27,0,27.5,4540,One Year,1,0,Male,0,,41.162295,-124.027381,1,20.4,0,2,3,,0,0,0,1,Credit Card,1,0,1,4,0,0,0,0,1,20.4,0,27.5,0.0,47.9,0,0
52,0,10.46,2066,Month-to-Month,0,0,Female,0,,39.094102,-123.500853,0,21.2,0,0,0,,0,0,1,0,Bank Withdrawal,1,0,0,4,0,0,0,0,10,222.65,0,104.6,0.0,327.25,0,0
43,8,38.89,3131,Month-to-Month,0,1,Male,1,Fiber Optic,39.003358,-121.022539,0,104.1,1,0,0,Offer E,1,0,0,0,Mailed Check,1,0,0,3,0,1,1,1,5,541.9,0,194.45,0.0,736.35,1,1
65,23,0.0,5583,Two Year,1,1,Female,1,DSL,34.043144,-118.251977,1,53.0,0,1,4,,1,0,1,1,Bank Withdrawal,0,0,1,4,1,1,1,1,68,3656.25,0,0.0,0.0,3656.25,1,0
37,7,44.33,3249,Month-to-Month,0,0,Female,1,Fiber Optic,34.046174,-118.446333,0,78.9,0,0,0,,0,0,1,0,Bank Withdrawal,1,0,0,2,0,0,0,1,29,2384.15,0,1285.57,0.0,3669.72,1,1
20,71,25.04,3615,Month-to-Month,1,1,Male,1,DSL,41.082472,-121.195215,1,54.35,0,1,6,,0,0,0,1,Credit Card,1,1,1,3,0,0,0,0,31,1647.0,0,776.24,0.0,2423.24,1,0
56,0,22.1,5579,One Year,0,0,Female,0,,39.872961,-120.198876,1,20.05,0,0,3,,0,0,1,1,Bank Withdrawal,1,0,1,5,0,0,0,0,49,923.1,0,1082.9,0.0,2006.0,0,0
44,27,8.94,3246,Two Year,1,0,Female,1,DSL,34.076259,-118.310715,1,79.65,1,1,5,,1,0,0,1,Bank Withdrawal,1,1,1,4,0,1,1,1,48,3870.3,0,429.12,0.0,4299.42,1,0
39,20,38.38,4451,Two Year,0,1,Male,1,DSL,33.798266,-118.300237,1,92.2,1,0,4,Offer A,1,1,1,1,Credit Card,1,1,1,3,0,1,1,1,68,6392.85,0,2609.84,0.0,9002.69,1,0
31,9,17.91,4041,Month-to-Month,0,1,Female,1,Fiber Optic,37.654436,-122.426468,1,88.25,1,0,7,,0,0,0,1,Bank Withdrawal,1,0,1,2,0,0,0,1,17,1460.65,0,304.47,0.0,1765.12,1,1
36,9,0.0,4369,Two Year,0,1,Male,1,Cable,37.862128,-122.075197,0,65.6,0,0,0,,1,1,1,0,Bank Withdrawal,0,1,0,3,0,1,1,1,72,4566.5,0,0.0,0.0,4566.5,1,0
36,3,7.64,5166,Month-to-Month,0,0,Male,1,Fiber Optic,33.290907,-117.202895,0,79.85,1,0,0,Offer B,1,0,1,0,Bank Withdrawal,1,0,0,4,0,0,0,0,54,4308.25,0,412.56,0.0,4720.81,1,0
63,12,0.0,3448,Month-to-Month,0,0,Male,1,Cable,34.139082,-118.39275,0,31.1,0,0,0,Offer D,1,0,1,0,Mailed Check,0,0,0,5,0,0,0,0,14,419.7,0,0.0,0.0,419.7,1,0
30,73,6.49,5982,Month-to-Month,0,1,Female,1,Fiber Optic,34.029043,-118.239504,0,90.05,0,0,0,Offer D,1,0,1,0,Bank Withdrawal,1,0,0,3,0,1,1,0,21,1862.9,30,136.29,0.0,2029.19,0,0
20,47,44.5,6105,One Year,0,1,Male,1,Fiber Optic,33.141265,-116.967221,0,103.25,1,0,0,Offer B,1,0,1,0,Bank Withdrawal,1,0,0,1,0,1,1,1,58,6017.65,0,2581.0,0.0,8598.65,1,1
39,21,48.22,3017,Month-to-Month,0,0,Male,1,DSL,34.085807,-118.206617,0,46.3,0,0,0,,0,0,0,0,Credit Card,1,0,0,1,0,0,0,0,1,46.3,0,48.22,0.0,94.52,1,1
23,42,38.03,3403,Month-to-Month,0,0,Female,1,Fiber Optic,34.903052,-118.411251,1,78.15,1,0,4,,0,1,1,1,Credit Card,1,0,1,3,0,0,0,0,10,765.15,0,380.3,0.0,1145.45,1,0
32,15,49.14,2456,Month-to-Month,0,0,Male,1,Fiber Optic,34.437945,-119.77191,0,88.45,0,0,0,,0,0,1,0,Bank Withdrawal,1,0,0,3,0,1,1,1,4,370.65,0,196.56,0.0,567.21,1,1
76,8,35.67,4503,Two Year,0,0,Female,1,Fiber Optic,39.203817,-121.19584,0,72.75,0,0,0,,1,0,0,0,Bank Withdrawal,1,0,0,4,1,0,0,0,4,317.75,0,142.68,0.0,460.43,1,0
29,59,27.84,2738,One Year,0,0,Male,1,Cable,34.758699,-120.275839,0,61.25,0,0,0,Offer D,1,0,1,0,Bank Withdrawal,1,0,0,3,0,0,0,1,11,729.95,0,306.24,0.0,1036.19,1,0
24,42,7.01,5324,Month-to-Month,0,0,Female,1,Fiber Optic,36.917652,-119.593757,0,76.0,1,0,0,,0,0,1,0,Credit Card,1,0,0,3,0,0,0,0,29,2215.25,0,203.29,0.0,2418.54,1,0
57,29,10.3,4107,Month-to-Month,0,0,Female,1,Fiber Optic,38.148862,-121.737696,0,89.8,0,0,0,Offer D,0,0,1,0,Credit Card,1,0,0,1,0,1,1,1,14,1129.1,0,144.2,0.0,1273.3,1,1
26,76,37.0,4191,Month-to-Month,0,1,Male,1,Fiber Optic,33.889605,-115.257009,0,98.65,0,0,0,,0,0,1,0,Bank Withdrawal,1,1,0,3,0,1,1,1,26,2537.0,0,962.0,0.0,3499.0,1,0
69,20,7.85,4768,One Year,0,0,Female,1,Fiber Optic,33.848733,-117.788357,1,106.85,1,0,8,Offer A,1,1,1,1,Bank Withdrawal,1,0,1,4,1,1,1,1,72,7677.4,100,565.2,0.0,8342.6,0,0
35,16,4.28,5382,One Year,1,0,Male,1,Fiber Optic,34.274846,-116.937581,0,103.8,1,1,0,Offer C,1,1,1,0,Bank Withdrawal,1,0,0,4,0,1,1,1,34,3470.8,0,145.52,0.0,3616.32,1,0
21,0,1.5,5057,Month-to-Month,0,0,Female,0,,39.333737,-120.858667,0,19.9,0,0,0,,0,0,0,0,Credit Card,1,0,0,5,0,0,0,0,1,19.9,0,1.5,0.0,21.4,0,0
49,18,12.57,3922,Two Year,1,1,Male,1,Fiber Optic,36.460611,-121.852507,1,111.8,1,2,10,,1,1,0,1,Credit Card,1,1,1,3,0,1,1,1,48,5443.65,0,603.36,0.0,6047.01,1,0
73,13,0.0,4002,Month-to-Month,0,1,Female,1,DSL,38.883224,-121.15918,0,30.4,0,0,0,,0,0,1,0,Bank Withdrawal,0,0,0,1,1,0,0,0,2,78.65,0,0.0,0.0,78.65,1,1
77,25,23.46,3350,Month-to-Month,0,0,Female,1,Fiber Optic,33.993991,-118.39704,0,75.45,1,0,0,,0,0,1,0,Credit Card,1,0,0,3,1,0,0,0,2,158.4,0,46.92,0.0,205.32,1,1
43,26,16.82,3968,Month-to-Month,0,1,Female,1,Fiber Optic,36.689582,-121.758398,0,101.25,0,0,0,,1,0,1,0,Bank Withdrawal,1,0,0,3,0,1,1,1,15,1457.25,0,252.3,0.0,1709.55,1,1
57,0,35.42,2843,One Year,1,0,Female,0,,34.296574,-118.244839,1,20.3,0,2,2,,0,0,0,1,Credit Card,1,0,1,3,0,0,0,0,2,31.9,0,70.84,0.0,102.74,0,0
37,4,13.01,2294,Month-to-Month,0,0,Female,1,Cable,37.28682,-121.723877,0,55.4,0,0,0,Offer E,0,0,1,0,Bank Withdrawal,1,0,0,1,0,1,1,0,1,55.4,0,13.01,0.0,68.41,1,1
22,58,0.0,5214,Month-to-Month,0,1,Male,1,Cable,36.303666,-119.825657,0,30.2,0,0,0,Offer B,0,0,1,0,Bank Withdrawal,0,0,0,4,0,0,0,0,49,1453.1,0,0.0,0.0,1453.1,1,0
34,8,37.59,5461,Month-to-Month,0,0,Male,1,Fiber Optic,38.805481,-120.13287,0,92.4,1,0,0,,1,1,1,0,Credit Card,1,0,0,3,0,0,0,1,26,2349.8,0,977.34,0.0,3327.14,1,0
34,9,21.85,3519,Month-to-Month,0,0,Male,1,DSL,38.803731,-121.043799,1,54.95,0,0,9,Offer D,0,1,1,1,Credit Card,1,1,1,3,0,0,0,0,10,568.85,0,218.5,0.0,787.35,1,0
64,27,8.4,2496,Month-to-Month,1,0,Male,1,Cable,34.238802,-118.482296,0,54.15,0,1,0,,1,0,0,0,Bank Withdrawal,1,1,0,4,0,0,0,0,23,1312.45,40,193.2,0.0,1545.65,0,0
21,42,0.0,5528,Month-to-Month,0,0,Female,1,DSL,38.99003,-121.114408,1,49.65,0,0,0,Offer B,1,0,1,1,Bank Withdrawal,0,0,0,3,0,1,1,1,51,2553.35,0,0.0,0.0,2553.35,1,0
72,21,1.67,4452,One Year,0,0,Female,1,Fiber Optic,37.794487,-122.42227,0,89.0,1,0,0,,1,0,0,0,Credit Card,1,0,0,4,1,0,0,1,15,1288.3,0,25.05,45.69,1267.66,1,0
37,0,48.06,2173,One Year,0,0,Male,0,,33.781086,-118.199049,1,20.15,0,0,3,,0,0,0,1,Credit Card,1,0,1,5,0,0,0,0,22,419.9,0,1057.32,0.0,1477.22,0,0
69,12,47.02,5309,Two Year,0,1,Female,1,Fiber Optic,34.050198,-118.210946,1,96.35,1,0,3,,1,1,1,1,Credit Card,1,1,1,4,1,0,0,0,71,6766.95,0,3338.42,0.0,10105.37,1,0
58,28,34.07,4403,Month-to-Month,1,0,Male,1,DSL,33.947305,-118.439841,0,45.65,0,2,0,Offer D,0,0,1,0,Credit Card,1,0,0,5,0,0,0,0,18,747.2,40,613.26,0.0,1400.46,0,0
58,17,2.88,3335,Month-to-Month,0,0,Male,1,DSL,41.162295,-124.027381,0,54.7,0,0,0,Offer E,0,0,1,0,Credit Card,1,0,0,1,0,0,0,1,3,169.45,0,8.64,0.0,178.09,1,1
21,0,9.2,5747,Two Year,1,0,Male,0,,33.119028,-117.166036,1,25.35,1,2,2,,0,0,0,1,Credit Card,1,0,1,5,0,0,0,0,71,1847.55,0,653.2,0.0,2500.75,0,0
20,0,31.53,5577,Two Year,1,0,Female,0,,34.046174,-118.446333,1,24.45,1,2,2,Offer B,0,0,1,1,Credit Card,1,0,1,3,0,0,0,0,56,1385.85,0,1765.68,0.0,3151.53,0,0
54,18,2.19,3670,Month-to-Month,0,0,Male,1,Fiber Optic,36.798882,-120.019511,0,99.95,1,0,0,Offer D,1,0,1,0,Bank Withdrawal,1,0,0,1,0,1,1,1,19,1931.75,0,41.61,0.0,1973.36,1,1
28,41,21.84,2640,Month-to-Month,0,0,Male,1,Fiber Optic,32.886925,-117.152162,0,96.1,0,0,0,,1,0,1,0,Credit Card,1,0,0,4,0,1,1,1,37,3646.8,0,808.08,0.0,4454.88,1,0
59,13,46.99,5114,One Year,0,0,Male,1,Cable,34.039224,-118.266293,1,70.8,0,0,6,,1,1,0,1,Credit Card,1,1,1,3,0,0,0,1,63,4448.8,0,2960.37,0.0,7409.17,1,0
73,9,24.24,4989,Month-to-Month,0,0,Female,1,Cable,33.079834,-117.134275,1,49.55,0,0,1,Offer E,0,1,1,1,Bank Withdrawal,1,0,1,1,1,0,0,0,1,49.55,0,24.24,0.0,73.79,1,1
38,56,22.56,4603,Month-to-Month,1,1,Male,1,Fiber Optic,32.64164,-116.985026,1,90.4,1,3,10,Offer B,0,0,1,1,Credit Card,1,0,1,5,0,0,0,1,55,5099.15,0,1240.8,0.0,6339.95,1,0
70,9,33.22,2091,Month-to-Month,0,0,Female,1,Fiber Optic,38.69508,-121.271616,0,74.4,0,0,0,Offer C,1,0,1,0,Bank Withdrawal,1,0,0,1,1,0,0,0,32,2276.95,0,1063.04,44.31,3295.68,1,1
62,7,37.08,2709,Month-to-Month,0,1,Female,1,Cable,40.03194,-122.176023,1,67.8,0,0,6,Offer D,0,0,1,1,Credit Card,1,0,1,5,0,1,1,1,10,653.15,0,370.8,0.0,1023.95,1,0
24,0,4.27,4722,Two Year,1,0,Female,0,,37.573633,-122.455167,1,24.05,1,2,4,Offer A,0,0,0,1,Credit Card,1,0,1,5,0,0,0,0,70,1764.75,0,298.9,0.0,2063.65,0,0
39,0,14.6,2047,Month-to-Month,1,0,Female,0,,33.53604,-116.119222,1,20.45,0,2,8,,0,0,0,1,Credit Card,1,0,1,4,0,0,0,0,18,357.0,0,262.8,0.0,619.8,0,0
78,8,0.0,5433,Month-to-Month,0,1,Male,1,DSL,34.02381,-118.156582,0,39.65,0,0,0,,0,0,1,0,Bank Withdrawal,0,0,0,3,1,1,0,0,1,39.65,20,0.0,0.0,59.65,0,1
26,58,0.0,3345,Two Year,0,1,Male,1,Cable,33.760458,-118.129725,1,38.55,0,0,5,,1,1,0,1,Credit Card,0,0,1,4,0,0,0,0,7,280.0,0,0.0,0.0,280.0,1,0
37,9,5.08,5875,Month-to-Month,0,0,Female,1,Fiber Optic,38.044523,-121.348048,1,89.8,1,0,2,Offer B,0,1,1,1,Bank Withdrawal,1,0,1,3,0,0,0,1,55,4959.6,0,279.4,0.0,5239.0,1,0
46,30,9.06,4278,Two Year,0,1,Female,1,DSL,37.924014,-122.511694,1,87.95,1,0,7,,1,1,0,1,Bank Withdrawal,1,1,1,4,0,1,1,1,71,6365.35,0,643.26,0.0,7008.61,1,0
46,26,0.0,3523,Month-to-Month,0,1,Female,1,DSL,41.027281,-120.669427,0,35.0,0,0,0,,0,1,0,0,Credit Card,0,0,0,4,0,0,0,0,4,135.75,50,0.0,0.0,185.75,0,0
44,15,35.32,5871,Month-to-Month,0,1,Male,1,Fiber Optic,32.730264,-116.950963,0,89.4,1,0,0,Offer B,0,0,0,0,Credit Card,1,0,0,5,0,1,1,0,54,4869.5,0,1907.28,0.0,6776.78,1,0
28,69,39.09,4603,Two Year,1,0,Male,1,Fiber Optic,34.087558,-117.464096,1,97.2,1,2,7,Offer A,0,1,1,1,Bank Withdrawal,1,0,1,3,0,1,1,1,71,6910.3,0,2775.39,0.0,9685.69,1,0
43,0,16.67,2606,Month-to-Month,1,0,Male,0,,38.592745,-121.540036,1,20.45,0,2,3,,0,0,1,1,Bank Withdrawal,1,0,1,5,0,0,0,0,11,250.8,0,183.37,0.0,434.17,0,0
24,51,16.25,4288,Month-to-Month,0,0,Female,1,DSL,34.159007,-118.087353,0,50.7,1,0,0,,0,0,0,0,Bank Withdrawal,1,0,0,4,0,0,0,0,4,214.55,0,65.0,39.92,239.63,1,0
31,19,7.99,4811,One Year,1,1,Female,1,Fiber Optic,38.35363,-121.44195,1,100.3,0,2,7,,0,1,0,1,Bank Withdrawal,1,0,1,3,0,1,1,1,52,5244.45,0,415.48,0.0,5659.93,1,0
31,0,30.64,4797,Two Year,1,0,Female,0,,37.084697,-121.606417,0,25.1,1,3,0,,0,0,1,0,Bank Withdrawal,1,0,0,4,0,0,0,0,43,1070.15,0,1317.52,0.0,2387.67,0,0
68,21,45.81,4880,Month-to-Month,0,0,Female,1,Fiber Optic,33.924143,-117.79387,0,85.7,1,0,0,,0,0,1,0,Bank Withdrawal,1,0,0,1,1,0,0,1,1,85.7,0,45.81,0.0,131.51,1,1
74,12,48.62,3041,Two Year,0,0,Female,1,Fiber Optic,34.057256,-117.667677,0,79.5,0,0,0,,0,0,1,0,Bank Withdrawal,1,0,0,4,1,1,0,0,32,2665.0,0,1555.84,0.0,4220.84,1,0
35,53,22.83,5394,Two Year,1,1,Male,1,DSL,37.890274,-122.295192,1,85.45,0,3,9,Offer A,1,1,0,1,Bank Withdrawal,1,1,1,3,0,1,1,1,71,6029.9,0,1620.93,0.0,7650.83,1,0
39,29,42.08,2283,Month-to-Month,1,1,Male,1,Fiber Optic,34.224377,-118.632656,1,91.0,0,2,5,,1,0,1,1,Bank Withdrawal,1,0,1,2,0,1,1,0,6,531.0,0,252.48,0.0,783.48,1,1
41,29,26.01,2934,Two Year,0,1,Female,1,Cable,40.796621,-124.15428,1,81.0,0,0,10,,0,1,1,1,Credit Card,1,1,1,3,0,1,1,1,45,3533.6,0,1170.45,0.0,4704.05,1,0
61,0,34.29,5512,Two Year,0,0,Male,0,,35.842889,-121.004862,1,25.4,1,0,2,Offer A,0,0,0,1,Credit Card,1,0,1,3,0,0,0,0,72,1710.9,0,2468.88,0.0,4179.78,0,0
53,0,7.74,4052,One Year,0,0,Male,0,,36.633498,-119.298895,0,19.15,0,0,0,,0,0,1,0,Credit Card,1,0,0,3,0,0,0,0,35,638.0,0,270.9,0.0,908.9,0,0
25,51,42.81,6483,Month-to-Month,0,0,Female,1,Fiber Optic,38.067204,-122.524004,1,85.6,1,0,9,,0,0,1,1,Bank Withdrawal,1,0,1,4,0,0,0,1,56,4902.8,0,2397.36,0.0,7300.16,1,0
47,4,38.93,5140,Month-to-Month,0,1,Female,1,Cable,40.267158,-123.805913,1,54.25,0,0,6,Offer D,0,0,0,1,Bank Withdrawal,1,1,1,5,0,0,0,0,23,1221.55,0,895.39,0.0,2116.94,1,0
25,59,32.16,6171,Two Year,1,1,Female,1,Fiber Optic,36.863303,-121.781632,1,100.45,1,2,4,Offer A,0,1,0,1,Bank Withdrawal,1,1,1,3,0,1,1,0,71,7159.7,0,2283.36,16.12,9426.94,1,0
71,2,5.87,3061,One Year,0,0,Male,1,Fiber Optic,34.157137,-118.548511,0,99.0,1,0,0,,1,0,1,0,Bank Withdrawal,1,0,0,4,1,1,0,1,48,4744.35,0,281.76,0.0,5026.11,1,0
28,0,12.87,5398,Two Year,0,0,Female,0,,41.336354,-124.044354,1,19.4,0,0,8,,0,0,0,1,Bank Withdrawal,1,0,1,3,0,0,0,0,72,1496.45,0,926.64,0.0,2423.09,0,0
62,19,0.0,4574,Two Year,0,1,Male,1,DSL,38.005839,-122.638155,0,56.75,0,0,0,,0,0,0,0,Bank Withdrawal,0,1,0,4,0,1,1,1,22,1304.85,0,0.0,0.0,1304.85,1,0
52,30,36.24,5670,Month-to-Month,0,1,Female,1,DSL,33.925833,-117.559639,0,61.65,1,0,0,Offer D,0,1,1,0,Mailed Check,1,1,0,1,0,0,0,0,12,713.75,0,434.88,0.0,1148.63,1,1
53,17,22.95,5791,Two Year,0,1,Male,1,Fiber Optic,33.914775,-118.348083,1,109.75,1,0,6,,1,0,1,1,Credit Card,1,1,1,3,0,1,1,1,72,7758.9,0,1652.4,0.0,9411.3,1,0
47,18,0.0,5840,Two Year,0,1,Male,1,DSL,39.872961,-120.198876,1,39.15,0,0,1,,0,1,1,1,Credit Card,0,1,1,3,0,0,0,0,70,2692.75,0,0.0,0.0,2692.75,1,0
43,6,34.34,4544,Month-to-Month,0,0,Male,1,Fiber Optic,34.101608,-118.055848,0,81.15,1,0,0,Offer E,0,1,1,0,Bank Withdrawal,1,0,0,4,0,0,0,0,9,784.45,50,309.06,0.0,1143.51,0,0
65,5,16.65,6441,One Year,0,1,Male,1,Fiber Optic,34.273872,-114.192901,1,103.15,1,0,1,,1,0,1,1,Bank Withdrawal,1,0,1,3,1,1,1,1,65,6792.45,0,1082.25,0.0,7874.7,1,0
51,12,19.63,4977,One Year,1,0,Female,1,DSL,34.907911,-119.234281,1,54.15,0,1,5,Offer D,0,1,0,1,Bank Withdrawal,1,1,1,3,0,0,0,0,13,701.05,0,255.19,0.0,956.24,1,0
43,22,36.99,4689,Month-to-Month,0,0,Female,1,Cable,32.827184,-116.703729,0,45.65,0,0,0,,0,0,1,0,Bank Withdrawal,1,0,0,2,0,0,0,0,1,45.65,0,36.99,0.0,82.64,1,1
42,0,3.01,3556,Two Year,1,0,Female,0,,40.274302,-124.210902,1,20.15,0,3,1,,0,0,0,1,Bank Withdrawal,1,0,1,5,0,0,0,0,40,777.35,0,120.4,0.0,897.75,0,0
40,0,16.91,3192,Month-to-Month,0,0,Male,0,,38.184583,-119.286558,0,19.65,0,0,0,,0,0,0,0,Credit Card,1,0,0,3,0,0,0,0,1,19.65,0,16.91,0.0,36.56,0,0
59,5,35.53,3721,Month-to-Month,0,0,Male,1,Cable,34.099869,-118.326843,0,45.15,0,0,0,,0,0,1,0,Credit Card,1,0,0,2,0,0,0,0,8,438.4,0,284.24,0.0,722.64,1,1
50,0,33.9,5209,Month-to-Month,1,0,Male,0,,34.074087,-117.605618,1,21.15,0,2,8,Offer D,0,0,1,1,Bank Withdrawal,1,0,1,4,0,0,0,0,12,306.05,0,406.8,0.0,712.85,0,0
21,69,39.19,3255,Month-to-Month,0,0,Male,1,DSL,41.486953,-120.913975,0,55.25,0,0,0,,0,0,1,0,Bank Withdrawal,1,0,0,5,0,1,1,0,1,55.25,60,39.19,0.0,154.44,0,0
74,13,31.73,5242,One Year,0,0,Male,1,Fiber Optic,35.846067,-119.004073,0,70.0,0,0,0,Offer C,0,0,0,0,Credit Card,1,0,0,3,1,0,0,0,24,1732.6,140,761.52,0.0,2634.12,0,0
34,13,42.89,5299,Month-to-Month,0,0,Female,1,Fiber Optic,38.852544,-120.837669,0,94.2,1,0,0,,0,0,1,0,Bank Withdrawal,1,0,0,2,0,1,1,1,2,193.8,0,85.78,0.0,279.58,1,1
56,0,26.17,3705,Two Year,1,0,Male,0,,37.556634,-122.317723,1,24.0,1,1,0,,0,0,1,1,Bank Withdrawal,1,0,0,3,0,0,0,0,12,269.65,0,314.04,0.0,583.69,0,0
63,7,0.0,4247,Two Year,0,0,Female,1,DSL,37.410567,-122.297152,0,39.1,0,0,0,,1,1,0,0,Credit Card,0,1,0,3,0,0,0,0,52,1982.1,130,0.0,0.0,2112.1,0,0
52,0,47.82,4246,Two Year,0,0,Male,0,,38.590035,-121.412455,0,25.95,1,0,0,,0,0,1,0,Bank Withdrawal,1,0,0,3,0,0,0,0,56,1444.05,0,2677.92,0.0,4121.97,0,0
46,15,3.36,5525,Month-to-Month,0,0,Male,1,Fiber Optic,37.419725,-122.062947,0,98.15,1,0,0,,0,1,0,0,Mailed Check,1,0,0,1,0,1,1,1,13,1230.25,40,43.68,0.0,1313.93,0,1
52,9,25.88,4811,Month-to-Month,0,1,Female,1,Fiber Optic,33.782955,-118.026456,1,102.45,1,0,1,,0,1,1,1,Bank Withdrawal,1,0,1,1,0,1,1,1,1,102.45,0,25.88,0.0,128.33,1,1
47,14,0.0,3248,Month-to-Month,0,0,Female,1,DSL,33.22784,-117.200024,0,44.95,0,0,0,,0,0,1,0,Bank Withdrawal,0,0,0,3,0,1,1,1,23,996.85,40,0.0,25.84,1011.01,0,0
61,11,31.09,4192,Month-to-Month,0,0,Male,1,Fiber Optic,33.362575,-117.299644,0,96.1,0,0,0,,0,0,1,0,Bank Withdrawal,1,1,0,1,0,1,1,1,5,453.4,0,155.45,0.0,608.85,1,1
31,0,7.83,5064,Month-to-Month,0,0,Male,0,,37.257772,-122.051824,0,20.25,0,0,0,,0,0,0,0,Credit Card,1,0,0,3,0,0,0,0,5,109.8,0,39.15,0.0,148.95,0,0
28,59,0.0,5644,Two Year,1,1,Female,1,DSL,35.511833,-120.918713,1,49.85,0,3,3,Offer B,1,0,0,1,Bank Withdrawal,0,1,1,5,0,1,1,0,64,3210.35,0,0.0,0.0,3210.35,1,0
75,29,0.0,2494,Two Year,0,1,Male,1,DSL,37.956963,-120.863055,0,36.65,0,0,0,Offer C,1,0,0,0,Bank Withdrawal,0,0,0,5,1,0,0,0,37,1315.0,0,0.0,0.0,1315.0,1,0
36,21,2.92,3687,Month-to-Month,0,0,Male,1,Fiber Optic,38.715498,-121.363411,1,74.4,1,0,1,,0,0,1,1,Credit Card,1,0,1,1,0,0,0,0,13,896.75,0,37.96,0.0,934.71,1,1
38,0,38.63,5261,Two Year,1,0,Female,0,,37.023669,-121.946461,1,19.2,0,3,1,,0,0,1,1,Credit Card,1,0,1,3,0,0,0,0,70,1401.4,0,2704.1,0.0,4105.5,0,0
43,3,38.3,4256,Two Year,0,1,Male,1,Fiber Optic,39.408634,-123.045516,1,97.95,1,0,1,Offer A,1,1,1,1,Credit Card,1,0,1,4,0,0,0,1,72,7114.25,0,2757.6,0.0,9871.85,1,0
69,21,0.0,4842,Month-to-Month,0,0,Female,1,DSL,40.022184,-121.062384,0,25.05,0,0,0,Offer E,0,0,0,0,Credit Card,0,0,0,1,1,0,0,0,1,25.05,0,0.0,0.0,25.05,1,1
38,0,18.0,3243,One Year,1,0,Male,0,,33.989524,-118.089299,1,19.8,0,1,10,,0,0,0,1,Credit Card,1,0,1,3,0,0,0,0,21,350.1,0,378.0,0.0,728.1,0,0
31,14,11.19,3527,Month-to-Month,0,0,Male,1,Fiber Optic,32.852947,-114.850784,0,69.8,0,0,0,,0,0,1,0,Bank Withdrawal,1,0,0,3,0,0,0,0,2,146.65,10,22.38,0.0,179.03,0,0
46,29,10.99,5846,Month-to-Month,0,0,Female,1,DSL,34.501452,-118.207862,0,44.05,0,0,0,,0,0,1,0,Credit Card,1,0,0,5,0,0,0,0,5,202.15,0,54.95,0.0,257.1,1,0
46,0,1.86,5901,Two Year,0,0,Male,0,,33.933565,-118.062611,1,23.55,1,0,1,Offer A,0,0,1,1,Bank Withdrawal,1,0,1,3,0,0,0,0,72,1723.95,0,133.92,0.0,1857.87,0,0
38,0,18.8,2910,One Year,0,0,Female,0,,34.557711,-118.029441,0,20.1,0,0,0,Offer D,0,0,0,0,Mailed Check,1,0,0,4,0,0,0,0,18,407.05,0,338.4,0.0,745.45,0,0
68,27,3.96,2202,Month-to-Month,0,0,Female,1,Fiber Optic,37.03889,-121.528955,0,89.7,0,0,0,,0,0,0,0,Bank Withdrawal,1,0,0,2,1,1,0,1,11,1047.7,0,43.56,0.0,1091.26,1,1
66,6,0.0,5573,Month-to-Month,0,0,Male,1,DSL,34.598221,-117.79593,0,24.45,0,0,0,,0,0,1,0,Credit Card,0,0,0,3,1,0,0,0,2,47.5,0,0.0,0.0,47.5,1,1
56,5,3.13,4815,Month-to-Month,0,0,Male,1,Fiber Optic,34.255203,-117.175654,0,79.95,0,0,0,Offer E,0,0,1,0,Bank Withdrawal,1,0,0,3,0,0,0,1,1,79.95,0,3.13,0.0,83.08,1,1
21,59,15.29,4085,One Year,1,0,Female,1,Cable,32.578103,-117.012975,1,76.0,1,3,7,,0,1,0,1,Bank Withdrawal,1,0,1,4,0,1,1,1,20,1588.75,70,305.8,7.3,1957.25,0,0
49,21,0.0,4648,Month-to-Month,0,0,Female,1,DSL,39.473896,-121.415927,0,42.6,0,0,0,Offer E,1,1,1,0,Bank Withdrawal,0,0,0,2,0,1,1,0,2,72.4,0,0.0,0.0,72.4,1,1
58,13,7.51,4517,Two Year,0,1,Female,1,DSL,32.984395,-117.013454,0,74.45,0,0,0,Offer B,0,0,1,0,Bank Withdrawal,1,1,0,5,0,1,1,1,49,3721.9,0,367.99,0.0,4089.89,1,0
21,69,37.47,5206,One Year,1,1,Female,1,Fiber Optic,39.12334,-122.838198,1,92.85,1,3,8,,1,0,1,1,Bank Withdrawal,1,0,1,4,0,1,1,0,64,5980.75,0,2398.08,0.0,8378.83,1,0
32,30,11.56,4621,One Year,0,0,Male,1,DSL,32.587557,-116.636816,0,54.8,0,0,0,Offer A,1,1,1,0,Mailed Check,1,0,0,4,0,0,0,0,66,3465.7,0,762.96,0.0,4228.66,1,0
21,53,0.0,5905,Month-to-Month,0,0,Male,1,DSL,39.597975,-122.032248,1,44.3,0,0,1,Offer B,0,0,1,1,Bank Withdrawal,0,0,1,4,0,1,1,1,59,2666.75,20,0.0,0.0,2686.75,0,0
31,16,36.43,5900,Month-to-Month,0,0,Female,1,DSL,33.362575,-117.299644,0,74.65,0,0,0,Offer E,1,1,1,0,Bank Withdrawal,1,0,0,1,0,1,1,1,9,703.55,0,327.87,0.0,1031.42,1,1
56,24,0.0,3106,Month-to-Month,1,1,Female,1,DSL,38.049292,-122.228415,0,30.1,0,2,0,,0,0,0,0,Credit Card,0,0,0,3,0,0,0,0,39,1131.3,150,0.0,0.0,1281.3,0,1
70,12,11.74,5151,Month-to-Month,1,1,Male,1,Fiber Optic,37.873916,-122.20522,1,108.9,1,1,7,,1,0,1,1,Bank Withdrawal,1,1,1,3,1,1,1,1,34,3625.2,30,399.16,0.0,4054.36,0,0
56,21,40.66,6349,Two Year,1,1,Male,1,Fiber Optic,38.52576,-123.013347,1,115.55,1,3,3,,1,1,0,1,Bank Withdrawal,1,1,1,3,0,1,1,1,62,7159.05,0,2520.92,0.0,9679.97,1,0
32,26,7.11,3503,Month-to-Month,0,1,Female,1,Fiber Optic,34.02381,-118.156582,0,75.55,0,0,0,,0,0,0,0,Bank Withdrawal,1,0,0,5,0,0,0,0,1,75.55,0,7.11,0.0,82.66,1,0
19,0,36.75,2864,Month-to-Month,0,0,Female,0,,33.745746,-116.514215,0,20.35,0,0,0,,0,0,0,0,Credit Card,1,0,0,5,0,0,0,0,34,673.2,0,1249.5,0.0,1922.7,0,0
63,18,30.09,2675,One Year,0,0,Female,1,Fiber Optic,32.72523,-117.171346,0,89.1,0,0,0,Offer C,0,0,1,0,Mailed Check,1,0,0,4,0,1,1,1,38,3342.0,90,1143.42,0.0,4575.42,0,0
61,3,6.45,5741,Two Year,0,1,Female,1,DSL,40.271535,-121.018087,0,74.3,0,0,0,,1,1,1,0,Credit Card,1,1,0,4,0,0,0,1,57,4166.35,0,367.65,0.0,4534.0,1,0
57,0,6.85,5191,Month-to-Month,0,0,Female,0,,33.141265,-116.967221,0,20.05,0,0,0,Offer E,0,0,1,0,Mailed Check,1,0,0,3,0,0,0,0,2,39.25,0,13.7,0.0,52.95,0,0
36,6,44.42,5528,Month-to-Month,0,1,Male,1,Cable,33.680031,-116.171678,0,77.4,0,0,0,Offer E,0,1,1,0,Bank Withdrawal,1,0,0,4,0,1,1,1,3,206.15,0,133.26,0.0,339.41,1,0
67,4,17.71,4086,Two Year,0,1,Male,1,Fiber Optic,39.69676,-121.644379,1,109.55,1,0,1,,1,1,1,1,Bank Withdrawal,1,0,1,3,1,1,1,1,72,7920.7,0,1275.12,0.0,9195.82,1,0
65,3,44.13,2596,Month-to-Month,0,1,Female,1,Fiber Optic,33.507255,-117.029473,1,83.05,1,0,2,,0,0,1,1,Bank Withdrawal,1,1,1,3,1,0,0,0,15,1258.3,110,661.95,0.0,2030.25,0,1
49,19,29.18,4786,Month-to-Month,0,1,Female,1,Fiber Optic,33.362575,-117.299644,1,87.25,1,0,1,,0,0,1,1,Bank Withdrawal,1,0,1,2,0,1,1,0,14,1258.6,0,408.52,0.0,1667.12,1,1
30,52,40.71,3198,Month-to-Month,0,0,Male,1,Fiber Optic,33.844983,-117.952151,0,70.5,0,0,0,Offer E,0,0,1,0,Bank Withdrawal,1,0,0,3,0,0,0,0,9,597.9,0,366.39,0.0,964.29,1,0
33,28,41.53,4341,Month-to-Month,0,1,Female,1,Fiber Optic,39.432127,-121.099287,0,101.35,1,0,0,,0,0,1,0,Bank Withdrawal,1,0,0,5,0,1,1,1,32,3334.9,0,1328.96,0.0,4663.86,1,0
41,11,30.94,4348,One Year,0,0,Female,1,Fiber Optic,38.265899,-121.939461,1,94.35,1,0,1,Offer A,0,1,1,1,Credit Card,1,1,1,1,0,1,1,0,67,6341.45,0,2072.98,0.0,8414.43,1,1
31,12,27.74,4915,Month-to-Month,1,0,Female,1,Fiber Optic,33.958134,-118.330905,1,86.8,1,2,0,Offer B,0,1,1,1,Bank Withdrawal,1,1,0,3,0,0,0,0,64,5327.25,0,1775.36,0.0,7102.61,1,0
51,22,37.5,4210,Two Year,0,1,Male,1,Fiber Optic,33.893823,-117.531446,0,108.65,1,0,0,,1,0,0,0,Bank Withdrawal,1,1,0,4,0,1,1,1,46,4903.2,0,1725.0,0.0,6628.2,1,0
63,2,35.04,4591,Month-to-Month,0,0,Male,1,Fiber Optic,33.03679,-115.60503,0,69.5,0,0,0,,0,0,1,0,Credit Card,1,0,0,3,0,0,0,0,38,2625.25,0,1331.52,20.19,3936.58,1,0
54,30,36.05,2900,One Year,0,1,Female,1,DSL,38.415003,-122.998726,0,74.1,0,0,0,,0,0,0,0,Credit Card,1,1,0,5,0,1,1,1,1,74.1,0,36.05,0.0,110.15,1,0
46,0,19.05,3196,Month-to-Month,1,0,Female,0,,39.607831,-121.777959,1,19.8,0,1,6,Offer D,0,0,1,1,Bank Withdrawal,1,0,1,3,0,0,0,0,10,196.75,0,190.5,0.0,387.25,0,0
46,20,36.52,4033,Month-to-Month,0,0,Female,1,Fiber Optic,37.897743,-122.263124,0,76.4,0,0,0,,0,1,0,0,Bank Withdrawal,1,0,0,4,0,0,0,0,11,838.7,0,401.72,0.0,1240.42,1,0
25,42,12.19,4544,Two Year,0,0,Male,1,Fiber Optic,36.696759,-119.024051,0,104.0,1,0,0,Offer A,0,1,1,0,Credit Card,1,1,0,1,0,1,1,1,70,7250.15,0,853.3,0.0,8103.45,1,1
45,6,1.08,3277,Month-to-Month,0,0,Male,1,Fiber Optic,36.296851,-117.865469,0,74.25,0,0,0,Offer B,0,0,1,0,Bank Withdrawal,1,1,0,3,0,0,0,0,41,3089.1,0,44.28,0.0,3133.38,1,0
57,11,30.54,4497,Month-to-Month,0,1,Female,1,DSL,37.950248,-122.022455,0,58.95,0,0,0,,0,1,0,0,Bank Withdrawal,1,1,0,4,0,0,0,0,15,955.15,0,458.1,0.0,1413.25,1,0
23,76,13.86,5393,Month-to-Month,0,0,Female,1,Fiber Optic,33.993991,-118.39704,0,74.25,0,0,0,,0,1,1,0,Credit Card,1,0,0,1,0,0,1,0,9,639.65,0,124.74,0.0,764.39,1,1
26,46,15.41,3278,One Year,0,0,Male,1,DSL,37.212191,-119.749323,1,72.8,1,0,10,,0,1,1,1,Credit Card,1,1,1,5,0,0,0,1,32,2333.05,0,493.12,0.0,2826.17,1,0
49,6,9.55,3402,Month-to-Month,0,1,Male,1,Fiber Optic,33.893823,-117.531446,0,89.95,0,0,0,Offer D,0,0,0,0,Credit Card,1,1,0,5,0,0,0,1,19,1682.4,0,181.45,29.64,1834.21,1,0
60,5,44.28,5392,Month-to-Month,0,0,Male,1,Fiber Optic,35.652242,-119.4464,0,74.9,0,0,0,Offer C,0,1,1,0,Bank Withdrawal,1,0,0,1,0,0,0,0,28,2068.55,0,1239.84,0.0,3308.39,1,1
31,29,0.0,3897,Two Year,1,0,Male,1,DSL,37.601248,-122.403099,1,40.55,0,1,10,,0,0,1,1,Bank Withdrawal,0,1,1,5,0,0,0,1,34,1325.85,0,0.0,0.0,1325.85,1,0
50,25,38.58,6466,Two Year,0,1,Male,1,DSL,41.932207,-120.135941,1,72.95,1,0,4,Offer A,1,0,0,1,Bank Withdrawal,1,1,1,4,0,0,0,1,70,5265.55,60,2700.6,0.0,8026.15,0,0
68,2,17.6,5033,Two Year,0,0,Female,1,Fiber Optic,32.853743,-117.25034,0,71.25,0,0,0,,0,0,1,0,Bank Withdrawal,1,0,0,4,1,0,0,0,1,71.25,10,17.6,0.0,98.85,0,0
70,12,0.0,2167,Month-to-Month,0,1,Female,1,DSL,33.290907,-117.202895,1,48.35,0,0,1,,0,0,1,1,Bank Withdrawal,0,0,1,2,1,1,1,1,18,810.7,0,0.0,0.0,810.7,1,1
26,52,0.0,4134,Month-to-Month,1,0,Male,1,DSL,37.750822,-121.238423,1,25.55,0,2,9,Offer D,0,0,0,1,Credit Card,0,0,1,3,0,0,0,0,18,467.85,0,0.0,0.0,467.85,1,0
47,0,48.57,4485,Two Year,1,0,Male,0,,33.688546,-117.788091,1,20.05,0,2,5,Offer A,0,0,0,1,Credit Card,1,0,1,3,0,0,0,0,70,1360.25,0,3399.9,0.0,4760.15,0,0
57,11,31.13,4261,One Year,0,1,Female,1,Fiber Optic,33.879983,-117.895482,1,109.25,1,0,1,,1,0,1,1,Bank Withdrawal,1,1,1,1,0,1,1,1,72,8109.8,0,2241.36,0.0,10351.16,1,1
64,30,33.53,2168,Month-to-Month,0,0,Male,1,DSL,32.67117,-117.00232,0,54.65,0,0,0,,0,0,0,0,Mailed Check,1,0,0,5,0,1,1,0,3,189.1,0,100.59,0.0,289.69,1,0
47,25,14.05,5327,One Year,0,1,Male,1,DSL,36.739385,-119.753649,1,71.4,0,0,0,,0,1,0,1,Credit Card,1,1,0,3,0,1,1,0,62,4487.3,0,871.1,0.0,5358.4,1,0
19,41,30.51,6139,One Year,0,0,Male,1,Fiber Optic,37.527497,-122.230941,1,96.1,1,0,4,Offer B,1,1,0,1,Bank Withdrawal,1,0,1,4,0,1,1,0,62,6001.45,0,1891.62,0.0,7893.07,1,0
23,30,21.68,4280,Two Year,0,1,Male,1,Fiber Optic,34.103578,-117.04054,1,114.3,1,0,10,Offer A,1,1,0,1,Credit Card,1,1,1,4,0,1,1,1,70,8244.3,0,1517.6,0.0,9761.9,1,0
64,24,24.48,4243,Month-to-Month,0,0,Male,1,Fiber Optic,38.683605,-120.811852,0,79.15,1,0,0,,1,0,1,0,Bank Withdrawal,1,0,0,1,0,0,0,0,1,79.15,0,24.48,0.0,103.63,1,1
44,30,16.57,4643,Month-to-Month,0,0,Female,1,Fiber Optic,41.737962,-123.07557,0,100.0,1,0,0,,1,0,1,0,Bank Withdrawal,1,0,0,5,0,1,1,1,33,3320.6,0,546.81,0.0,3867.41,1,0
57,0,13.89,5764,Two Year,0,0,Female,0,,33.956445,-118.358634,0,19.55,0,0,0,Offer B,0,0,1,0,Bank Withdrawal,1,0,0,5,0,0,0,0,56,1080.55,0,777.84,0.0,1858.39,0,0
28,59,40.63,4154,Month-to-Month,0,1,Female,1,Fiber Optic,38.439696,-122.668817,1,84.5,1,0,1,,1,0,1,1,Bank Withdrawal,1,0,1,1,0,0,1,0,12,916.9,0,487.56,0.0,1404.46,1,1
35,0,37.66,5984,Month-to-Month,0,0,Female,0,,33.887676,-118.127289,0,20.35,0,0,0,,0,0,0,0,Credit Card,1,0,0,3,0,0,0,0,4,77.5,0,150.64,0.0,228.14,0,1
39,18,28.13,5452,One Year,0,1,Female,1,Fiber Optic,38.859093,-121.182872,0,100.05,1,0,0,,0,0,1,0,Credit Card,1,0,0,1,0,1,1,1,64,6254.2,0,1800.32,0.0,8054.52,1,1
27,0,25.54,5939,Two Year,1,0,Female,0,,33.634626,-117.874882,1,25.6,1,2,1,,0,0,1,1,Credit Card,1,0,1,5,0,0,0,0,23,514.75,0,587.42,0.0,1102.17,0,0
61,16,31.35,5789,Month-to-Month,1,0,Male,1,Fiber Optic,34.099869,-118.326843,1,99.35,1,1,1,,1,0,1,1,Bank Withdrawal,1,0,1,1,0,1,1,1,47,4749.15,0,1473.45,0.0,6222.6,1,1
55,17,40.52,4296,Two Year,0,0,Female,1,Fiber Optic,40.485849,-124.163234,1,93.7,1,0,2,Offer A,0,0,1,1,Bank Withdrawal,1,0,1,3,0,1,1,1,71,6585.35,0,2876.92,0.0,9462.27,1,1
52,0,25.92,5994,Month-to-Month,0,0,Female,0,,41.212695,-122.392067,0,20.35,0,0,0,,0,0,0,0,Credit Card,1,0,0,3,0,0,0,0,2,45.3,0,51.84,0.0,97.14,0,0
38,11,44.33,5340,Month-to-Month,1,1,Male,1,Fiber Optic,34.039224,-118.266293,0,103.7,1,1,0,,1,0,1,0,Bank Withdrawal,1,0,0,1,0,1,1,1,49,5036.3,0,2172.17,0.0,7208.47,1,1
43,0,11.02,4254,One Year,0,0,Male,0,,34.110124,-119.100972,0,19.95,0,0,0,Offer B,0,0,0,0,Bank Withdrawal,1,0,0,5,0,0,0,0,48,1004.5,0,528.96,0.0,1533.46,0,0
23,69,23.02,5127,Two Year,0,1,Female,1,Cable,38.050558,-121.646924,0,73.0,0,0,0,Offer A,1,1,1,0,Credit Card,1,1,0,4,0,1,1,0,72,5265.2,0,1657.44,0.0,6922.64,1,0
25,71,9.84,3513,Month-to-Month,1,0,Female,1,Fiber Optic,32.79697,-116.969082,1,85.6,1,1,10,,0,0,0,1,Bank Withdrawal,1,0,1,3,0,1,1,0,23,1868.4,0,226.32,0.0,2094.72,1,0
45,0,35.89,4165,Two Year,1,0,Male,0,,34.281911,-118.556218,1,19.95,0,3,1,Offer A,0,0,0,1,Bank Withdrawal,1,0,1,3,0,0,0,0,68,1377.7,0,2440.52,28.98,3789.24,0,0
44,10,8.77,4773,Month-to-Month,0,0,Male,1,DSL,34.091829,-118.491244,0,44.15,0,0,0,,0,0,1,0,Credit Card,1,0,0,1,0,0,0,0,1,44.15,0,8.77,0.0,52.92,1,1
42,25,14.46,2810,One Year,0,1,Female,1,DSL,34.050322,-118.147037,0,58.0,0,0,0,,0,1,0,0,Credit Card,1,1,0,3,0,0,0,0,29,1734.5,0,419.34,0.0,2153.84,1,0
34,14,38.15,4488,Month-to-Month,0,1,Female,1,Fiber Optic,34.052917,-118.255178,1,100.5,1,0,3,Offer B,0,0,1,1,Bank Withdrawal,1,0,1,3,0,1,1,1,47,4707.1,0,1793.05,0.0,6500.15,1,0
29,73,0.0,4928,One Year,0,1,Female,1,DSL,38.626128,-121.328011,0,44.45,0,0,0,Offer B,0,1,1,0,Bank Withdrawal,0,0,0,4,0,1,1,0,60,2773.9,0,0.0,0.0,2773.9,1,0
48,9,15.77,5414,One Year,0,0,Male,1,Fiber Optic,38.109125,-120.078597,1,94.25,0,0,1,Offer B,1,0,1,1,Bank Withdrawal,1,0,1,3,0,1,1,1,53,4867.95,0,835.81,0.0,5703.76,1,1
57,0,32.78,3007,Month-to-Month,1,0,Male,0,,37.222842,-121.988727,1,19.2,0,3,10,,0,0,0,1,Credit Card,1,0,1,5,0,0,0,0,1,19.2,0,32.78,0.0,51.98,0,0
22,69,12.05,5267,Month-to-Month,0,0,Male,1,Fiber Optic,34.059722,-117.39104,0,94.25,0,0,0,Offer E,1,0,1,0,Bank Withdrawal,1,0,0,3,0,1,1,1,7,669.0,0,84.35,0.0,753.35,1,1
42,76,43.37,5288,One Year,1,1,Male,1,Fiber Optic,41.163637,-123.704841,1,94.8,0,3,1,,1,1,0,1,Credit Card,1,0,1,4,0,1,1,0,32,3131.55,40,1387.84,0.0,4559.39,0,0
28,48,47.02,6173,Two Year,1,1,Female,1,Fiber Optic,40.692523,-122.369876,1,117.6,1,1,10,,1,1,1,1,Bank Withdrawal,1,1,1,3,0,1,1,1,72,8308.9,0,3385.44,5.44,11688.9,1,0
50,14,41.78,5261,Month-to-Month,0,1,Female,1,Fiber Optic,34.115192,-118.61017,0,111.05,1,0,0,,1,1,1,0,Credit Card,1,0,0,4,0,1,1,1,65,7107.0,0,2715.7,0.0,9822.7,1,0
57,0,13.34,5712,Month-to-Month,0,0,Male,0,,35.405722,-117.773354,0,20.3,0,0,0,Offer C,0,0,1,0,Bank Withdrawal,1,0,0,5,0,0,0,0,26,511.25,0,346.84,0.0,858.09,0,0
46,16,42.1,2267,Month-to-Month,1,1,Female,1,Fiber Optic,34.95703,-117.73045,0,93.0,0,1,0,,0,1,0,0,Bank Withdrawal,1,1,0,3,0,1,1,0,9,870.25,0,378.9,0.0,1249.15,1,0
25,85,18.36,3096,Month-to-Month,1,1,Male,1,Fiber Optic,39.117537,-122.284654,1,89.85,0,3,5,,1,0,1,1,Bank Withdrawal,1,0,1,5,0,0,0,1,34,3091.75,0,624.24,14.93,3701.06,1,0
20,47,35.29,3744,Month-to-Month,0,1,Female,1,Fiber Optic,38.784329,-121.373245,1,100.45,1,0,10,Offer C,0,0,1,1,Bank Withdrawal,1,0,1,5,0,1,1,1,34,3414.65,0,1199.86,0.0,4614.51,1,0
38,26,0.0,3958,Month-to-Month,0,0,Male,1,DSL,38.044523,-121.348048,0,35.55,0,0,0,,0,0,1,0,Bank Withdrawal,0,0,0,1,0,1,1,0,1,35.55,0,0.0,0.0,35.55,1,1
25,52,0.0,5153,Month-to-Month,0,1,Female,1,DSL,33.762759,-116.324817,0,54.15,0,0,0,Offer C,1,0,1,0,Credit Card,0,0,0,1,0,1,1,1,24,1240.25,0,0.0,0.0,1240.25,1,1
76,20,0.0,5702,Month-to-Month,0,0,Female,1,Cable,32.886925,-117.152162,0,29.65,0,0,0,,0,0,1,0,Bank Withdrawal,0,1,0,2,1,0,0,0,10,291.4,110,0.0,0.0,401.4,0,1
46,0,45.77,5441,Month-to-Month,1,0,Male,0,,32.886925,-117.152162,1,19.9,0,1,4,Offer E,0,0,0,1,Mailed Check,1,0,1,1,0,0,0,0,1,19.9,0,45.77,0.0,65.67,0,1
33,8,44.27,5096,Two Year,0,1,Female,1,Fiber Optic,36.863303,-121.781632,1,103.95,1,0,10,Offer A,1,1,1,1,Bank Withdrawal,1,1,1,3,0,0,0,1,72,7556.9,70,3187.44,0.0,10814.34,0,0
40,0,48.73,4444,Two Year,0,0,Male,0,,33.921793,-118.140588,1,24.25,1,0,4,Offer B,0,0,1,1,Bank Withdrawal,1,0,1,5,0,0,0,0,62,1424.6,0,3021.26,0.0,4445.86,0,0
39,17,29.4,2227,Month-to-Month,1,0,Female,1,Fiber Optic,34.364153,-118.615583,0,70.15,0,2,0,,0,0,1,0,Bank Withdrawal,1,0,0,2,0,0,0,0,4,268.35,0,117.6,21.69,364.26,1,1
57,17,23.72,2081,Month-to-Month,1,0,Female,1,Fiber Optic,34.141146,-117.655583,1,80.7,0,1,5,Offer E,0,0,1,1,Bank Withdrawal,1,0,1,4,0,0,0,1,3,239.45,0,71.16,0.0,310.61,1,0
55,0,7.8,4841,Month-to-Month,0,0,Male,0,,38.109125,-120.078597,0,19.65,0,0,0,,0,0,1,0,Bank Withdrawal,1,0,0,5,0,0,0,0,2,31.2,0,15.6,0.0,46.8,0,0
60,0,31.7,4784,Two Year,1,0,Female,0,,35.666886,-119.186717,0,20.45,0,3,0,,0,0,0,0,Credit Card,1,0,0,4,0,0,0,0,49,1024.65,0,1553.3,0.0,2577.95,0,0
30,0,5.32,5674,Two Year,0,0,Female,0,,36.27688,-117.033326,1,25.05,1,0,10,Offer B,0,0,1,1,Bank Withdrawal,1,0,1,4,0,0,0,0,52,1270.25,0,276.64,0.0,1546.89,0,0
22,27,44.99,3895,Month-to-Month,0,0,Female,1,Fiber Optic,33.03933,-115.191857,0,80.5,0,0,0,,0,0,1,0,Bank Withdrawal,1,0,0,4,0,1,1,0,13,1011.8,0,584.87,24.99,1571.68,1,0
79,29,47.35,3330,Month-to-Month,0,0,Female,1,Fiber Optic,33.840524,-118.148403,0,98.25,1,0,0,,1,0,1,0,Bank Withdrawal,1,0,0,3,1,1,1,1,6,560.6,0,284.1,0.0,844.7,1,1
60,17,23.0,5819,Month-to-Month,1,0,Female,1,Fiber Optic,38.343282,-122.9755,1,70.2,0,2,0,Offer D,0,0,0,1,Bank Withdrawal,1,0,0,4,0,0,0,0,14,1046.5,0,322.0,0.0,1368.5,1,0
51,22,0.0,2875,Month-to-Month,0,0,Female,1,Cable,37.858898,-122.240512,0,50.35,0,0,0,,1,0,1,0,Bank Withdrawal,0,0,0,3,0,1,1,1,22,1098.85,0,0.0,0.0,1098.85,1,0
33,18,6.1,2613,Two Year,0,1,Male,1,Fiber Optic,40.343213,-121.815412,1,96.9,1,0,1,Offer B,1,1,1,1,Bank Withdrawal,1,0,1,4,0,0,0,1,48,4473.45,0,292.8,0.0,4766.25,1,0
60,23,25.26,4994,Month-to-Month,1,0,Male,1,Fiber Optic,35.013299,-116.834092,1,75.75,1,3,7,Offer C,0,0,1,1,Bank Withdrawal,1,0,1,3,0,0,0,0,27,1929.0,0,682.02,0.0,2611.02,1,0
21,0,38.28,2189,Month-to-Month,1,0,Male,0,,35.861928,-118.636698,0,26.35,1,3,0,Offer E,0,0,0,0,Credit Card,1,0,0,3,0,0,0,0,6,184.05,0,229.68,0.0,413.73,0,0
34,10,28.4,4421,One Year,0,1,Male,1,Cable,32.957195,-117.202542,1,87.4,1,0,1,Offer A,1,0,0,1,Bank Withdrawal,1,0,1,2,0,0,0,0,67,5918.8,0,1902.8,0.0,7821.6,1,1
55,0,47.31,2050,One Year,0,0,Female,0,,37.774633,-122.274434,0,21.05,0,0,0,,0,0,0,0,Bank Withdrawal,1,0,0,5,0,0,0,0,24,531.55,0,1135.44,0.0,1666.99,0,0
57,0,39.78,4884,Two Year,0,0,Female,0,,37.023669,-121.946461,1,24.25,1,0,10,Offer A,0,0,0,1,Bank Withdrawal,1,0,1,3,0,0,0,0,69,1641.8,0,2744.82,45.75,4340.87,0,0
68,11,27.75,6117,One Year,0,1,Female,1,Fiber Optic,37.996462,-122.293716,1,105.95,1,0,1,,0,0,1,1,Credit Card,1,1,1,2,1,1,0,1,66,6975.25,0,1831.5,0.0,8806.75,1,1
78,23,0.0,5185,Two Year,0,1,Female,1,DSL,34.231053,-118.338307,0,50.5,0,0,0,,1,0,1,0,Bank Withdrawal,0,1,0,3,1,0,0,1,52,2566.3,0,0.0,0.0,2566.3,1,0
42,0,14.79,5695,Month-to-Month,0,0,Female,0,,34.048013,-118.293953,0,20.4,0,0,0,Offer E,0,0,0,0,Credit Card,1,0,0,4,0,0,0,0,3,63.15,0,44.37,0.0,107.52,0,0
52,3,16.67,3123,Month-to-Month,0,1,Female,1,Fiber Optic,39.298065,-123.25211,1,102.8,0,0,1,,1,0,1,1,Bank Withdrawal,1,1,1,1,0,1,1,1,21,2110.15,0,350.07,0.0,2460.22,1,1
32,9,0.0,2573,Month-to-Month,0,0,Male,1,DSL,34.360261,-119.306383,1,29.95,0,0,1,Offer E,1,0,1,1,Bank Withdrawal,0,0,1,2,0,0,0,0,9,248.95,10,0.0,0.0,258.95,0,1
51,0,20.77,6141,Two Year,0,0,Female,0,,32.698964,-115.886656,0,25.15,1,0,0,Offer A,0,0,1,0,Credit Card,1,0,0,5,0,0,0,0,66,1683.6,0,1370.82,0.0,3054.42,0,0
59,0,12.55,4272,One Year,1,0,Female,0,,35.116307,-118.817644,1,20.25,0,3,10,,0,0,0,1,Credit Card,1,0,1,5,0,0,0,0,9,172.35,0,112.95,0.0,285.3,0,0
34,11,42.85,4577,One Year,1,0,Female,1,DSL,37.454924,-122.203168,1,49.7,0,2,2,Offer B,0,1,1,1,Bank Withdrawal,1,0,1,3,0,0,0,0,61,2961.4,0,2613.85,0.0,5575.25,1,0
36,11,13.94,5012,Month-to-Month,1,1,Female,1,Fiber Optic,33.054579,-117.25665,1,109.6,1,2,5,Offer B,0,1,1,1,Credit Card,1,1,1,3,0,1,1,1,56,5953.0,0,780.64,0.0,6733.64,1,0
41,8,34.88,5641,Month-to-Month,0,0,Male,1,Fiber Optic,37.329725,-120.306399,0,94.7,1,0,0,,0,0,1,0,Bank Withdrawal,1,0,0,1,0,1,1,1,25,2362.1,0,872.0,0.0,3234.1,1,1
56,22,14.41,5904,One Year,1,1,Male,1,Fiber Optic,34.18454,-119.224666,1,85.05,0,1,5,,0,0,1,1,Bank Withdrawal,1,0,1,4,0,0,0,1,40,3355.65,0,576.4,38.15,3893.9,1,0
51,13,27.3,5311,One Year,0,0,Male,1,Fiber Optic,38.197907,-122.017258,0,86.35,0,0,0,Offer B,0,1,0,0,Credit Card,1,0,0,3,0,0,0,1,51,4267.15,0,1392.3,0.0,5659.45,1,0
58,0,15.71,5039,One Year,0,0,Male,0,,33.782346,-117.635263,0,19.5,0,0,0,,0,0,0,0,Credit Card,1,0,0,3,0,0,0,0,10,225.85,0,157.1,0.0,382.95,0,0
43,7,44.97,4948,One Year,0,1,Female,1,Cable,34.099891,-118.414338,1,54.4,0,0,2,Offer D,0,0,1,1,Credit Card,1,1,1,5,0,0,0,0,18,957.1,0,809.46,0.0,1766.56,1,0
56,11,4.8,5633,Month-to-Month,0,0,Male,1,Fiber Optic,38.240419,-121.587535,0,74.35,0,0,0,,1,0,1,0,Bank Withdrawal,1,0,0,3,0,0,0,0,1,74.35,0,4.8,0.0,79.15,1,1
41,18,5.43,5228,Month-to-Month,0,0,Male,1,Fiber Optic,37.996462,-122.293716,0,86.6,1,0,0,Offer E,0,0,1,0,Bank Withdrawal,1,0,0,3,0,1,1,0,1,86.6,0,5.43,0.0,92.03,1,1
60,0,11.35,4836,One Year,0,0,Female,0,,35.666886,-119.186717,1,19.85,0,0,6,Offer B,0,0,1,1,Bank Withdrawal,1,0,1,3,0,0,0,0,53,1039.45,0,601.55,14.67,1626.33,0,0
76,16,5.19,5514,Two Year,0,1,Male,1,Fiber Optic,34.457829,-116.139589,0,101.05,1,0,0,,0,0,1,0,Bank Withdrawal,1,0,0,3,1,1,0,1,56,5594.0,10,290.64,0.0,5894.64,0,0
56,7,11.22,4941,One Year,0,1,Male,1,Fiber Optic,33.841027,-118.078097,0,101.35,1,0,0,,1,1,0,0,Bank Withdrawal,1,0,0,4,0,0,0,1,68,7110.75,0,762.96,0.0,7873.71,1,0
55,20,9.36,4260,Two Year,1,1,Male,1,Cable,33.936298,-116.849577,0,89.55,1,2,0,Offer B,1,1,0,0,Mailed Check,1,1,0,4,0,1,1,1,57,5012.35,0,533.52,30.45,5515.42,1,0
51,23,43.2,5769,Two Year,0,1,Male,1,DSL,33.802664,-118.179971,1,86.1,0,0,2,,1,1,0,1,Bank Withdrawal,1,1,1,4,0,1,1,1,62,5215.25,0,2678.4,0.0,7893.65,1,0
31,10,0.0,4429,Month-to-Month,0,0,Female,1,DSL,36.625114,-121.823565,0,28.6,0,0,0,,0,0,0,0,Credit Card,0,1,0,2,0,0,0,0,37,973.55,0,0.0,0.0,973.55,1,1
66,2,6.03,5925,Two Year,0,1,Male,1,Fiber Optic,33.847755,-118.112532,1,104.15,1,0,0,,1,0,1,1,Bank Withdrawal,1,0,0,3,1,1,0,1,72,7689.95,0,434.16,0.0,8124.11,1,1
46,24,14.83,6079,Two Year,1,1,Female,1,DSL,32.909873,-116.906774,1,69.9,1,1,1,Offer A,0,0,1,1,Bank Withdrawal,1,1,1,3,0,1,1,0,67,4615.9,0,993.61,0.0,5609.51,1,0
31,29,43.69,4442,One Year,1,1,Male,1,DSL,34.157137,-118.548511,0,64.85,0,3,0,,0,1,0,0,Credit Card,1,0,0,4,0,1,1,0,15,950.75,0,655.35,0.0,1606.1,1,0
30,59,34.47,2850,Month-to-Month,0,0,Female,1,Fiber Optic,32.957195,-117.202542,0,85.8,1,0,0,Offer E,0,0,0,0,Credit Card,1,0,0,3,0,1,1,0,1,85.8,0,34.47,0.0,120.27,1,1
66,18,8.72,3558,Two Year,0,1,Female,1,Fiber Optic,33.797638,-118.11662,0,79.35,1,0,0,,0,0,1,0,Credit Card,1,0,0,5,1,0,0,0,23,1835.3,0,200.56,15.41,2020.45,1,0
35,29,24.72,2518,Month-to-Month,0,0,Male,1,Fiber Optic,38.592745,-121.540036,0,79.5,1,0,0,,0,0,1,0,Bank Withdrawal,1,1,0,1,0,0,0,0,27,2180.55,0,667.44,0.0,2847.99,1,1
36,2,46.6,5659,Month-to-Month,0,0,Male,1,Cable,38.526941,-122.709096,0,51.5,0,0,0,Offer D,0,0,0,0,Mailed Check,1,1,0,1,0,0,0,0,17,900.5,0,792.2,35.34,1657.36,1,1
73,0,15.9,5209,Two Year,0,0,Female,0,,33.17494,-117.242761,1,19.55,0,0,2,Offer A,0,0,1,1,Credit Card,1,0,1,3,1,0,0,0,70,1462.05,0,1113.0,0.0,2575.05,0,0
31,0,14.79,2698,Month-to-Month,1,0,Female,0,,33.988543,-118.334081,1,20.05,0,2,10,,0,0,0,1,Credit Card,1,0,1,3,0,0,0,0,20,406.05,0,295.8,0.0,701.85,0,0
79,9,29.15,4621,One Year,0,1,Male,1,Fiber Optic,33.972293,-116.654195,1,105.1,1,0,4,,1,0,1,1,Bank Withdrawal,1,0,1,4,1,1,1,1,52,5376.4,0,1515.8,0.0,6892.2,1,0
52,8,23.45,6149,Two Year,0,1,Female,1,DSL,32.957195,-117.202542,0,89.65,1,0,0,,1,1,0,0,Bank Withdrawal,1,1,0,3,0,1,1,1,61,5308.7,0,1430.45,0.0,6739.15,1,0
40,0,15.91,3944,Two Year,1,0,Female,0,,38.358464,-120.579304,1,19.75,0,3,6,Offer C,0,0,0,1,Credit Card,1,0,1,3,0,0,0,0,39,757.95,0,620.49,0.0,1378.44,0,0
36,0,20.18,5606,One Year,0,0,Female,0,,34.419203,-119.710008,0,19.15,0,0,0,,0,0,0,0,Credit Card,1,0,0,5,0,0,0,0,27,501.35,0,544.86,0.0,1046.21,0,0
27,47,17.58,5548,Month-to-Month,0,0,Male,1,Fiber Optic,37.497915,-122.267361,1,94.4,1,0,1,Offer B,1,1,1,1,Credit Card,1,0,1,4,0,1,1,0,50,4914.9,0,879.0,0.0,5793.9,1,0
46,11,24.9,4655,Month-to-Month,0,0,Male,1,DSL,33.362575,-117.299644,0,44.65,0,0,0,,0,0,0,0,Mailed Check,1,0,0,1,0,0,0,0,2,74.9,10,49.8,0.0,134.7,0,1
34,25,47.1,2499,One Year,1,0,Male,1,DSL,40.309088,-123.668201,1,55.1,1,1,2,,0,0,1,1,Credit Card,1,1,1,4,0,0,0,0,25,1466.1,0,1177.5,0.0,2643.6,1,0
47,28,0.0,5103,One Year,0,0,Female,1,Cable,35.165668,-120.655842,0,39.5,0,0,0,,1,1,0,0,Credit Card,0,1,0,3,0,0,0,0,29,1082.75,0,0.0,0.0,1082.75,1,0
53,27,11.4,4803,Two Year,1,0,Female,1,Fiber Optic,33.53604,-116.119222,1,94.1,1,3,1,Offer A,1,0,0,1,Credit Card,1,1,1,4,0,0,0,1,67,6302.8,0,763.8,0.0,7066.6,1,0
31,0,10.22,4441,Month-to-Month,0,0,Male,0,,36.722898,-121.633648,0,19.75,0,0,0,Offer E,0,0,1,0,Credit Card,1,0,0,5,0,0,0,0,1,19.75,0,10.22,0.0,29.97,0,0
26,27,36.29,4233,Month-to-Month,0,1,Female,1,Fiber Optic,33.141265,-116.967221,1,99.5,1,0,1,,0,0,1,1,Bank Withdrawal,1,0,1,1,0,1,1,1,37,3762.0,0,1342.73,0.0,5104.73,1,1
41,0,8.25,4848,One Year,0,0,Female,0,,37.089111,-122.062213,1,19.6,0,0,0,,0,0,0,1,Credit Card,1,0,0,3,0,0,0,0,52,1012.4,0,429.0,46.07,1395.33,0,0
19,52,5.33,4235,Month-to-Month,0,1,Male,1,Cable,38.071327,-120.632221,0,55.1,0,0,0,Offer E,0,1,1,0,Mailed Check,1,0,0,1,0,0,0,0,2,113.35,0,10.66,0.0,124.01,1,1
35,21,17.49,6311,Two Year,0,0,Female,1,Fiber Optic,33.744119,-118.31448,1,101.05,1,0,2,,1,0,1,1,Bank Withdrawal,1,0,1,4,0,1,1,1,61,5971.25,0,1066.89,0.0,7038.14,1,0
36,9,12.71,3676,Month-to-Month,0,0,Male,1,Fiber Optic,39.597975,-122.032248,1,91.7,1,0,3,,0,1,0,1,Bank Withdrawal,1,0,1,3,0,0,0,1,38,3479.05,0,482.98,0.0,3962.03,1,0
20,48,10.59,4839,Month-to-Month,0,1,Female,1,Fiber Optic,34.102119,-117.815532,1,105.05,1,0,6,,1,0,1,1,Bank Withdrawal,1,0,1,2,0,1,1,1,52,5624.85,0,550.68,27.6,6147.93,1,1
53,30,0.0,5388,Month-to-Month,0,1,Male,1,DSL,37.996462,-122.293716,0,33.6,0,0,0,,0,1,0,0,Credit Card,0,0,0,4,0,0,0,0,18,550.35,0,0.0,0.0,550.35,1,0
55,10,17.08,2969,Month-to-Month,0,0,Female,1,Fiber Optic,40.448632,-122.306657,1,69.95,0,0,1,Offer E,0,0,0,1,Bank Withdrawal,1,0,1,2,0,0,0,0,5,330.15,0,85.4,0.0,415.55,1,1
19,59,0.0,3072,Month-to-Month,1,0,Male,1,DSL,33.62251,-117.927024,0,25.35,0,2,0,Offer D,0,0,1,0,Credit Card,0,0,0,4,0,0,1,0,19,566.1,0,0.0,0.0,566.1,1,0
44,21,27.24,2131,Month-to-Month,1,0,Male,1,DSL,33.719221,-118.073596,1,61.45,0,1,4,,0,0,0,1,Credit Card,1,1,1,2,0,1,1,0,4,229.55,0,108.96,0.0,338.51,1,1
23,69,0.0,4324,Month-to-Month,0,0,Male,1,DSL,38.434138,-121.30587,1,41.05,0,0,1,Offer B,1,0,1,1,Bank Withdrawal,0,0,1,2,0,1,1,0,59,2452.7,0,0.0,0.0,2452.7,1,1
57,10,38.96,2328,Month-to-Month,0,0,Female,1,DSL,39.117018,-120.212535,0,55.5,0,0,0,Offer E,0,0,0,0,Credit Card,1,0,0,4,0,0,0,1,4,227.35,0,155.84,0.0,383.19,1,0
29,59,48.45,3446,Month-to-Month,0,0,Male,1,DSL,40.531257,-122.148139,0,49.45,0,0,0,,0,0,1,0,Credit Card,1,1,0,4,0,0,0,0,16,799.0,0,775.2,0.0,1574.2,1,0
35,17,20.37,3666,Month-to-Month,0,0,Male,1,Cable,37.7795,-122.419233,0,45.45,0,0,0,,0,0,0,0,Credit Card,1,0,0,5,0,0,0,0,3,141.7,0,61.11,0.0,202.81,1,0
60,13,13.8,3093,One Year,1,1,Male,1,DSL,36.464635,-119.094348,1,59.8,0,2,5,,1,1,0,1,Bank Withdrawal,1,0,1,3,0,0,0,0,39,2343.85,140,538.2,0.0,3022.05,0,0
25,26,24.85,4115,Two Year,0,1,Female,1,Fiber Optic,32.587557,-116.636816,0,115.05,1,0,0,Offer B,1,1,0,0,Credit Card,1,1,0,4,0,1,1,1,43,4895.1,0,1068.55,10.76,5952.89,1,0
77,30,13.02,2905,Month-to-Month,0,0,Female,1,Fiber Optic,37.270938,-121.851046,1,90.6,1,0,1,Offer E,1,0,1,1,Bank Withdrawal,1,0,1,2,1,0,0,1,1,90.6,0,13.02,0.0,103.62,1,1
28,48,38.71,3186,Month-to-Month,1,1,Female,1,Fiber Optic,32.579134,-117.119009,1,95.5,1,2,5,,0,0,1,1,Bank Withdrawal,1,1,1,3,0,1,1,0,20,1916.2,0,774.2,0.0,2690.4,1,0
59,18,30.68,4487,Two Year,0,1,Female,1,Cable,33.162624,-117.170863,1,85.75,1,0,3,,1,1,0,1,Credit Card,1,1,1,3,0,1,1,1,71,6223.8,0,2178.28,4.6,8397.48,1,0
41,0,37.61,4115,Month-to-Month,0,0,Male,0,,34.432843,-118.730106,1,20.55,0,0,1,Offer E,0,0,1,1,Credit Card,1,0,1,1,0,0,0,0,3,51.15,0,112.83,0.0,163.98,0,1
54,28,34.62,4697,Two Year,0,1,Male,1,Fiber Optic,33.753146,-118.367459,1,107.6,1,0,8,,0,0,1,1,Bank Withdrawal,1,1,1,4,0,1,1,1,62,6912.7,0,2146.44,0.0,9059.14,1,0
48,16,31.23,4094,Month-to-Month,0,1,Female,1,Fiber Optic,33.829583,-116.474131,0,83.25,1,0,0,Offer B,1,0,1,0,Bank Withdrawal,1,0,0,3,0,0,0,0,59,4949.1,0,1842.57,0.0,6791.67,1,0
53,18,0.0,2860,Month-to-Month,0,0,Female,1,DSL,39.239818,-123.565432,0,30.9,0,0,0,,0,0,1,0,Bank Withdrawal,0,1,0,2,0,0,0,0,2,59.05,0,0.0,0.0,59.05,1,1
19,82,0.0,5024,Month-to-Month,0,0,Female,1,Cable,32.827238,-117.089287,1,34.0,0,0,1,Offer C,0,0,1,1,Bank Withdrawal,0,0,1,1,0,0,0,1,25,853.0,0,0.0,0.0,853.0,1,1
23,46,26.45,5189,Two Year,0,1,Male,1,DSL,33.739415,-116.968339,0,79.45,1,0,0,Offer A,1,1,1,0,Credit Card,1,1,0,4,0,0,0,1,69,5502.55,80,1825.05,0.0,7407.6,0,0
66,8,20.19,6270,Two Year,0,1,Male,1,Fiber Optic,35.478736,-115.516984,1,102.1,1,0,2,,0,0,0,1,Bank Withdrawal,1,1,1,4,1,1,1,1,64,6538.45,0,1292.16,0.0,7830.61,1,0
52,6,41.21,2332,Month-to-Month,0,0,Male,1,Fiber Optic,35.449881,-118.841442,0,83.15,1,0,0,,0,0,0,0,Bank Withdrawal,1,0,0,4,0,0,0,1,35,2848.45,0,1442.35,18.84,4271.96,1,0
61,14,0.0,5535,One Year,0,1,Male,1,DSL,36.991762,-119.242874,0,50.8,0,0,0,,0,1,0,0,Mailed Check,0,1,0,4,0,1,1,0,9,463.6,0,0.0,0.0,463.6,1,0
46,28,4.7,6307,Two Year,0,0,Female,1,Cable,34.167236,-116.281511,1,84.95,1,0,1,Offer B,1,1,1,1,Bank Withdrawal,1,1,1,4,0,1,1,1,62,5150.55,0,291.4,4.68,5437.27,1,0
58,2,1.02,3468,Month-to-Month,0,1,Female,1,Fiber Optic,33.819814,-118.222416,1,100.05,0,0,3,Offer B,0,0,1,1,Credit Card,1,1,1,5,0,1,1,1,48,4834.0,0,48.96,37.45,4845.51,1,0
61,0,47.5,2320,Two Year,1,0,Female,0,,34.099891,-118.414338,1,19.4,0,1,9,,0,0,0,1,Credit Card,1,0,1,4,0,0,0,0,46,967.85,0,2185.0,0.0,3152.85,0,0
73,26,26.95,4457,Month-to-Month,0,0,Female,1,Fiber Optic,33.141265,-116.967221,1,70.55,0,0,1,,0,0,0,1,Bank Withdrawal,1,0,1,3,1,0,0,0,47,3309.25,0,1266.65,26.99,4548.91,1,1
37,18,38.28,2078,Month-to-Month,0,0,Female,1,Fiber Optic,38.544002,-121.685559,0,74.9,1,0,0,,0,0,0,0,Credit Card,1,0,0,1,0,0,0,0,2,147.15,0,76.56,0.0,223.71,1,1
59,0,30.1,6373,Two Year,1,0,Male,0,,38.240419,-121.587535,1,19.15,0,3,2,,0,0,1,1,Mailed Check,1,0,1,5,0,0,0,0,63,1177.05,0,1896.3,0.0,3073.35,0,0
36,29,2.87,3597,Month-to-Month,0,1,Male,1,Fiber Optic,33.548869,-117.334165,0,95.0,1,0,0,Offer C,1,1,1,0,Credit Card,1,1,0,3,0,0,0,0,30,2852.4,0,86.1,0.0,2938.5,1,0
61,2,47.03,2031,Month-to-Month,0,0,Male,1,Fiber Optic,34.238162,-117.534306,0,99.8,1,0,0,,1,0,1,0,Bank Withdrawal,1,0,0,1,0,1,1,1,7,673.25,10,329.21,0.0,1012.46,0,1
33,23,13.77,2862,Month-to-Month,1,1,Male,1,DSL,40.080342,-120.957805,1,72.8,1,2,4,,1,0,1,1,Bank Withdrawal,1,1,1,4,0,0,0,1,13,930.05,0,179.01,0.0,1109.06,1,0
75,19,0.0,2617,One Year,1,0,Female,1,DSL,33.914775,-118.348083,1,29.9,0,2,0,,1,0,0,1,Bank Withdrawal,0,0,0,5,1,0,0,0,48,1388.75,0,0.0,0.0,1388.75,1,0
53,30,0.0,5638,One Year,0,1,Male,1,DSL,35.236549,-120.727344,1,53.15,0,0,5,,0,1,0,1,Credit Card,0,0,1,3,0,1,1,1,35,1930.9,0,0.0,0.0,1930.9,1,0
42,26,12.6,3265,Two Year,1,1,Female,1,Fiber Optic,37.781304,-122.461522,1,100.4,0,3,1,,0,0,1,1,Bank Withdrawal,1,1,1,5,0,1,1,1,42,4303.65,0,529.2,0.0,4832.85,1,0
48,22,0.0,5988,One Year,1,0,Female,1,DSL,33.606899,-117.717854,1,30.25,0,1,4,,0,0,0,1,Credit Card,0,1,1,4,0,0,0,0,12,368.85,0,0.0,0.0,368.85,1,0
48,28,44.57,6247,One Year,0,0,Male,1,Fiber Optic,37.872902,-122.303708,0,105.2,1,0,0,Offer A,1,0,1,0,Bank Withdrawal,1,1,0,3,0,1,1,1,69,7386.05,0,3075.33,0.0,10461.38,1,0
46,9,0.0,2751,Two Year,0,1,Female,1,Cable,33.783047,-118.1486,0,53.1,0,0,0,,1,1,1,0,Credit Card,0,1,0,3,0,1,1,0,36,1901.25,0,0.0,0.0,1901.25,1,0
26,59,11.79,3153,Month-to-Month,1,0,Male,1,Fiber Optic,40.946785,-121.719489,1,85.9,0,3,0,Offer C,0,0,0,1,Bank Withdrawal,1,1,0,3,0,0,0,1,25,2199.05,0,294.75,0.0,2493.8,1,0
48,23,12.48,4285,Two Year,1,1,Male,1,DSL,37.792489,-122.244314,0,79.5,0,2,0,Offer A,1,0,1,0,Credit Card,1,1,0,4,0,1,1,1,66,5196.1,0,823.68,0.0,6019.78,1,0
25,46,0.0,2496,Month-to-Month,0,0,Female,1,DSL,37.57028,-122.365778,0,34.8,0,0,0,,0,0,1,0,Credit Card,0,0,0,4,0,0,0,1,3,113.95,0,0.0,0.0,113.95,1,0
36,22,12.84,4116,Two Year,1,1,Female,1,DSL,39.094102,-123.500853,1,83.6,1,1,4,,1,1,1,1,Credit Card,1,0,1,3,0,1,1,1,72,5959.3,0,924.48,0.0,6883.78,1,0
60,21,27.49,2159,Month-to-Month,1,0,Female,1,Cable,32.677716,-117.047666,1,69.5,1,1,6,,1,0,1,1,Credit Card,1,1,1,4,0,0,0,1,23,1652.1,0,632.27,16.89,2267.48,1,0
65,7,28.63,5565,Month-to-Month,0,1,Male,1,Cable,39.094102,-123.500853,0,83.8,0,0,0,Offer D,1,0,1,0,Credit Card,1,1,0,1,1,0,0,0,12,1029.75,80,343.56,44.58,1408.73,0,1
23,59,1.67,5076,Two Year,0,1,Female,1,Fiber Optic,37.815459,-121.977203,1,115.55,1,0,1,,1,1,1,1,Credit Card,1,1,1,3,0,1,1,1,72,8312.4,0,120.24,0.0,8432.64,1,0
71,14,49.85,4512,Month-to-Month,0,0,Male,1,Fiber Optic,38.287136,-122.02711,1,100.05,1,0,6,,0,0,1,1,Credit Card,1,1,1,2,1,1,0,1,66,6871.9,0,3290.1,0.0,10162.0,1,1
78,17,9.7,3591,Month-to-Month,0,0,Male,1,Fiber Optic,33.840524,-118.148403,1,94.7,1,0,0,,1,1,1,1,Credit Card,1,0,0,1,1,1,1,0,7,673.1,0,67.9,0.0,741.0,1,1
30,59,0.0,5824,Month-to-Month,0,1,Male,1,Cable,38.921333,-120.897718,0,43.25,0,0,0,,1,1,1,0,Mailed Check,0,1,0,2,0,0,0,0,5,219.0,0,0.0,0.0,219.0,1,1
56,17,5.08,4370,Month-to-Month,0,0,Male,1,DSL,41.831901,-123.487478,0,44.9,0,0,0,,0,0,0,0,Bank Withdrawal,1,0,0,4,0,0,0,0,2,111.05,0,10.16,0.0,121.21,1,0
61,19,1.67,5998,Month-to-Month,1,0,Female,1,Fiber Optic,37.279689,-121.954567,1,69.55,0,2,3,,0,0,1,1,Bank Withdrawal,1,0,1,3,0,0,0,0,3,200.2,0,5.01,33.8,171.41,1,0
73,4,45.46,3771,Two Year,0,0,Male,1,Fiber Optic,37.801776,-122.402293,1,75.1,1,0,8,,0,0,1,1,Bank Withdrawal,1,0,1,4,1,0,0,0,14,1013.35,0,636.44,0.0,1649.79,1,0
22,51,0.0,4194,Month-to-Month,1,0,Female,1,DSL,35.939068,-119.043666,0,38.5,0,1,0,,0,1,1,0,Bank Withdrawal,0,0,0,3,0,1,1,0,8,330.8,0,0.0,0.0,330.8,1,0
55,0,33.47,6009,Two Year,1,0,Male,0,,40.426679,-121.850421,1,19.85,0,1,5,Offer B,0,0,1,1,Credit Card,1,0,1,3,0,0,0,0,65,1267.05,0,2175.55,0.0,3442.6,0,0
50,16,4.45,3157,Month-to-Month,0,0,Female,1,Fiber Optic,38.192608,-120.957842,1,78.1,0,0,7,,0,0,1,1,Bank Withdrawal,1,0,1,4,0,1,1,0,14,1122.4,0,62.3,0.0,1184.7,1,0
21,0,32.73,4556,Month-to-Month,1,0,Female,0,,34.018354,-117.85492,0,25.4,1,1,0,Offer E,0,0,0,0,Mailed Check,1,0,0,3,0,0,0,0,1,25.4,0,32.73,0.0,58.13,0,0
71,20,2.38,2535,One Year,0,1,Male,1,Fiber Optic,33.703976,-117.824172,1,98.7,1,0,1,Offer B,1,0,1,1,Bank Withdrawal,1,1,1,3,1,0,0,1,45,4525.8,0,107.1,0.0,4632.9,1,0
53,20,43.48,4302,Two Year,0,1,Male,1,DSL,39.07116,-122.598542,1,80.8,1,0,1,,1,1,1,1,Bank Withdrawal,1,1,1,4,0,1,1,0,61,4860.85,0,2652.28,17.17,7495.96,1,0
56,30,40.47,5207,Two Year,0,0,Male,1,DSL,41.950683,-124.097094,1,74.8,0,0,1,Offer B,0,1,1,1,Bank Withdrawal,1,1,1,1,0,1,1,1,65,4820.15,0,2630.55,0.0,7450.7,1,1
70,3,0.0,5172,Month-to-Month,0,0,Male,1,Cable,34.167926,-118.267539,1,44.85,0,0,1,,0,0,1,1,Bank Withdrawal,0,0,1,2,1,1,1,1,57,2572.95,0,0.0,12.07,2560.88,1,1
32,18,16.11,4159,One Year,0,1,Female,1,Cable,33.833686,-117.513063,0,80.55,1,0,0,,0,0,0,0,Credit Card,1,1,0,5,0,1,1,1,60,4847.05,0,966.6,0.0,5813.65,1,0
31,24,8.51,4461,Two Year,1,1,Male,1,Fiber Optic,36.37559,-119.211689,1,90.45,1,3,7,Offer A,1,0,0,1,Bank Withdrawal,1,1,1,3,0,0,0,0,72,6565.85,0,612.72,0.0,7178.57,1,0
61,10,33.11,6351,One Year,0,1,Male,1,Fiber Optic,37.80707,-122.297401,0,110.0,1,0,0,,0,1,1,0,Credit Card,1,1,0,4,0,1,1,1,65,7138.65,0,2152.15,0.0,9290.8,1,0
24,48,45.69,4344,One Year,0,1,Male,1,Fiber Optic,34.231053,-118.338307,0,104.0,1,0,0,Offer B,0,1,0,0,Bank Withdrawal,1,0,0,3,0,1,1,1,61,6363.45,0,2787.09,0.0,9150.54,1,0
45,11,0.0,5381,Month-to-Month,0,1,Female,1,DSL,34.031529,-118.491156,0,35.2,0,0,0,Offer D,0,0,1,0,Bank Withdrawal,0,1,0,3,0,0,0,0,18,607.3,50,0.0,0.0,657.3,0,0
27,0,22.01,5332,Month-to-Month,0,0,Female,0,,37.746699,-122.442833,0,20.3,0,0,0,Offer D,0,0,1,0,Credit Card,1,0,0,4,0,0,0,0,13,275.4,0,286.13,0.0,561.53,0,0
47,14,0.0,4667,Month-to-Month,0,0,Male,1,DSL,33.847755,-118.112532,0,30.5,0,0,0,Offer E,1,0,1,0,Credit Card,0,0,0,1,0,0,0,0,6,208.7,0,0.0,0.0,208.7,1,1
20,52,21.72,3108,Month-to-Month,0,0,Female,1,Fiber Optic,34.097345,-117.906736,0,79.6,0,0,0,Offer E,0,0,1,0,Bank Withdrawal,1,0,0,2,0,1,1,0,1,79.6,0,21.72,0.0,101.32,1,1
38,22,48.2,3003,Month-to-Month,0,0,Male,1,DSL,35.634488,-120.293534,0,59.25,1,0,0,Offer E,0,0,1,0,Bank Withdrawal,1,0,0,3,0,0,0,1,8,436.6,0,385.6,0.0,822.2,1,0
24,53,2.38,5922,Month-to-Month,0,0,Male,1,DSL,36.625792,-119.672483,1,49.55,0,0,6,Offer E,1,0,1,1,Bank Withdrawal,1,0,1,5,0,0,0,0,8,393.45,0,19.04,0.0,412.49,1,0
49,2,16.64,5579,Month-to-Month,0,0,Male,1,Fiber Optic,34.162515,-118.203869,0,89.25,0,0,0,,0,0,1,0,Bank Withdrawal,1,0,0,5,0,1,1,1,1,89.25,0,16.64,0.0,105.89,1,0
60,0,36.14,2111,One Year,0,0,Male,0,,33.948558,-116.516976,1,19.3,0,0,3,,0,0,0,1,Credit Card,1,0,1,5,0,0,0,0,23,486.2,0,831.22,0.0,1317.42,0,0
19,47,40.96,6060,Two Year,1,1,Male,1,Fiber Optic,38.25485,-122.461799,1,111.2,1,1,6,,1,0,1,1,Bank Withdrawal,1,1,1,4,0,1,1,1,67,7530.8,0,2744.32,0.0,10275.12,1,0
29,48,41.08,5334,Month-to-Month,1,1,Male,1,Fiber Optic,34.087558,-117.464096,0,80.55,1,3,0,Offer D,0,0,1,0,Credit Card,1,0,0,5,0,0,0,0,18,1406.65,0,739.44,0.0,2146.09,1,0
80,3,18.23,4574,Two Year,0,1,Male,1,Fiber Optic,38.888351,-123.239647,0,99.1,0,0,0,Offer B,1,0,1,0,Bank Withdrawal,1,0,0,4,1,1,1,1,65,6496.15,0,1184.95,0.0,7681.1,1,0
42,27,11.5,5119,Month-to-Month,0,0,Male,1,Fiber Optic,34.297628,-119.014627,1,80.5,1,0,3,Offer D,1,0,1,1,Bank Withdrawal,1,0,1,1,0,0,0,0,11,896.9,0,126.5,0.0,1023.4,1,1
21,0,29.33,4851,Month-to-Month,0,0,Male,0,,34.712708,-117.889656,0,19.75,0,0,0,,0,0,0,0,Credit Card,1,0,0,3,0,0,0,0,1,19.75,0,29.33,0.0,49.08,0,1
67,10,43.19,4537,Two Year,0,1,Male,1,Cable,36.560498,-117.962461,0,81.35,1,0,0,Offer B,1,1,0,0,Credit Card,1,1,0,4,1,1,1,0,49,4060.9,0,2116.31,0.0,6177.21,1,0
45,24,41.74,6481,Month-to-Month,0,0,Female,1,Fiber Optic,37.007238,-119.505661,1,98.4,1,0,1,,1,0,1,1,Credit Card,1,0,1,2,0,1,1,1,53,5149.5,0,2212.22,0.0,7361.72,1,1
38,11,25.16,5246,One Year,0,0,Female,1,DSL,34.174493,-117.87068,1,74.7,0,0,10,Offer B,0,1,1,1,Credit Card,1,1,1,4,0,1,1,1,41,3187.65,0,1031.56,0.0,4219.21,1,0
28,51,13.58,3877,One Year,0,1,Male,1,DSL,37.051166,-122.056194,1,68.5,1,0,4,,1,0,0,1,Bank Withdrawal,1,0,1,4,0,0,0,1,41,2839.95,0,556.78,38.37,3358.36,1,0
21,47,0.0,3332,Month-to-Month,1,1,Male,1,Cable,33.994524,-118.149953,1,58.85,0,2,9,Offer E,1,1,0,1,Credit Card,0,0,1,3,0,1,1,1,7,465.7,0,0.0,0.0,465.7,1,0
23,71,0.0,2240,Month-to-Month,0,1,Female,1,DSL,34.00709,-118.258681,0,47.95,0,0,0,Offer E,0,0,1,0,Bank Withdrawal,0,0,0,1,0,1,1,1,6,305.1,0,0.0,0.0,305.1,1,1
35,9,49.48,4293,Two Year,0,1,Male,1,Cable,39.432127,-121.099287,0,54.15,1,0,0,Offer B,0,0,0,0,Credit Card,1,0,0,3,0,0,0,0,59,3116.15,0,2919.32,0.0,6035.47,1,0
54,27,0.0,4534,Month-to-Month,0,0,Female,1,DSL,34.167926,-118.267539,0,29.95,0,0,0,Offer E,1,0,0,0,Bank Withdrawal,0,0,0,1,0,0,0,0,1,29.95,0,0.0,0.0,29.95,1,1
71,27,46.11,5014,Month-to-Month,0,0,Male,1,Fiber Optic,35.916943,-120.129921,0,90.5,1,0,0,,0,0,1,0,Bank Withdrawal,1,1,0,1,1,0,0,1,22,1910.6,0,1014.42,0.0,2925.02,1,1
44,0,33.1,3772,Two Year,1,0,Male,0,,36.635661,-120.288644,1,25.05,1,1,9,Offer C,0,0,0,1,Credit Card,1,0,1,3,0,0,0,0,38,963.95,0,1257.8,0.0,2221.75,0,0
57,3,28.72,3091,One Year,0,1,Male,1,Fiber Optic,37.770533,-122.445121,0,112.2,0,0,0,,1,1,0,0,Credit Card,1,1,0,3,0,1,1,1,45,5031.85,0,1292.4,0.0,6324.25,1,0
35,11,13.73,4134,Month-to-Month,0,0,Male,1,DSL,36.301689,-119.018233,0,47.8,0,0,0,Offer E,0,1,1,0,Bank Withdrawal,1,0,0,1,0,0,0,0,2,92.45,0,27.46,0.0,119.91,1,1
28,53,21.26,5758,Two Year,0,0,Male,1,Fiber Optic,39.955587,-123.681175,1,108.95,1,0,0,,1,1,1,1,Credit Card,1,1,0,4,0,1,1,1,72,7875.0,0,1530.72,0.0,9405.72,1,0
41,18,26.38,6481,Two Year,1,1,Male,1,Fiber Optic,33.712036,-117.950113,1,116.05,1,1,5,Offer A,1,1,1,1,Bank Withdrawal,1,1,1,3,0,1,1,1,71,8297.5,110,1872.98,42.57,10237.91,0,0
55,8,9.04,2499,One Year,0,1,Female,1,DSL,34.15136,-118.364786,0,55.8,0,0,0,Offer D,1,0,0,0,Bank Withdrawal,1,0,0,3,0,0,0,0,23,1327.85,0,207.92,0.0,1535.77,1,0
52,18,0.0,4036,Two Year,0,1,Male,1,DSL,36.596271,-121.442274,1,64.8,0,0,9,,1,1,1,1,Credit Card,0,1,1,3,0,1,1,1,72,4719.75,0,0.0,0.0,4719.75,1,0
20,52,35.01,2567,Month-to-Month,0,0,Female,1,Fiber Optic,38.688764,-121.457596,0,76.0,1,0,0,,0,0,0,0,Bank Withdrawal,1,0,0,1,0,0,0,0,1,76.0,0,35.01,0.0,111.01,1,1
67,15,29.29,3336,Month-to-Month,0,0,Female,1,Fiber Optic,35.38381,-119.730885,0,85.8,1,0,0,Offer D,0,0,1,0,Credit Card,1,0,0,1,1,1,1,0,20,1727.5,0,585.8,0.0,2313.3,1,1
76,22,43.51,3966,Month-to-Month,0,1,Male,1,Fiber Optic,38.071327,-120.632221,1,104.9,1,0,1,Offer C,0,0,1,1,Bank Withdrawal,1,1,1,1,1,1,0,1,32,3351.55,0,1392.32,33.73,4710.14,1,1
33,11,17.01,5660,One Year,1,0,Female,1,DSL,34.153733,-118.593408,1,53.45,0,2,1,,1,1,0,1,Bank Withdrawal,1,0,1,3,0,0,0,0,57,3053.0,0,969.57,0.0,4022.57,1,0
30,0,28.1,4358,One Year,0,0,Female,0,,34.090925,-118.128164,1,19.85,0,0,1,,0,0,1,1,Bank Withdrawal,1,0,1,5,0,0,0,0,50,943.1,0,1405.0,0.0,2348.1,0,0
73,18,30.3,2784,One Year,0,1,Female,1,DSL,41.280478,-121.160249,1,71.7,1,0,4,,1,0,0,1,Bank Withdrawal,1,0,1,5,1,1,0,0,21,1497.05,100,636.3,0.0,2233.35,0,0
58,28,38.94,4418,Month-to-Month,1,0,Female,1,DSL,37.921137,-122.657562,0,45.2,0,3,0,,0,0,0,0,Bank Withdrawal,1,0,0,5,0,0,0,0,41,1841.9,0,1596.54,0.0,3438.44,1,0
32,30,17.96,3226,Month-to-Month,0,0,Male,1,Fiber Optic,35.215731,-119.57013,1,73.85,1,0,1,,0,0,1,1,Bank Withdrawal,1,0,1,1,0,0,0,0,16,1284.2,0,287.36,0.0,1571.56,1,1
52,12,29.39,4635,One Year,0,1,Female,1,Fiber Optic,33.907361,-117.109972,0,98.6,1,0,0,,1,1,0,0,Credit Card,1,0,0,3,0,0,0,1,53,5311.85,0,1557.67,0.0,6869.52,1,0
43,14,3.79,5955,Month-to-Month,0,0,Male,1,Fiber Optic,32.741852,-117.243453,1,89.7,0,0,1,,0,0,0,1,Credit Card,1,0,1,4,0,1,1,1,56,4952.95,0,212.24,41.66,5123.53,1,0
55,13,38.21,2978,Month-to-Month,0,0,Male,1,Cable,37.316146,-121.936285,0,49.8,0,0,0,,0,1,1,0,Credit Card,1,0,0,3,0,0,0,0,1,49.8,0,38.21,0.0,88.01,1,0
42,0,39.77,4962,Two Year,0,0,Male,0,,34.063947,-118.383001,0,20.35,0,0,0,Offer C,0,0,0,0,Credit Card,1,0,0,3,0,0,0,0,27,531.6,0,1073.79,0.0,1605.39,0,0
46,19,25.63,2068,One Year,0,1,Female,1,DSL,34.182378,-118.262922,1,90.1,1,0,1,Offer C,1,1,1,1,Credit Card,1,1,1,3,0,1,1,1,26,2312.55,0,666.38,47.79,2931.14,1,0
47,0,5.28,5676,Two Year,0,0,Female,0,,35.369553,-120.763864,0,26.25,1,0,0,Offer D,0,0,0,0,Credit Card,1,0,0,4,0,0,0,0,22,605.9,0,116.16,0.0,722.06,0,0
33,0,15.12,4323,Month-to-Month,0,0,Male,0,,40.559177,-120.612113,0,19.8,0,0,0,Offer E,0,0,1,0,Mailed Check,1,0,0,1,0,0,0,0,3,58.15,0,45.36,0.0,103.51,0,1
48,11,0.0,4580,Month-to-Month,0,0,Male,1,DSL,33.723579,-118.005441,0,25.1,0,0,0,,0,0,0,0,Credit Card,0,0,0,4,0,0,0,0,17,382.8,0,0.0,0.0,382.8,1,0
79,22,44.1,3669,Month-to-Month,0,0,Male,1,Fiber Optic,38.966713,-123.586412,1,100.6,1,0,6,,1,0,1,1,Bank Withdrawal,1,0,1,4,1,1,0,1,33,3270.25,0,1455.3,0.0,4725.55,1,0
56,13,16.15,3591,Month-to-Month,0,0,Female,1,Fiber Optic,33.786738,-117.982564,0,89.45,0,0,0,,0,0,1,0,Bank Withdrawal,1,0,0,3,0,1,1,1,3,240.45,0,48.45,0.0,288.9,1,1
42,20,1.76,5298,Two Year,1,1,Male,1,Fiber Optic,32.807867,-117.060993,1,108.15,0,3,2,,1,1,0,1,Credit Card,1,1,1,4,0,1,1,1,62,6825.65,0,109.12,0.0,6934.77,1,0
28,0,10.23,4186,One Year,1,0,Female,0,,40.527834,-122.318749,0,20.3,0,3,0,,0,0,0,0,Bank Withdrawal,1,0,0,3,0,0,0,0,37,755.4,0,378.51,0.0,1133.91,0,0
66,4,40.0,2893,Month-to-Month,0,1,Female,1,Fiber Optic,41.750354,-120.403885,0,90.1,1,0,0,Offer E,0,0,1,0,Bank Withdrawal,1,0,0,5,1,0,0,1,9,816.8,0,360.0,0.0,1176.8,1,0
35,0,3.49,4123,Month-to-Month,0,0,Male,0,,33.606899,-117.717854,0,19.75,0,0,0,,0,0,0,0,Credit Card,1,0,0,5,0,0,0,0,15,311.6,0,52.35,0.0,363.95,0,0
74,25,28.72,4796,Two Year,0,1,Female,1,Fiber Optic,38.966713,-123.586412,1,114.85,1,0,3,Offer A,1,1,1,1,Bank Withdrawal,1,1,1,3,1,1,0,1,72,8317.95,0,2067.84,0.0,10385.79,1,0
28,0,5.2,2894,One Year,0,0,Male,0,,33.868316,-117.929029,1,20.1,0,0,1,,0,0,0,1,Credit Card,1,0,1,3,0,0,0,0,5,85.1,0,26.0,0.0,111.1,0,0
43,28,9.26,2322,One Year,0,1,Male,1,DSL,35.666886,-119.186717,1,79.25,1,0,6,,0,1,0,1,Credit Card,1,0,1,3,0,1,1,1,37,2911.8,0,342.62,0.0,3254.42,1,0
22,73,42.49,5503,Month-to-Month,0,0,Female,1,Fiber Optic,36.303793,-119.375646,0,106.4,1,0,0,,0,1,0,0,Bank Withdrawal,1,1,0,4,0,1,1,1,30,3211.9,60,1274.7,0.0,4546.6,0,0
51,0,26.63,5084,Two Year,0,0,Male,0,,34.057256,-117.667677,0,19.35,0,0,0,,0,0,0,0,Credit Card,1,0,0,3,0,0,0,0,59,1099.6,0,1571.17,14.22,2656.55,0,1
56,8,26.0,3963,Month-to-Month,0,0,Female,1,Fiber Optic,37.089111,-122.062213,0,70.75,0,0,0,,0,0,0,0,Mailed Check,1,0,0,2,0,0,0,0,1,70.75,0,26.0,0.0,96.75,1,1
22,82,0.0,4296,One Year,0,0,Male,1,Cable,41.336354,-124.044354,0,54.55,0,0,0,Offer C,0,1,0,0,Credit Card,0,1,0,4,0,1,1,1,26,1362.85,0,0.0,0.0,1362.85,1,0
51,15,0.0,4481,Two Year,0,1,Female,1,Cable,38.691607,-121.602284,1,54.2,0,0,1,Offer A,1,0,1,1,Bank Withdrawal,0,0,1,3,0,1,1,1,72,3937.45,0,0.0,0.0,3937.45,1,1
45,0,34.38,4823,Month-to-Month,0,0,Male,0,,34.129677,-117.154277,1,20.0,0,0,10,,0,0,0,1,Mailed Check,1,0,1,4,0,0,0,0,2,38.0,0,68.76,0.0,106.76,0,0
26,82,37.1,4591,Month-to-Month,0,1,Female,1,Fiber Optic,33.705836,-117.318204,1,74.6,0,0,7,,0,0,1,1,Bank Withdrawal,1,0,1,5,0,0,0,0,25,1797.75,0,927.5,0.0,2725.25,1,0
52,3,20.44,6350,One Year,0,0,Male,1,Fiber Optic,32.787836,-117.232376,0,104.7,1,0,0,Offer A,1,0,1,0,Bank Withdrawal,1,1,0,3,0,1,1,1,69,7220.35,0,1410.36,0.0,8630.71,1,1
48,0,43.71,4254,Two Year,1,0,Female,0,,34.147149,-118.463365,1,20.9,0,3,1,,0,0,0,1,Credit Card,1,0,1,5,0,0,0,0,53,1146.05,0,2316.63,0.0,3462.68,0,0
42,9,35.7,2704,One Year,0,1,Male,1,DSL,39.23754,-120.720196,1,80.0,0,0,1,,0,1,0,1,Credit Card,1,1,1,1,0,1,1,1,39,3182.95,0,1392.3,0.0,4575.25,1,1
55,14,42.21,5812,Month-to-Month,0,1,Male,1,Fiber Optic,37.419725,-122.062947,1,103.85,1,0,6,Offer B,1,0,1,1,Bank Withdrawal,1,0,1,2,0,1,1,1,50,5017.9,0,2110.5,0.0,7128.4,1,1
47,8,10.53,4157,Month-to-Month,0,0,Female,1,Fiber Optic,32.85723,-117.209774,0,90.4,0,0,0,Offer E,0,0,1,0,Bank Withdrawal,1,0,0,3,0,1,1,1,2,168.2,0,21.06,0.0,189.26,1,1
64,0,43.18,5029,Month-to-Month,0,0,Female,0,,33.954017,-118.402447,0,20.2,0,0,0,Offer E,0,0,0,0,Credit Card,1,0,0,5,0,0,0,0,6,123.65,0,259.08,0.0,382.73,0,0
49,28,19.68,4928,One Year,0,1,Female,1,Fiber Optic,33.712036,-117.950113,0,92.15,1,0,0,Offer A,0,0,1,0,Bank Withdrawal,1,0,0,4,0,0,0,1,66,6056.9,0,1298.88,0.0,7355.78,1,0
68,4,46.24,3935,Two Year,0,1,Female,1,Fiber Optic,35.957019,-119.330928,1,85.7,0,0,4,,0,0,1,1,Credit Card,1,0,1,3,1,0,0,1,26,2067.0,0,1202.24,0.0,3269.24,1,0
53,10,0.0,4307,One Year,0,1,Male,1,DSL,34.076259,-118.310715,0,42.3,0,0,0,,0,1,0,0,Bank Withdrawal,0,1,0,3,0,0,0,0,45,1840.75,0,0.0,0.0,1840.75,1,0
27,0,35.81,4862,Month-to-Month,0,0,Female,0,,37.497915,-122.267361,0,19.45,0,0,0,,0,0,0,0,Bank Withdrawal,1,0,0,4,0,0,0,0,12,227.45,0,429.72,0.0,657.17,0,0
36,14,0.0,4921,Two Year,0,1,Male,1,Cable,36.217864,-120.080117,0,63.7,0,0,0,Offer A,1,1,1,0,Bank Withdrawal,0,1,0,3,0,1,1,1,72,4464.8,0,0.0,0.0,4464.8,1,0
19,52,43.56,4545,Month-to-Month,0,0,Male,1,Fiber Optic,33.362575,-117.299644,0,74.75,0,0,0,Offer E,1,0,1,0,Bank Withdrawal,1,0,0,3,0,0,0,0,2,144.8,0,87.12,0.0,231.92,1,0
61,0,5.01,4058,Month-to-Month,1,0,Female,0,,39.495768,-121.747472,1,20.65,0,1,7,,0,0,0,1,Credit Card,1,0,1,3,0,0,0,0,7,158.95,0,35.07,0.0,194.02,0,0
48,0,32.28,4052,Two Year,1,0,Male,0,,32.587557,-116.636816,0,19.7,0,1,0,Offer C,0,0,0,0,Credit Card,1,0,0,3,0,0,0,0,27,509.3,0,871.56,0.0,1380.86,0,0
44,53,0.0,4741,Month-to-Month,1,0,Male,1,Cable,34.057496,-118.413959,1,29.3,0,3,5,Offer B,1,0,0,1,Credit Card,0,0,1,3,0,0,0,0,43,1224.05,0,0.0,0.0,1224.05,1,0
55,22,34.43,4711,One Year,1,0,Male,1,DSL,38.784329,-121.373245,0,54.4,0,1,0,Offer C,1,0,1,0,Credit Card,1,1,0,3,0,0,0,0,28,1516.6,0,964.04,0.0,2480.64,1,0
44,2,18.9,5496,Month-to-Month,0,1,Male,1,Fiber Optic,33.873395,-118.37019,0,90.7,1,0,0,,1,1,0,0,Bank Withdrawal,1,0,0,3,0,0,0,0,62,5586.45,0,1171.8,0.0,6758.25,1,0
78,5,45.9,3327,Month-to-Month,0,0,Male,1,Fiber Optic,33.679659,-118.016195,1,71.8,0,0,1,,0,0,1,1,Bank Withdrawal,1,0,1,1,1,0,0,0,16,1167.8,0,734.4,0.0,1902.2,1,1
59,17,35.33,5135,Month-to-Month,0,0,Female,1,Fiber Optic,32.697098,-117.116587,1,84.4,1,0,1,,0,0,1,1,Bank Withdrawal,1,0,1,1,0,0,0,1,50,4116.15,0,1766.5,0.0,5882.65,1,1
26,59,36.48,2450,Month-to-Month,0,0,Male,1,DSL,32.961064,-117.134917,0,45.35,0,0,0,,0,0,1,0,Bank Withdrawal,1,0,0,3,0,0,0,0,3,141.5,0,109.44,0.0,250.94,1,1
30,42,0.0,6041,Month-to-Month,0,1,Male,1,DSL,40.559177,-120.612113,1,54.55,0,0,1,,0,0,1,1,Bank Withdrawal,0,1,1,1,0,1,1,1,55,2978.3,50,0.0,0.0,3028.3,0,1
62,15,43.84,6082,Two Year,0,0,Male,1,Fiber Optic,38.486938,-121.395805,1,100.55,1,0,5,Offer A,1,1,1,1,Bank Withdrawal,1,1,1,5,0,1,1,0,72,7325.1,0,3156.48,0.0,10481.58,1,0
70,0,22.92,3848,Month-to-Month,0,0,Female,0,,38.567594,-121.437507,0,19.45,0,0,0,,0,0,1,0,Bank Withdrawal,1,0,0,1,1,0,0,0,1,19.45,0,22.92,0.0,42.37,0,1
64,19,1.59,5602,Month-to-Month,0,0,Male,1,Fiber Optic,36.527243,-118.594938,1,81.4,1,0,4,Offer B,1,0,0,1,Bank Withdrawal,1,0,1,5,0,0,0,0,45,3775.85,0,71.55,0.0,3847.4,1,0
65,2,46.46,4914,Month-to-Month,0,0,Male,1,Fiber Optic,34.370378,-118.504118,1,94.55,0,0,8,Offer B,1,0,1,1,Bank Withdrawal,1,0,1,3,1,1,1,1,41,3851.45,40,1904.86,0.0,5796.31,0,0
61,22,0.0,6107,Two Year,1,1,Female,1,DSL,38.493888,-122.777141,1,63.8,0,3,8,,1,1,1,1,Bank Withdrawal,0,1,1,4,0,1,1,1,72,4684.3,0,0.0,0.0,4684.3,1,0
23,26,14.24,4434,One Year,1,1,Female,1,Cable,40.198234,-120.18089,0,73.55,1,1,0,Offer D,0,1,0,0,Credit Card,1,1,0,3,0,1,1,0,10,693.3,0,142.4,0.0,835.7,1,0
52,6,27.88,4320,One Year,0,1,Male,1,Cable,33.859171,-118.252272,0,64.5,0,0,0,Offer C,1,0,0,0,Credit Card,1,0,0,5,0,0,0,1,30,1929.95,0,836.4,0.0,2766.35,0,0
45,22,8.48,4520,Two Year,0,0,Female,1,Fiber Optic,37.722727,-122.02157,0,84.7,1,0,0,Offer A,0,1,1,0,Bank Withdrawal,1,1,0,3,0,0,0,0,72,6185.15,0,610.56,0.0,6795.71,1,0
41,28,43.33,5328,Two Year,1,1,Female,1,Fiber Optic,33.897253,-117.792202,1,115.25,1,1,1,Offer B,1,1,0,1,Credit Card,1,1,1,5,0,1,1,1,60,6758.45,0,2599.8,11.85,9346.4,1,0
27,58,37.57,2629,Month-to-Month,0,0,Female,1,Cable,37.348129,-121.98469,0,55.0,0,0,0,,0,0,1,0,Bank Withdrawal,1,0,0,5,0,1,1,0,6,340.4,0,225.42,0.0,565.82,1,0
50,26,46.58,3624,Month-to-Month,0,0,Male,1,DSL,33.989524,-118.089299,0,50.25,0,0,0,,0,0,0,0,Bank Withdrawal,1,1,0,1,0,0,0,0,12,593.75,120,558.96,0.0,1272.71,0,1
27,76,18.33,3042,Month-to-Month,0,1,Male,1,Fiber Optic,33.9108,-117.398153,0,72.9,0,0,0,Offer D,0,0,0,0,Bank Withdrawal,1,0,0,3,0,0,0,0,11,818.45,0,201.63,0.0,1020.08,1,0
65,20,2.37,2403,One Year,0,1,Female,1,Fiber Optic,36.798882,-120.019511,0,110.0,1,0,0,,1,1,1,0,Bank Withdrawal,1,0,0,1,1,1,1,1,46,4874.8,0,109.02,0.0,4983.82,1,1
24,27,24.27,3103,Month-to-Month,1,0,Female,1,Cable,41.599978,-122.539381,1,46.3,0,3,7,Offer D,0,0,0,1,Bank Withdrawal,1,0,1,5,0,0,0,0,15,639.45,0,364.05,0.0,1003.5,1,0
30,59,5.74,2530,Month-to-Month,1,1,Female,1,DSL,40.343213,-121.815412,1,55.55,0,2,6,,1,0,1,1,Credit Card,1,0,1,5,0,0,0,0,10,551.3,0,57.4,0.0,608.7,1,0
27,42,39.84,4020,Month-to-Month,0,1,Female,1,Cable,34.105493,-117.660934,0,54.75,0,0,0,,1,0,1,0,Credit Card,1,0,0,4,0,0,0,0,26,1406.9,0,1035.84,0.0,2442.74,1,0
74,24,5.77,4993,Two Year,0,1,Female,1,DSL,33.877639,-117.961212,1,89.55,1,0,4,Offer A,1,1,1,1,Credit Card,1,1,1,3,1,1,0,1,72,6448.85,0,415.44,0.0,6864.29,1,0
42,6,44.52,2546,One Year,0,1,Male,1,DSL,39.904002,-121.527823,0,90.6,1,0,0,,1,1,1,0,Bank Withdrawal,1,1,0,4,0,1,1,1,37,3358.65,0,1647.24,8.96,4996.93,1,0
36,20,34.27,4478,One Year,0,0,Female,1,Fiber Optic,40.775272,-123.287414,0,100.05,0,0,0,,1,1,1,0,Credit Card,1,0,0,4,0,1,1,1,54,5299.65,0,1850.58,0.0,7150.23,1,0
30,0,22.78,3785,Month-to-Month,1,0,Male,0,,33.889605,-115.257009,0,19.4,0,3,0,,0,0,1,0,Bank Withdrawal,1,0,0,2,0,0,0,0,20,374.5,0,455.6,0.0,830.1,0,1
74,9,39.97,5683,Month-to-Month,0,0,Male,1,Fiber Optic,39.381174,-121.21191,0,88.2,1,0,0,Offer D,1,0,1,0,Bank Withdrawal,1,0,0,1,1,0,0,1,19,1775.8,0,759.43,0.0,2535.23,1,1
60,0,14.41,4444,Two Year,1,0,Male,0,,39.58458,-121.093256,1,24.65,1,2,6,,0,0,0,1,Bank Withdrawal,1,0,1,5,0,0,0,0,67,1620.45,0,965.47,0.0,2585.92,0,0
71,15,30.03,5910,Two Year,0,1,Male,1,DSL,34.186211,-117.07683,1,79.4,1,0,1,,1,1,0,1,Credit Card,1,1,1,1,1,0,0,1,66,5154.6,150,1981.98,0.0,7286.58,0,1
46,30,0.0,2601,Month-to-Month,0,1,Female,1,Cable,33.884073,-117.732197,1,39.05,0,0,1,,0,0,1,1,Bank Withdrawal,0,0,1,3,0,0,0,1,18,669.85,0,0.0,0.0,669.85,1,1
33,15,22.17,5110,Month-to-Month,0,1,Female,1,Fiber Optic,38.852544,-120.837669,1,90.15,1,0,2,Offer D,0,0,0,1,Credit Card,1,0,1,4,0,1,1,0,23,2044.95,0,509.91,0.0,2554.86,1,0
47,27,0.0,3000,Month-to-Month,0,1,Female,1,DSL,37.980269,-122.342635,0,49.15,0,0,0,Offer D,0,0,0,0,Bank Withdrawal,0,0,0,3,0,1,1,1,13,649.4,0,0.0,0.0,649.4,1,0
38,29,31.39,3519,One Year,0,1,Female,1,DSL,36.52588,-121.396719,1,68.75,0,0,3,,0,1,1,1,Bank Withdrawal,1,1,1,3,0,1,1,0,23,1689.45,0,721.97,0.0,2411.42,1,0
43,0,20.78,3727,Month-to-Month,0,0,Male,0,,34.057256,-117.667677,1,20.45,0,0,1,Offer D,0,0,1,1,Bank Withdrawal,1,0,1,4,0,0,0,0,22,471.55,0,457.16,0.0,928.71,0,0
36,0,23.56,4818,One Year,0,0,Female,0,,40.648024,-123.465088,0,19.65,0,0,0,,0,0,0,0,Credit Card,1,0,0,5,0,0,0,0,15,270.6,0,353.4,0.0,624.0,0,0
35,0,14.91,3392,Two Year,1,0,Male,0,,34.286131,-118.435969,1,20.1,0,2,4,,0,0,1,1,Mailed Check,1,0,1,5,0,0,0,0,46,936.85,0,685.86,0.0,1622.71,0,0
47,0,44.09,5774,Month-to-Month,0,0,Female,0,,38.671295,-121.388251,0,20.35,0,0,0,,0,0,0,0,Credit Card,1,0,0,3,0,0,0,0,1,20.35,0,44.09,0.0,64.44,0,0
62,0,17.17,2916,One Year,0,0,Male,0,,34.294142,-118.603883,0,18.8,0,0,0,Offer D,0,0,0,0,Credit Card,1,0,0,3,0,0,0,0,19,279.2,0,326.23,0.0,605.43,0,0
37,29,46.44,5189,One Year,0,1,Female,1,Fiber Optic,37.311088,-121.961786,1,115.0,1,0,1,,1,1,1,1,Bank Withdrawal,1,1,1,4,0,1,1,1,64,7396.15,0,2972.16,0.0,10368.31,1,0
51,28,43.49,5456,Month-to-Month,0,0,Female,1,Fiber Optic,38.434362,-122.86891,1,69.8,0,0,0,,0,0,1,1,Bank Withdrawal,1,0,0,5,0,0,0,0,20,1540.35,0,869.8,0.0,2410.15,1,0
46,24,12.97,3387,One Year,0,1,Male,1,Fiber Optic,34.936,-120.594655,1,80.8,0,0,5,Offer B,1,0,0,1,Bank Withdrawal,1,0,1,3,0,0,0,0,40,3132.75,0,518.8,0.0,3651.55,1,0
27,0,26.33,5756,Month-to-Month,0,0,Female,0,,40.057784,-123.679461,0,24.6,1,0,0,,0,0,0,0,Credit Card,1,0,0,4,0,0,0,0,3,86.35,0,78.99,0.0,165.34,0,0
49,14,11.12,2887,Month-to-Month,0,0,Male,1,DSL,33.362575,-117.299644,0,45.4,0,0,0,,0,0,1,0,Bank Withdrawal,1,0,0,3,0,0,0,0,12,518.9,0,133.44,0.0,652.34,1,1
36,8,6.86,5091,Month-to-Month,0,0,Female,1,DSL,33.987945,-118.370442,0,53.9,0,0,0,Offer D,1,0,1,0,Credit Card,1,1,0,3,0,0,0,0,16,834.15,40,109.76,0.0,983.91,0,1
35,17,36.84,4154,Month-to-Month,0,1,Male,1,Fiber Optic,34.244411,-117.072654,0,89.35,1,0,0,,0,0,1,0,Credit Card,1,0,0,1,0,0,0,1,7,631.85,60,257.88,0.0,949.73,0,1
46,0,37.83,4890,Two Year,0,0,Female,0,,37.776718,-122.495781,1,19.6,0,0,2,,0,0,0,1,Credit Card,1,0,1,4,0,0,0,0,71,1416.5,0,2685.93,0.0,4102.43,0,0
24,41,41.8,4161,One Year,0,1,Male,1,Fiber Optic,33.507255,-117.029473,1,95.8,0,0,1,Offer C,0,0,1,1,Bank Withdrawal,1,0,1,2,0,1,1,1,33,3036.75,60,1379.4,0.0,4476.15,0,1
44,26,16.39,4494,One Year,0,1,Female,1,Fiber Optic,34.195386,-118.238508,0,104.55,1,0,0,Offer A,1,1,1,0,Bank Withdrawal,1,1,0,3,0,0,0,1,66,6779.05,0,1081.74,0.0,7860.79,1,0
64,0,26.26,2782,Two Year,0,0,Male,0,,36.732694,-119.783786,0,20.05,0,0,0,,0,0,0,0,Credit Card,1,0,0,3,0,0,0,0,18,388.6,0,472.68,0.0,861.28,0,0
27,0,45.86,3061,Month-to-Month,0,0,Female,0,,37.349546,-122.134356,0,20.7,0,0,0,,0,0,0,0,Bank Withdrawal,1,0,0,5,0,0,0,0,1,20.7,0,45.86,0.0,66.56,0,0
59,21,0.0,2454,Month-to-Month,0,0,Female,1,Cable,38.071327,-120.632221,0,40.35,0,0,0,Offer B,1,0,1,0,Bank Withdrawal,0,0,0,5,0,1,1,0,41,1677.85,0,0.0,0.0,1677.85,1,0
57,20,44.81,3463,Month-to-Month,0,1,Female,1,DSL,36.622237,-119.521126,0,60.55,0,0,0,,1,1,0,0,Bank Withdrawal,1,0,0,4,0,0,0,0,35,1982.6,0,1568.35,0.0,3550.95,1,0
36,30,36.93,4572,One Year,0,1,Female,1,DSL,39.082568,-121.55325,0,68.6,1,0,0,,0,0,1,0,Bank Withdrawal,1,1,0,4,0,1,1,0,41,2877.05,0,1514.13,0.0,4391.18,1,0
47,7,21.3,3527,Month-to-Month,0,0,Female,1,DSL,38.183918,-120.898817,0,54.15,1,0,0,Offer E,1,0,0,0,Credit Card,1,0,0,5,0,0,0,0,2,101.65,10,42.6,0.0,154.25,0,0
55,0,35.34,5887,Two Year,0,0,Female,0,,36.841655,-119.797113,1,25.25,1,0,1,,0,0,1,1,Credit Card,1,0,1,5,0,0,0,0,67,1733.15,0,2367.78,0.0,4100.93,0,0
45,10,0.0,4266,Two Year,0,1,Male,1,Cable,37.74441,-122.486764,0,65.55,0,0,0,,1,1,1,0,Bank Withdrawal,0,1,0,4,0,1,1,1,72,4807.45,0,0.0,0.0,4807.45,1,0
22,52,23.09,2568,Month-to-Month,0,1,Male,1,Fiber Optic,33.69887,-117.25071,1,100.05,1,0,2,Offer C,0,0,1,1,Bank Withdrawal,1,0,1,3,0,1,1,1,34,3480.0,20,785.06,0.0,4285.06,0,1
32,0,2.52,5359,Two Year,1,0,Female,0,,40.726949,-124.217378,1,20.9,0,1,3,Offer D,0,0,0,1,Credit Card,1,0,1,5,0,0,0,0,11,202.3,0,27.72,0.0,230.02,0,0
45,16,22.22,6174,Two Year,0,0,Male,1,DSL,33.885499,-117.324959,1,61.35,0,0,5,,1,1,1,1,Credit Card,1,1,1,3,0,0,0,0,60,3766.2,0,1333.2,0.0,5099.4,1,0
53,19,3.3,4103,One Year,1,1,Female,1,Fiber Optic,34.296813,-118.685703,1,109.4,1,2,7,,0,1,1,1,Bank Withdrawal,1,1,1,3,0,1,1,1,67,7281.6,0,221.1,38.34,7464.36,1,0
33,3,49.76,4183,Month-to-Month,0,0,Male,1,Fiber Optic,40.946785,-121.719489,0,79.25,0,0,0,Offer E,0,0,0,0,Bank Withdrawal,1,0,0,2,0,0,0,1,3,267.6,10,149.28,0.0,426.88,0,1
27,48,5.77,5192,One Year,0,1,Female,1,Fiber Optic,33.864622,-118.179626,1,108.15,1,0,4,Offer A,1,1,1,1,Credit Card,1,0,1,4,0,1,1,1,70,7930.55,0,403.9,0.0,8334.45,1,0
68,2,40.93,3797,Month-to-Month,0,0,Male,1,DSL,32.957195,-117.202542,0,45.05,0,0,0,,0,0,1,0,Bank Withdrawal,1,0,0,1,1,0,0,0,17,770.6,0,695.81,0.0,1466.41,1,1
44,9,21.08,4747,Month-to-Month,0,0,Male,1,Fiber Optic,34.044639,-118.240413,1,94.65,1,0,1,,0,0,1,1,Bank Withdrawal,1,0,1,1,0,1,1,1,51,4812.75,0,1075.08,0.0,5887.83,1,1
54,6,17.47,3016,Month-to-Month,0,1,Male,1,Fiber Optic,35.451402,-119.488413,1,94.85,0,0,1,,1,0,1,1,Credit Card,1,1,1,2,0,0,0,1,9,890.6,0,157.23,0.0,1047.83,1,1
26,52,11.76,4825,Two Year,0,1,Female,1,Fiber Optic,38.237018,-122.77872,0,95.1,1,0,0,,0,0,1,0,Bank Withdrawal,1,1,0,3,0,1,1,0,54,5064.85,0,635.04,0.0,5699.89,1,0
35,10,11.12,5540,Two Year,0,0,Male,1,Cable,34.008293,-118.346766,1,70.8,1,0,1,,1,0,0,1,Credit Card,1,1,1,4,0,1,1,0,68,4859.95,0,756.16,0.0,5616.11,1,0
25,27,19.41,2725,Month-to-Month,0,0,Female,1,Cable,34.127194,-118.295647,0,55.3,0,0,0,,1,1,1,0,Bank Withdrawal,1,0,0,4,0,0,0,0,30,1530.6,0,582.3,0.0,2112.9,1,0
79,17,9.53,4871,Month-to-Month,0,0,Female,1,Fiber Optic,32.957195,-117.202542,0,84.65,1,0,0,,0,0,1,0,Bank Withdrawal,1,0,0,2,1,0,0,1,42,3541.35,0,400.26,0.0,3941.61,1,1
46,17,25.09,2495,One Year,0,1,Female,1,Cable,37.573633,-122.455167,1,78.85,1,0,3,,0,1,0,1,Bank Withdrawal,1,0,1,3,0,1,1,1,12,876.75,0,301.08,0.0,1177.83,1,0
64,19,28.63,4641,Two Year,1,1,Male,1,DSL,37.982716,-120.343732,1,88.7,1,2,1,Offer A,1,1,0,1,Credit Card,1,1,1,4,0,1,1,1,72,6501.35,0,2061.36,0.0,8562.71,1,0
38,19,32.23,6419,Two Year,1,1,Female,1,Fiber Optic,38.358464,-120.579304,1,109.5,0,1,3,,1,1,1,1,Credit Card,1,1,1,3,0,1,1,1,72,7854.9,0,2320.56,0.0,10175.46,1,0
62,0,46.59,5820,Month-to-Month,0,0,Male,0,,39.07116,-122.598542,0,19.45,0,0,0,Offer E,0,0,0,0,Bank Withdrawal,1,0,0,3,0,0,0,0,1,19.45,0,46.59,0.0,66.04,0,0
66,28,39.49,5291,One Year,0,1,Male,1,Fiber Optic,33.782068,-118.262263,1,104.8,1,0,3,,1,0,1,1,Bank Withdrawal,1,0,1,5,1,1,0,1,70,7308.95,0,2764.3,6.11,10067.14,1,0
60,27,6.73,4558,Month-to-Month,1,1,Male,1,DSL,35.279984,-120.824288,1,80.1,1,2,6,,1,0,0,1,Credit Card,1,0,1,4,0,1,1,1,29,2211.8,0,195.17,0.0,2406.97,1,0
21,71,40.77,6116,Two Year,1,1,Male,1,Fiber Optic,40.637105,-121.906949,1,116.55,1,2,5,Offer A,1,1,1,1,Credit Card,1,1,1,3,0,1,1,1,70,8152.3,0,2853.9,0.0,11006.2,1,0
37,13,10.74,4864,Month-to-Month,0,0,Female,1,DSL,34.015481,-118.493231,0,48.8,0,0,0,Offer C,0,1,1,0,Credit Card,1,0,0,3,0,0,0,0,30,1536.75,0,322.2,0.0,1858.95,1,0
41,7,10.28,2853,One Year,0,0,Female,1,Cable,34.2565,-117.19335,0,59.4,1,0,0,,0,1,0,0,Bank Withdrawal,1,1,0,3,0,0,0,0,33,1952.8,0,339.24,0.0,2292.04,1,0
23,41,19.2,3549,Month-to-Month,0,0,Female,1,Fiber Optic,33.819814,-118.222416,0,84.15,1,0,0,,0,0,1,0,Bank Withdrawal,1,0,0,3,0,0,0,1,22,1821.95,60,422.4,0.0,2304.35,0,0
32,0,31.77,3874,Month-to-Month,0,0,Male,0,,38.41935,-120.469545,0,19.85,0,0,0,Offer E,0,0,1,0,Bank Withdrawal,1,0,0,2,0,0,0,0,1,19.85,0,31.77,0.0,51.62,0,1
28,0,20.49,6015,Two Year,1,0,Female,0,,39.084645,-120.894014,1,19.9,0,2,1,Offer A,0,0,0,1,Credit Card,1,0,1,3,0,0,0,0,71,1397.3,0,1454.79,0.0,2852.09,0,0
39,26,33.88,2066,Month-to-Month,0,0,Female,1,Fiber Optic,38.460517,-122.790335,0,79.7,0,0,0,,0,0,1,0,Bank Withdrawal,1,0,0,3,0,1,1,0,1,79.7,0,33.88,0.0,113.58,1,1
53,0,26.03,4669,One Year,0,0,Male,0,,38.148862,-121.737696,1,19.6,0,0,7,,0,0,0,1,Credit Card,1,0,1,5,0,0,0,0,34,678.8,0,885.02,0.0,1563.82,0,0
74,27,49.82,5148,One Year,0,0,Female,1,Fiber Optic,34.501452,-118.207862,1,95.0,1,0,1,,1,1,0,1,Credit Card,1,0,1,4,1,1,1,0,38,3591.25,70,1893.16,0.0,5554.41,0,0
62,27,24.05,2969,Month-to-Month,0,1,Female,1,Fiber Optic,36.600185,-119.175655,0,86.2,0,0,0,Offer E,0,0,1,0,Mailed Check,1,0,0,3,0,1,1,0,2,178.7,0,48.1,0.0,226.8,1,1
32,7,10.38,4390,Month-to-Month,0,1,Male,1,Fiber Optic,39.225634,-121.156163,0,101.45,1,0,0,,0,0,1,0,Bank Withdrawal,1,0,0,1,0,1,1,1,1,101.45,0,10.38,0.0,111.83,1,1
80,3,18.46,4223,Two Year,0,0,Female,1,Cable,37.419725,-122.062947,0,70.05,1,0,0,Offer B,0,1,1,0,Bank Withdrawal,1,1,0,3,1,1,1,0,45,3062.45,0,830.7,0.0,3893.15,1,0
33,0,8.5,5703,Two Year,0,0,Male,0,,33.958149,-118.308441,0,18.55,0,0,0,Offer C,0,0,1,0,Credit Card,1,0,0,3,0,0,0,0,36,689.0,0,306.0,0.0,995.0,0,0
24,52,36.73,2045,Two Year,1,1,Male,1,Cable,41.465121,-122.380947,0,76.1,0,3,0,,1,1,0,0,Bank Withdrawal,1,1,0,3,0,1,1,0,14,1054.8,0,514.22,0.0,1569.02,1,0
50,14,17.95,5628,One Year,0,0,Female,1,DSL,39.449794,-121.936372,1,69.75,0,0,2,,1,1,1,1,Credit Card,1,1,1,3,0,1,1,0,51,3562.5,0,915.45,0.0,4477.95,1,0
65,9,25.04,4030,Two Year,0,0,Male,1,Fiber Optic,40.89866,-123.539754,0,93.6,1,0,0,Offer C,0,0,1,0,Bank Withdrawal,1,0,0,5,1,1,1,1,26,2404.1,0,651.04,0.0,3055.14,1,0
49,11,6.32,4160,Month-to-Month,0,0,Male,1,Fiber Optic,36.64152,-121.622188,0,74.9,1,0,0,,0,0,1,0,Bank Withdrawal,1,0,0,1,0,0,0,0,6,469.8,0,37.92,0.0,507.72,1,1
59,0,23.46,5368,Two Year,0,0,Male,0,,33.81859,-117.821288,1,20.4,0,0,1,,0,0,1,1,Credit Card,1,0,1,3,0,0,0,0,65,1414.45,0,1524.9,0.0,2939.35,0,0
25,73,0.0,4824,Two Year,0,1,Female,1,DSL,34.196837,-118.142236,0,61.35,0,0,0,Offer A,0,1,1,0,Bank Withdrawal,0,1,0,3,0,1,1,1,66,4193.4,130,0.0,0.0,4323.4,0,0
41,0,24.1,5188,Month-to-Month,1,0,Male,0,,39.031876,-120.811141,0,20.0,0,3,0,Offer D,0,0,1,0,Bank Withdrawal,1,0,0,3,0,0,0,0,19,377.55,0,457.9,0.0,835.45,0,0
48,19,0.0,6340,One Year,1,1,Male,1,DSL,38.646096,-121.442433,1,44.25,0,2,9,,0,1,0,1,Bank Withdrawal,0,0,1,3,0,1,1,0,52,2276.1,0,0.0,23.5,2252.6,1,0
23,85,0.0,4698,One Year,0,1,Female,1,Cable,38.499302,-122.92444,1,66.8,0,0,10,,1,1,0,1,Bank Withdrawal,0,1,1,4,0,1,1,1,71,4689.15,0,0.0,0.0,4689.15,1,0
35,9,27.38,6312,One Year,0,1,Female,1,DSL,33.960891,-118.032222,0,58.55,0,0,0,Offer B,0,0,0,0,Credit Card,1,0,0,3,0,1,1,0,63,3503.5,0,1724.94,0.0,5228.44,1,0
29,27,6.67,4091,Month-to-Month,0,0,Female,1,Fiber Optic,33.763678,-116.429928,0,95.6,0,0,0,,0,1,1,0,Bank Withdrawal,1,0,0,2,0,1,1,1,1,95.6,0,6.67,0.0,102.27,1,1
67,13,9.56,5437,One Year,0,0,Female,1,Fiber Optic,33.290907,-117.202895,1,69.35,0,0,0,Offer E,0,0,1,1,Bank Withdrawal,1,0,0,4,1,0,0,0,5,341.6,0,47.8,0.0,389.4,1,0
36,3,6.77,3475,Month-to-Month,0,0,Female,1,Cable,39.449794,-121.936372,1,54.7,0,0,2,,1,1,0,1,Credit Card,1,0,1,4,0,0,0,0,4,235.05,0,27.08,0.0,262.13,1,0
24,0,15.66,2675,Month-to-Month,1,0,Female,0,,41.269521,-123.546958,0,20.05,0,2,0,Offer E,0,0,0,0,Credit Card,1,0,0,4,0,0,0,0,8,163.6,0,125.28,0.0,288.88,0,0
80,14,15.24,2740,Month-to-Month,0,0,Female,1,DSL,34.187599,-118.387125,0,45.1,0,0,0,Offer E,0,0,0,0,Credit Card,1,0,0,1,1,0,0,0,1,45.1,0,15.24,0.0,60.34,1,1
35,26,35.06,6297,Two Year,0,1,Male,1,DSL,33.917145,-118.401554,1,84.45,0,0,8,Offer A,1,1,0,1,Credit Card,1,1,1,3,0,1,1,1,72,6033.1,0,2524.32,0.0,8557.42,1,0
35,0,46.68,4411,Two Year,0,0,Female,0,,34.059281,-118.30742,1,25.2,1,0,9,,0,0,0,1,Credit Card,1,0,1,4,0,0,0,0,15,387.9,0,700.2,0.0,1088.1,0,0
71,26,7.86,4138,One Year,0,1,Male,1,Fiber Optic,34.044639,-118.240413,1,107.35,1,0,7,,1,0,1,1,Bank Withdrawal,1,1,1,4,1,1,0,1,66,7051.95,0,518.76,39.18,7531.53,1,0
74,24,48.35,5808,Month-to-Month,0,1,Female,1,Cable,33.848733,-117.788357,0,89.2,1,0,0,,0,0,1,0,Bank Withdrawal,1,0,0,1,1,0,0,1,4,346.2,0,193.4,0.0,539.6,1,1
36,5,24.64,5853,Month-to-Month,0,1,Female,1,Fiber Optic,32.825086,-117.199424,1,89.15,0,0,1,,1,0,1,1,Bank Withdrawal,1,0,1,2,0,0,0,1,25,2257.75,0,616.0,0.0,2873.75,1,1
55,21,0.0,4517,Month-to-Month,0,0,Male,1,DSL,37.304681,-121.809955,1,23.45,0,0,3,Offer E,0,0,1,1,Bank Withdrawal,0,0,1,2,0,0,0,0,1,23.45,0,0.0,0.0,23.45,1,1
22,41,0.0,4416,Month-to-Month,0,0,Male,1,DSL,34.110444,-118.156957,1,29.9,0,0,5,,0,0,1,1,Bank Withdrawal,0,1,1,3,0,0,0,0,3,92.25,0,0.0,0.0,92.25,1,0
73,29,47.13,4463,One Year,0,1,Female,1,Fiber Optic,33.890853,-118.297967,0,110.5,1,0,0,,1,1,0,0,Bank Withdrawal,1,0,0,4,1,1,0,1,56,6139.5,0,2639.28,0.0,8778.78,1,0
73,21,4.71,5195,One Year,1,0,Male,1,DSL,37.708327,-122.083473,1,51.0,1,2,1,,0,0,1,1,Bank Withdrawal,1,0,1,3,1,0,0,0,28,1381.8,80,131.88,0.0,1593.68,0,0
55,0,44.12,2219,Two Year,1,0,Male,0,,34.183286,-117.221722,1,25.4,1,3,8,Offer D,0,0,1,1,Bank Withdrawal,1,0,1,3,0,0,0,0,12,313.0,0,529.44,0.0,842.44,0,0
32,27,34.85,5542,Two Year,0,0,Male,1,Fiber Optic,37.444314,-122.149996,0,80.6,0,0,0,Offer C,1,0,0,0,Bank Withdrawal,1,1,0,4,0,0,0,0,33,2651.1,0,1150.05,0.0,3801.15,1,0
57,0,40.63,3968,Month-to-Month,0,0,Female,0,,33.477923,-117.705314,0,19.55,0,0,0,,0,0,0,0,Credit Card,1,0,0,4,0,0,0,0,1,19.55,0,40.63,0.0,60.18,0,0
45,22,0.0,6251,Two Year,0,1,Female,1,Cable,37.499411,-122.196318,0,59.95,0,0,0,,0,1,0,0,Credit Card,0,1,0,3,0,1,1,1,65,3921.1,0,0.0,0.0,3921.1,1,0
31,0,47.19,2606,Month-to-Month,0,0,Female,0,,40.740138,-122.587476,0,20.45,0,0,0,,0,0,1,0,Mailed Check,1,0,0,5,0,0,0,0,2,42.45,0,94.38,0.0,136.83,0,0
70,4,35.76,4997,One Year,0,1,Female,1,Fiber Optic,37.540582,-122.509594,0,110.5,1,0,0,Offer C,1,1,1,0,Bank Withdrawal,1,0,0,3,1,1,0,1,27,2857.6,0,965.52,0.0,3823.12,1,0
49,22,26.14,3065,Month-to-Month,0,0,Female,1,DSL,40.689243,-122.037023,0,56.25,0,0,0,,0,0,1,0,Bank Withdrawal,1,0,0,1,0,1,1,0,1,56.25,0,26.14,0.0,82.39,1,1
53,0,1.57,3461,One Year,1,0,Male,0,,34.074492,-118.01462,1,19.45,0,3,10,Offer E,0,0,0,1,Credit Card,1,0,1,4,0,0,0,0,6,113.5,0,9.42,0.0,122.92,0,0
51,14,17.33,3533,Month-to-Month,0,0,Male,1,Fiber Optic,37.114335,-122.237162,0,80.95,0,0,0,Offer E,0,0,1,0,Bank Withdrawal,1,0,0,3,0,1,1,0,2,171.15,0,34.66,0.0,205.81,1,1
24,76,0.0,6495,Month-to-Month,1,1,Male,1,DSL,36.391777,-119.372842,1,33.6,0,1,3,,0,1,0,1,Bank Withdrawal,0,0,1,3,0,0,0,0,61,2117.2,110,0.0,0.0,2227.2,0,0
56,0,20.57,3043,Month-to-Month,1,0,Female,0,,39.440687,-121.263583,1,19.2,0,2,3,Offer C,0,0,0,1,Bank Withdrawal,1,0,1,5,0,0,0,0,36,702.9,0,740.52,0.0,1443.42,0,0
23,42,0.0,5683,One Year,0,1,Male,1,DSL,37.421633,-122.009613,1,60.8,0,0,7,,1,0,1,1,Credit Card,0,1,1,4,0,1,1,1,69,4263.4,0,0.0,0.0,4263.4,1,0
75,3,29.6,5182,One Year,0,1,Female,1,Fiber Optic,38.69508,-121.271616,0,100.15,1,0,0,,0,0,1,0,Bank Withdrawal,1,0,0,4,1,1,0,1,55,5409.75,0,1628.0,0.0,7037.75,1,0
24,82,38.38,2075,One Year,0,1,Male,1,DSL,32.673483,-116.472863,0,61.2,0,0,0,,1,1,0,0,Mailed Check,1,0,0,3,0,0,0,0,35,2021.2,0,1343.3,0.0,3364.5,1,0
40,24,25.93,3962,Month-to-Month,0,1,Female,1,Fiber Optic,37.352911,-122.093002,0,83.9,0,0,0,,0,0,0,0,Bank Withdrawal,1,0,0,1,0,1,1,0,6,497.55,0,155.58,0.0,653.13,1,1
23,0,16.39,2406,Month-to-Month,0,0,Male,0,,34.195685,-118.490752,0,20.75,0,0,0,Offer E,0,0,1,0,Credit Card,1,0,0,5,0,0,0,0,3,67.1,0,49.17,0.0,116.27,0,0
80,6,36.82,3209,Month-to-Month,0,1,Female,1,Fiber Optic,32.957195,-117.202542,1,85.35,1,0,1,Offer D,0,1,1,1,Bank Withdrawal,1,0,1,1,1,0,0,0,17,1463.45,0,625.94,0.0,2089.39,1,1
55,21,49.36,4399,Two Year,0,1,Male,1,DSL,37.704384,-122.126703,0,81.8,0,0,0,Offer B,1,0,1,0,Credit Card,1,1,0,5,0,1,1,1,56,4534.45,0,2764.16,0.0,7298.61,1,0
34,2,0.0,5359,Month-to-Month,0,1,Male,1,DSL,34.049671,-117.468896,1,60.2,0,0,10,Offer B,1,0,1,1,Bank Withdrawal,0,1,1,5,0,1,1,1,60,3582.4,0,0.0,0.0,3582.4,1,0
70,19,35.39,4368,One Year,0,1,Female,1,Fiber Optic,38.445939,-121.496855,0,89.15,0,0,0,Offer B,1,0,0,0,Credit Card,1,0,0,4,1,1,1,0,44,3990.75,0,1557.16,0.0,5547.91,1,0
71,11,30.05,3368,Month-to-Month,0,0,Female,1,Fiber Optic,32.787836,-117.232376,0,69.05,0,0,0,,0,0,1,0,Credit Card,1,0,0,3,1,0,0,0,5,318.5,0,150.25,0.0,468.75,1,1
46,19,0.0,5790,Two Year,0,1,Female,1,DSL,36.814539,-119.711868,1,59.85,0,0,1,Offer B,0,1,0,1,Credit Card,0,1,1,5,0,1,1,1,60,3590.2,0,0.0,0.0,3590.2,1,0
27,59,15.45,3160,One Year,0,0,Female,1,Cable,34.018354,-117.85492,1,53.75,0,0,1,,1,0,1,1,Credit Card,1,1,1,3,0,0,0,0,33,1857.3,0,509.85,0.0,2367.15,1,0
30,0,8.23,5537,Month-to-Month,0,0,Female,0,,40.965011,-124.015255,0,19.55,0,0,0,,0,0,0,0,Credit Card,1,0,0,4,0,0,0,0,1,19.55,0,8.23,0.0,27.78,0,0
50,0,19.58,5868,Month-to-Month,1,0,Male,0,,37.656695,-122.048361,0,20.85,0,3,0,,0,0,0,0,Credit Card,1,0,0,4,0,0,0,0,3,60.65,0,58.74,0.0,119.39,0,0
75,30,36.5,4969,Month-to-Month,0,0,Female,1,Fiber Optic,38.652065,-121.25441,0,102.8,1,0,0,,1,1,1,0,Credit Card,1,0,0,1,1,1,0,1,25,2660.2,0,912.5,0.0,3572.7,1,1
22,0,4.13,3705,Month-to-Month,0,0,Male,0,,36.525703,-120.952122,0,20.0,0,0,0,Offer D,0,0,0,0,Credit Card,1,0,0,3,0,0,0,0,16,275.7,0,66.08,0.0,341.78,0,0
70,18,22.74,5061,One Year,0,1,Female,1,Fiber Optic,38.93496,-122.792243,1,104.85,1,0,8,Offer B,0,1,1,1,Bank Withdrawal,1,0,1,3,1,1,1,1,62,6312.9,0,1409.88,0.0,7722.78,1,0
32,0,42.84,5517,One Year,1,0,Male,0,,34.130861,-118.68346,1,25.7,1,3,3,Offer A,0,0,1,1,Credit Card,1,0,1,4,0,0,0,0,66,1714.55,0,2827.44,0.0,4541.99,0,0
56,0,12.99,4565,Two Year,0,0,Male,0,,37.959706,-121.287669,0,20.55,0,0,0,Offer B,0,0,0,0,Credit Card,1,0,0,3,0,0,0,0,57,1252.85,0,740.43,0.0,1993.28,0,0
29,52,7.14,4067,Month-to-Month,1,0,Male,1,DSL,36.248708,-121.386617,0,44.4,0,3,0,Offer E,0,0,1,0,Bank Withdrawal,1,0,0,3,0,0,1,0,1,44.4,0,7.14,0.0,51.54,1,1
26,85,16.76,4460,Month-to-Month,0,0,Female,1,Fiber Optic,32.782501,-117.01611,0,90.65,1,0,0,,0,1,1,0,Bank Withdrawal,1,0,0,4,0,1,1,0,33,2989.6,0,553.08,0.0,3542.68,1,0
39,14,41.61,5228,Two Year,0,1,Male,1,Cable,35.735694,-118.738483,1,88.85,1,0,2,,1,1,1,1,Credit Card,1,1,1,4,0,1,1,1,68,6132.7,0,2829.48,0.0,8962.18,1,0
70,14,0.0,3353,Month-to-Month,1,0,Female,1,DSL,36.878364,-121.629781,1,29.3,0,1,1,Offer D,0,0,1,1,Mailed Check,0,1,1,4,1,0,0,0,12,355.9,0,0.0,0.0,355.9,1,0
69,21,32.41,4168,Two Year,0,1,Female,1,Fiber Optic,35.637715,-119.893068,0,95.45,1,0,0,,1,0,1,0,Bank Withdrawal,1,0,0,4,1,0,0,1,65,6223.3,0,2106.65,0.0,8329.95,1,0
41,23,12.36,3330,Month-to-Month,0,0,Male,1,Fiber Optic,38.431407,-120.8421,0,84.45,1,0,0,,0,0,1,0,Bank Withdrawal,1,0,0,2,0,0,0,1,12,1059.55,0,148.32,0.0,1207.87,1,1
29,0,14.17,4278,Two Year,0,0,Male,0,,37.946617,-122.563571,0,19.85,0,0,0,,0,0,0,0,Bank Withdrawal,1,0,0,5,0,0,0,0,62,1253.65,0,878.54,0.0,2132.19,0,0
39,23,49.12,6087,Two Year,1,1,Female,1,DSL,39.227434,-120.091806,1,80.2,1,3,7,,1,1,0,1,Bank Withdrawal,1,1,1,4,0,0,0,1,72,5714.2,0,3536.64,0.0,9250.84,1,0
43,0,16.84,6342,Two Year,1,0,Female,0,,33.507255,-117.029473,1,19.85,0,2,2,,0,0,0,1,Bank Withdrawal,1,0,1,4,0,0,0,0,71,1326.35,0,1195.64,0.0,2521.99,0,0
36,0,2.4,4870,Two Year,1,0,Female,0,,38.931425,-121.946081,1,19.9,0,3,1,,0,0,0,1,Credit Card,1,0,1,5,0,0,0,0,27,550.1,0,64.8,0.0,614.9,0,0
42,11,17.4,4001,Two Year,0,1,Male,1,Fiber Optic,34.015217,-118.109962,1,93.15,1,0,5,Offer A,1,0,1,1,Bank Withdrawal,1,0,1,4,0,1,1,0,67,6368.2,90,1165.8,0.0,7624.0,0,0
49,0,29.31,6339,Two Year,0,0,Male,0,,40.527834,-122.318749,0,19.15,0,0,0,,0,0,1,0,Bank Withdrawal,1,0,0,5,0,0,0,0,58,1035.5,0,1699.98,28.7,2706.78,0,0
35,29,49.9,6130,Month-to-Month,0,1,Male,1,Fiber Optic,33.945318,-117.992066,1,109.55,1,0,9,Offer B,1,1,0,1,Bank Withdrawal,1,0,1,4,0,1,1,1,54,6118.95,0,2694.6,0.0,8813.55,1,0
23,85,20.07,5504,One Year,0,0,Male,1,Fiber Optic,38.184914,-120.364085,1,104.05,1,0,1,Offer A,1,0,1,1,Bank Withdrawal,1,1,1,2,0,1,1,1,66,6890.0,0,1324.62,0.0,8214.62,1,1
62,0,26.21,6265,Two Year,0,0,Male,0,,39.082568,-121.55325,0,19.75,0,0,0,Offer B,0,0,0,0,Bank Withdrawal,1,0,0,3,0,0,0,0,53,1052.35,0,1389.13,0.0,2441.48,0,1
34,17,49.58,4061,Month-to-Month,0,0,Male,1,DSL,32.85723,-117.209774,0,44.85,0,0,0,,0,0,1,0,Credit Card,1,0,0,2,0,0,0,0,10,435.4,0,495.8,0.0,931.2,1,1
73,3,2.81,5014,Two Year,0,0,Female,1,DSL,34.062095,-118.401508,0,55.6,1,0,0,,0,1,1,0,Bank Withdrawal,1,0,0,4,1,0,0,0,11,580.8,0,30.91,15.2,596.51,1,0
61,24,21.19,3371,Month-to-Month,0,0,Female,1,DSL,37.255637,-120.493537,0,68.15,1,0,0,,1,0,0,0,Credit Card,1,1,0,3,0,1,1,0,38,2656.3,0,805.22,0.0,3461.52,1,0
51,16,41.57,5256,Two Year,0,1,Male,1,DSL,34.178068,-118.615714,1,84.2,1,0,8,Offer B,1,0,1,1,Bank Withdrawal,1,1,1,5,0,1,1,1,65,5324.5,0,2702.05,0.0,8026.55,1,0
31,19,26.62,5392,One Year,1,0,Male,1,Cable,38.505995,-123.187019,0,64.95,1,1,0,,1,1,0,0,Bank Withdrawal,1,1,0,4,0,0,0,0,70,4551.5,0,1863.4,20.87,6394.03,1,0
45,4,33.34,3967,Month-to-Month,0,1,Female,1,Fiber Optic,34.631362,-120.238218,0,85.55,0,0,0,Offer E,0,0,1,0,Credit Card,1,0,0,2,0,0,0,1,1,85.55,0,33.34,0.0,118.89,1,1
61,0,7.35,5980,Two Year,0,0,Female,0,,39.624561,-121.552866,0,19.55,0,0,0,Offer E,0,0,0,0,Credit Card,1,0,0,5,0,0,0,0,6,124.45,0,44.1,0.0,168.55,0,0
48,30,0.0,4850,Two Year,0,0,Female,1,DSL,33.945318,-117.992066,1,54.6,0,0,1,,1,0,1,1,Bank Withdrawal,0,1,1,4,0,1,1,1,64,3423.5,0,0.0,0.0,3423.5,1,0
63,10,9.06,4321,Month-to-Month,0,0,Female,1,Fiber Optic,37.791222,-122.402241,0,97.35,1,0,0,,0,0,1,0,Bank Withdrawal,1,0,0,3,0,1,1,1,21,2119.5,0,190.26,0.0,2309.76,1,1
53,21,25.04,2785,Month-to-Month,0,0,Male,1,Fiber Optic,34.102119,-117.815532,0,75.35,1,0,0,Offer C,0,0,0,0,Credit Card,1,0,0,3,0,0,0,0,35,2636.05,0,876.4,0.0,3512.45,1,1
66,30,15.78,5165,Month-to-Month,0,0,Female,1,Fiber Optic,38.815515,-120.916997,1,74.95,1,0,5,,0,0,1,1,Bank Withdrawal,1,0,1,1,1,0,0,0,38,2869.85,0,599.64,0.0,3469.49,1,1
40,19,14.45,5781,Month-to-Month,0,0,Female,1,Fiber Optic,37.901371,-122.572024,0,98.7,1,0,0,,1,0,1,0,Credit Card,1,0,0,5,0,1,1,1,23,2249.1,0,332.35,0.0,2581.45,1,0
27,59,40.42,4599,Month-to-Month,1,0,Female,1,Cable,33.761894,-117.120868,1,44.35,0,3,0,,0,0,1,1,Bank Withdrawal,1,0,0,2,0,0,0,0,1,44.35,0,40.42,0.0,84.77,1,1
54,5,10.66,3605,Month-to-Month,0,0,Female,1,DSL,41.962127,-122.527696,0,71.95,0,0,0,Offer D,0,1,1,0,Bank Withdrawal,1,0,0,3,0,1,1,1,13,923.85,0,138.58,10.47,1051.96,1,0
55,14,21.81,2140,Month-to-Month,0,0,Female,1,Fiber Optic,39.246654,-120.029273,1,91.65,1,0,1,Offer E,1,0,1,1,Bank Withdrawal,1,0,1,2,0,0,0,1,4,365.4,0,87.24,0.0,452.64,1,1
40,0,49.39,4312,Two Year,0,0,Female,0,,34.049841,-118.33846,1,25.55,1,0,9,,0,0,0,1,Credit Card,1,0,1,4,0,0,0,0,64,1714.95,0,3160.96,0.0,4875.91,0,0
56,16,10.91,4909,Month-to-Month,0,0,Female,1,DSL,38.626128,-121.328011,0,44.45,0,0,0,,0,0,0,0,Credit Card,1,0,0,3,0,0,0,0,8,369.3,0,87.28,0.0,456.58,1,0
21,69,9.41,5925,Month-to-Month,0,1,Female,1,Cable,32.898613,-117.202937,1,55.2,0,0,6,,0,0,0,1,Credit Card,1,1,1,1,0,0,0,0,10,528.35,0,94.1,0.0,622.45,1,1
77,21,36.47,5023,One Year,0,1,Female,1,Fiber Optic,34.279221,-119.221437,0,103.0,1,0,0,Offer B,1,1,0,0,Bank Withdrawal,1,1,0,4,1,1,1,0,49,5166.2,0,1787.03,0.0,6953.23,1,0
21,42,39.21,3949,Month-to-Month,0,0,Female,1,Fiber Optic,34.178068,-118.615714,0,80.3,0,0,0,,0,0,1,0,Mailed Check,1,0,0,2,0,0,1,1,7,526.7,10,274.47,0.0,811.17,0,1
70,20,12.27,4054,Month-to-Month,0,0,Female,1,Fiber Optic,34.127621,-117.717863,0,78.95,0,0,0,Offer E,0,0,0,0,Bank Withdrawal,1,0,0,3,1,1,0,0,5,378.4,0,61.35,0.0,439.75,1,1
37,28,43.24,6026,Two Year,1,1,Male,1,DSL,33.666301,-117.969501,1,60.5,0,2,7,,1,1,0,1,Bank Withdrawal,1,0,1,3,0,0,0,0,60,3694.45,0,2594.4,0.0,6288.85,1,0
21,0,35.31,5194,Two Year,0,0,Female,0,,38.581354,-122.296283,1,24.5,1,0,1,,0,0,1,1,Credit Card,1,0,1,3,0,0,0,0,33,740.3,0,1165.23,35.05,1870.48,0,1
34,23,38.4,5631,Month-to-Month,0,1,Female,1,DSL,37.601248,-122.403099,0,78.75,1,0,0,Offer D,0,1,1,0,Bank Withdrawal,1,0,0,4,0,1,1,1,13,995.35,50,499.2,0.0,1544.55,0,0
42,0,46.3,2783,Month-to-Month,0,0,Female,0,,38.240769,-122.901041,0,19.45,0,0,0,Offer D,0,0,0,0,Credit Card,1,0,0,5,0,0,0,0,13,232.1,0,601.9,0.0,834.0,0,0
43,21,9.77,5772,Month-to-Month,1,0,Female,1,DSL,37.924838,-122.289145,1,80.45,1,3,8,Offer D,1,0,0,1,Credit Card,1,1,1,3,0,1,1,1,14,1137.05,0,136.78,0.0,1273.83,1,0
20,0,11.68,2382,One Year,0,0,Female,0,,37.331762,-122.341444,1,26.9,1,0,7,,0,0,0,1,Bank Withdrawal,1,0,1,4,0,0,0,0,47,1250.85,0,548.96,0.0,1799.81,0,0
35,0,5.74,3438,Month-to-Month,0,0,Male,0,,34.147149,-118.463365,0,19.7,0,0,0,Offer D,0,0,1,0,Credit Card,1,0,0,1,0,0,0,0,16,342.4,0,91.84,0.0,434.24,0,1
35,30,48.85,5344,One Year,0,1,Male,1,Cable,34.13658,-118.245839,1,74.75,0,0,7,Offer C,0,1,0,1,Credit Card,1,0,1,3,0,1,1,1,33,2453.3,0,1612.05,0.0,4065.35,1,0
68,20,6.9,2636,One Year,0,1,Female,1,Fiber Optic,34.057256,-117.667677,0,100.15,1,0,0,Offer B,0,0,1,0,Bank Withdrawal,1,0,0,4,1,1,0,1,45,4459.8,0,310.5,0.0,4770.3,1,0
30,0,1.57,2007,Two Year,0,0,Female,0,,33.694501,-116.412711,0,20.15,0,0,0,Offer C,0,0,0,0,Mailed Check,1,0,0,3,0,0,0,0,39,826.0,0,61.23,25.92,861.31,0,0
37,16,0.0,4943,Month-to-Month,0,0,Male,1,Cable,39.710591,-123.682799,0,25.15,0,0,0,Offer D,0,0,1,0,Bank Withdrawal,0,0,0,5,0,0,0,0,13,331.85,0,0.0,48.59,283.26,1,0
25,69,20.23,5465,Month-to-Month,1,0,Female,1,DSL,40.171312,-121.120605,1,55.35,0,3,1,,0,1,1,1,Credit Card,1,1,1,4,0,0,0,0,17,920.5,0,343.91,0.0,1264.41,1,0
59,25,42.22,5884,One Year,1,1,Male,1,Fiber Optic,34.150354,-118.518292,1,91.25,1,1,11,,0,1,1,1,Credit Card,1,1,1,3,0,0,0,0,43,4013.8,0,1815.46,25.49,5803.77,1,0
29,19,40.25,3364,Month-to-Month,0,0,Male,1,Fiber Optic,33.679659,-118.016195,1,86.3,0,0,5,Offer C,1,0,1,1,Credit Card,1,0,1,1,0,0,0,1,39,3266.0,0,1569.75,0.0,4835.75,1,1
21,59,22.41,4288,Two Year,0,1,Female,1,DSL,36.64545,-118.924982,1,79.2,1,0,9,Offer A,1,1,0,1,Credit Card,1,1,1,4,0,0,0,1,72,5401.9,20,1613.52,0.0,7035.42,0,0
20,85,38.3,3446,One Year,1,1,Male,1,DSL,32.79697,-116.969082,1,55.8,0,1,1,Offer B,1,0,1,1,Credit Card,1,0,1,4,0,0,1,0,48,2651.2,0,1838.4,0.0,4489.6,1,0
66,16,2.07,5381,Month-to-Month,0,0,Male,1,Fiber Optic,36.78979,-119.929894,1,75.55,1,0,1,,0,0,1,1,Bank Withdrawal,1,0,1,5,1,0,0,0,34,2425.4,0,70.38,0.0,2495.78,1,0
23,51,13.54,3273,Month-to-Month,0,1,Male,1,Cable,32.961064,-117.134917,1,50.15,0,0,1,,0,0,1,1,Bank Withdrawal,1,0,1,1,0,0,0,0,3,168.15,0,40.62,0.0,208.77,1,1
78,11,14.22,5214,Month-to-Month,0,0,Female,1,Fiber Optic,38.169605,-121.310964,0,95.05,1,0,0,,1,0,1,0,Bank Withdrawal,1,1,0,2,1,0,0,1,47,4504.55,0,668.34,0.0,5172.89,1,1
49,19,0.0,5916,Month-to-Month,1,0,Female,1,DSL,33.698728,-117.67768,0,25.2,0,1,0,,0,0,0,0,Bank Withdrawal,0,0,0,3,0,0,0,0,11,321.05,0,0.0,0.0,321.05,1,0
76,15,44.88,5651,Month-to-Month,0,1,Female,1,Fiber Optic,37.171727,-122.142961,0,90.85,1,0,0,Offer B,0,0,1,0,Credit Card,1,0,0,2,1,1,0,0,49,4515.85,0,2199.12,0.0,6714.97,1,1
35,13,44.72,4077,One Year,0,0,Female,1,DSL,34.133809,-117.523724,1,60.6,1,0,1,Offer B,0,1,1,1,Bank Withdrawal,1,1,1,4,0,0,0,0,48,2985.25,100,2146.56,0.0,5231.81,0,0
43,17,15.73,4305,Two Year,1,1,Female,1,Fiber Optic,37.768881,-122.395521,1,99.0,1,2,4,Offer A,1,1,1,1,Credit Card,1,0,1,3,0,0,0,1,71,7061.65,0,1116.83,0.0,8178.48,1,0
38,56,33.74,4523,One Year,1,1,Male,1,Fiber Optic,33.989524,-118.089299,0,95.95,0,3,0,Offer B,1,1,0,0,Bank Withdrawal,1,0,0,3,0,1,1,0,53,5036.9,0,1788.22,0.0,6825.12,1,0
55,5,0.0,2044,One Year,0,0,Female,1,Cable,34.727529,-118.153098,1,33.55,0,0,1,Offer B,1,0,0,1,Mailed Check,0,1,1,2,0,0,0,0,42,1445.3,50,0.0,0.0,1495.3,0,1
65,9,36.49,4872,Two Year,0,1,Female,1,Fiber Optic,34.061634,-117.893169,1,105.85,0,0,10,Offer B,1,0,1,1,Credit Card,1,1,1,4,1,1,1,1,65,6725.5,0,2371.85,0.0,9097.35,1,0
38,27,19.9,4658,Two Year,0,1,Female,1,DSL,37.3511,-122.037311,1,89.3,1,0,7,Offer A,1,1,0,1,Credit Card,1,1,1,3,0,1,1,1,71,6388.65,0,1412.9,0.0,7801.55,1,0
39,24,12.92,2681,Month-to-Month,0,0,Male,1,Fiber Optic,34.15136,-118.364786,0,89.65,0,0,0,,1,0,0,0,Credit Card,1,1,0,4,0,0,0,1,29,2623.65,10,374.68,0.0,3008.33,0,0
53,0,39.29,4391,One Year,1,0,Male,0,,37.946282,-121.139499,0,19.1,0,2,0,Offer B,0,0,0,0,Bank Withdrawal,1,0,0,5,0,0,0,0,55,1001.5,0,2160.95,0.0,3162.45,0,0
78,26,36.57,5225,Month-to-Month,0,0,Male,1,Fiber Optic,33.22784,-117.200024,1,70.45,0,0,1,,0,0,0,1,Bank Withdrawal,1,0,1,5,1,0,0,0,13,849.1,0,475.41,0.0,1324.51,1,0
62,18,0.0,5388,Two Year,0,0,Male,1,Cable,33.21846,-117.116916,0,60.05,0,0,0,,1,1,1,0,Bank Withdrawal,0,1,0,3,0,1,1,1,69,4176.7,0,0.0,41.21,4135.49,1,0
42,0,25.53,2017,Two Year,0,0,Female,0,,33.847755,-118.112532,0,25.7,1,0,0,,0,0,1,0,Credit Card,1,0,0,4,0,0,0,0,43,1188.2,0,1097.79,0.0,2285.99,0,0
21,59,3.72,2911,Month-to-Month,0,0,Male,1,Cable,32.807867,-117.060993,0,49.7,0,0,0,Offer C,1,0,1,0,Mailed Check,1,0,0,3,0,0,0,0,24,1218.25,0,89.28,0.0,1307.53,1,0
20,30,0.0,6445,One Year,0,1,Male,1,DSL,39.748037,-122.302169,1,54.05,0,0,10,,0,0,1,1,Bank Withdrawal,0,1,1,4,0,1,1,1,56,2959.8,40,0.0,0.0,2999.8,0,0
80,15,26.84,3355,Month-to-Month,0,0,Male,1,Fiber Optic,37.897743,-122.263124,0,79.15,0,0,0,Offer D,0,0,1,0,Credit Card,1,0,0,5,1,1,1,0,11,827.7,140,295.24,0.0,1262.94,0,0
73,4,14.22,2660,One Year,0,0,Female,1,Fiber Optic,37.787186,-122.14633,0,84.7,0,0,0,Offer E,1,0,1,0,Bank Withdrawal,1,0,0,4,1,0,0,1,5,392.5,0,71.1,41.2,422.4,1,0
74,9,3.29,3834,Month-to-Month,0,0,Female,1,Fiber Optic,38.358464,-120.579304,1,80.4,0,0,1,Offer E,0,0,1,1,Bank Withdrawal,1,0,1,2,1,0,0,1,3,224.05,0,9.87,0.0,233.92,1,1
43,8,19.01,4444,Month-to-Month,0,0,Female,1,DSL,34.122671,-118.112911,0,48.55,0,0,0,,0,1,0,0,Credit Card,1,0,0,1,0,0,0,0,11,501.0,130,209.11,0.0,840.11,0,1
27,69,24.81,5515,Month-to-Month,0,0,Female,1,Cable,39.258746,-121.77697,0,66.25,0,0,0,,1,0,0,0,Mailed Check,1,1,0,3,0,0,0,1,9,620.55,10,223.29,0.0,853.84,0,1
33,0,4.24,2682,Two Year,0,0,Male,0,,37.7795,-122.419233,0,19.25,0,0,0,Offer C,0,0,0,0,Credit Card,1,0,0,4,0,0,0,0,35,677.9,0,148.4,0.0,826.3,0,0
51,0,21.16,5759,One Year,1,0,Male,0,,33.688546,-117.788091,0,20.15,0,3,0,Offer C,0,0,1,0,Credit Card,1,0,0,3,0,0,0,0,33,682.15,0,698.28,0.0,1380.43,0,0
27,26,22.08,3048,Month-to-Month,0,1,Female,1,Cable,34.085807,-118.206617,0,59.65,0,0,0,Offer B,1,1,0,0,Bank Withdrawal,1,0,0,3,0,0,0,0,42,2536.55,0,927.36,0.0,3463.91,1,0
21,48,34.95,6022,Two Year,0,0,Male,1,Fiber Optic,38.471049,-123.015549,1,99.4,1,0,7,,1,0,1,1,Bank Withdrawal,1,0,1,5,0,1,1,1,72,7285.7,0,2516.4,0.0,9802.1,1,0
51,15,44.11,4468,Month-to-Month,0,0,Female,1,Cable,37.902422,-121.440029,0,56.05,0,0,0,Offer C,1,1,0,0,Bank Withdrawal,1,0,0,3,0,0,0,0,28,1522.65,110,1235.08,0.0,2867.73,0,0
43,17,48.82,5502,Two Year,0,0,Female,1,Fiber Optic,38.546999,-120.271114,0,110.25,1,0,0,,1,1,0,0,Credit Card,1,1,0,4,0,1,1,1,68,7279.35,30,3319.76,0.0,10629.11,0,0
42,0,47.33,2009,Two Year,1,0,Male,0,,37.908242,-121.682472,1,20.5,0,1,8,,0,0,0,1,Bank Withdrawal,1,0,1,4,0,0,0,0,35,759.35,0,1656.55,0.0,2415.9,0,0
42,5,43.8,5617,Month-to-Month,0,0,Female,1,Fiber Optic,34.441398,-119.513163,0,93.55,1,0,0,Offer E,0,0,1,0,Bank Withdrawal,1,0,0,2,0,1,1,1,6,536.4,0,262.8,0.0,799.2,1,1
61,13,48.95,4352,Month-to-Month,0,1,Male,1,Fiber Optic,32.85723,-117.209774,1,103.4,1,0,2,,1,0,1,1,Bank Withdrawal,1,0,1,2,0,1,1,1,63,6603.0,0,3083.85,0.0,9686.85,1,1
33,30,14.53,5184,Month-to-Month,0,0,Female,1,Fiber Optic,37.027663,-119.69056,0,98.5,1,0,0,,0,0,1,0,Bank Withdrawal,1,1,0,1,0,1,1,1,10,1058.25,110,145.3,0.0,1313.55,0,1
64,26,0.0,4800,Month-to-Month,0,0,Male,1,DSL,33.000269,-117.072093,1,40.65,0,0,2,Offer E,0,0,0,1,Mailed Check,0,1,1,1,0,0,0,1,9,328.95,0,0.0,0.0,328.95,1,1
32,0,45.99,2392,Month-to-Month,0,0,Female,0,,39.710591,-123.682799,0,20.45,0,0,0,Offer E,0,0,1,0,Credit Card,1,0,0,4,0,0,0,0,9,147.55,0,413.91,0.0,561.46,0,0
56,22,34.49,3736,Month-to-Month,0,0,Male,1,Cable,33.482243,-116.827173,0,51.0,0,0,0,,0,1,1,0,Mailed Check,1,0,0,1,0,0,0,0,7,354.05,0,241.43,0.0,595.48,1,1
39,22,45.25,2673,One Year,0,1,Male,1,DSL,38.921333,-120.897718,0,70.0,0,0,0,,0,0,1,0,Credit Card,1,0,0,2,0,1,1,1,5,347.4,10,226.25,0.0,583.65,0,1
45,0,46.57,5986,One Year,1,0,Male,0,,35.939068,-119.043666,0,25.45,1,2,0,,0,0,0,0,Bank Withdrawal,1,0,0,5,0,0,0,0,39,958.45,0,1816.23,0.0,2774.68,0,0
52,0,26.57,2953,One Year,0,0,Female,0,,33.638645,-116.55783,0,20.2,0,0,0,,0,0,0,0,Mailed Check,1,0,0,5,0,0,0,0,13,273.25,0,345.41,0.0,618.66,0,0
36,75,43.7,3918,Month-to-Month,1,0,Female,1,DSL,40.775272,-123.287414,1,56.25,0,3,10,Offer B,0,1,0,1,Bank Withdrawal,1,1,1,3,0,0,0,0,44,2419.55,40,1922.8,14.78,4367.57,0,0
40,21,29.92,4745,Month-to-Month,0,0,Male,1,Fiber Optic,38.392559,-121.225093,1,84.05,0,0,5,Offer D,0,1,0,1,Bank Withdrawal,1,0,1,1,0,1,1,0,13,1095.3,0,388.96,23.97,1460.29,1,1
56,0,39.98,6126,Two Year,0,0,Female,0,,34.078821,-118.177576,1,25.0,1,0,7,,0,0,0,1,Credit Card,1,0,1,4,0,0,0,0,72,1849.2,0,2878.56,0.0,4727.76,0,0
31,12,6.89,4340,Month-to-Month,0,0,Male,1,Fiber Optic,38.154823,-121.601358,0,84.5,1,0,0,,0,0,0,0,Bank Withdrawal,1,0,0,2,0,0,0,1,1,84.5,0,6.89,0.0,91.39,1,1
28,85,7.52,3398,One Year,0,0,Male,1,Cable,32.802959,-117.027095,0,54.6,1,0,0,,0,0,0,0,Bank Withdrawal,1,1,0,3,0,0,0,0,24,1242.25,0,180.48,28.42,1394.31,1,0
65,0,41.98,3460,Two Year,0,0,Female,0,,37.787186,-122.14633,0,20.05,0,0,0,,0,0,0,0,Credit Card,1,0,0,5,1,0,0,0,4,91.45,0,167.92,0.0,259.37,0,0
64,8,48.38,5850,Month-to-Month,0,1,Female,1,Fiber Optic,37.160194,-121.945611,0,85.3,0,0,0,,0,0,1,0,Credit Card,1,0,0,5,0,1,1,0,9,781.4,10,435.42,0.0,1226.82,0,0
63,19,47.66,5764,Two Year,0,1,Male,1,DSL,33.923149,-117.244933,1,88.7,1,0,4,Offer A,1,1,1,1,Credit Card,1,1,1,3,0,1,1,1,72,6301.7,0,3431.52,0.0,9733.22,1,0
35,0,20.65,5052,One Year,0,0,Female,0,,33.081478,-117.033814,0,20.1,0,0,0,Offer D,0,0,0,0,Credit Card,1,0,0,3,0,0,0,0,16,296.15,0,330.4,0.0,626.55,0,0
22,73,14.58,5094,Month-to-Month,0,0,Male,1,DSL,39.00978,-120.978273,0,53.5,0,0,0,,0,0,1,0,Mailed Check,1,0,0,1,0,0,0,1,1,53.5,0,14.58,0.0,68.08,1,1
71,52,11.33,3179,Month-to-Month,1,0,Male,1,Fiber Optic,34.108833,-118.229715,0,95.45,1,3,0,Offer D,0,0,1,0,Bank Withdrawal,1,0,0,2,1,1,1,1,18,1752.55,0,203.94,45.61,1910.88,1,1
28,59,0.0,5192,Two Year,1,1,Female,1,Cable,33.194742,-117.29032,1,55.65,0,3,1,Offer A,1,1,0,1,Credit Card,0,1,1,4,0,1,1,0,72,3880.05,0,0.0,0.0,3880.05,1,0
61,18,49.26,4512,Two Year,0,0,Female,1,Fiber Optic,33.829583,-116.474131,1,105.4,1,0,8,Offer B,1,0,1,1,Bank Withdrawal,1,1,1,3,0,1,1,1,64,6794.75,0,3152.64,32.24,9915.15,1,0
47,15,17.75,5096,Month-to-Month,0,1,Male,1,Fiber Optic,36.749403,-119.787574,1,102.4,1,0,1,,1,0,1,1,Bank Withdrawal,1,0,1,4,0,1,1,1,63,6444.05,0,1118.25,0.0,7562.3,1,0
46,16,0.0,5131,Month-to-Month,0,0,Female,1,Cable,33.655421,-117.391751,0,31.05,0,0,0,,1,0,1,0,Bank Withdrawal,0,0,0,2,0,0,0,0,13,347.25,0,0.0,0.0,347.25,1,1
48,5,39.74,4848,Two Year,0,1,Female,1,Fiber Optic,40.181279,-120.392967,1,110.75,1,0,1,,1,1,1,1,Bank Withdrawal,1,0,1,4,0,1,1,1,72,7751.7,0,2861.28,0.0,10612.98,1,0
46,20,34.38,3091,Month-to-Month,0,0,Male,1,Fiber Optic,40.759401,-122.939337,0,78.45,0,0,0,,1,0,1,0,Bank Withdrawal,1,1,0,1,0,0,0,0,31,2435.15,40,1065.78,0.0,3540.93,0,1
35,6,36.62,4915,One Year,0,0,Female,1,Fiber Optic,37.999406,-121.686241,1,100.15,1,0,8,Offer B,1,1,1,1,Bank Withdrawal,1,1,1,4,0,0,0,1,65,6643.5,0,2380.3,0.0,9023.8,1,0
44,20,0.0,5605,Month-to-Month,0,0,Male,1,Cable,36.810568,-121.503022,0,44.55,0,0,0,Offer E,0,0,1,0,Bank Withdrawal,0,0,0,2,0,1,1,1,4,174.3,10,0.0,0.0,184.3,0,1
73,15,24.85,5811,Two Year,0,0,Male,1,Fiber Optic,36.296851,-117.865469,0,79.55,0,0,0,Offer E,0,0,1,0,Bank Withdrawal,1,0,0,5,1,1,0,0,9,718.55,10,223.65,0.0,952.2,0,0
22,71,34.31,5657,Two Year,0,1,Female,1,DSL,34.238802,-118.482296,1,58.9,0,0,5,,0,1,0,1,Credit Card,1,1,1,4,0,0,0,0,65,3857.1,0,2230.15,0.0,6087.25,1,0
57,10,33.75,4840,Month-to-Month,0,0,Female,1,Fiber Optic,37.808731,-122.238708,0,70.15,0,0,0,,0,0,1,0,Bank Withdrawal,1,0,0,3,0,0,0,0,2,123.8,0,67.5,0.0,191.3,1,0
45,18,23.18,5172,Two Year,0,0,Female,1,DSL,33.644585,-116.871544,0,65.1,0,0,0,,0,1,1,0,Credit Card,1,1,0,3,0,1,1,0,62,3846.75,0,1437.16,0.0,5283.91,1,0
30,73,24.23,4870,One Year,0,0,Male,1,Fiber Optic,32.886925,-117.152162,0,105.65,1,0,0,,1,0,1,0,Credit Card,1,1,0,1,0,1,1,1,64,6903.1,0,1550.72,0.0,8453.82,1,1
24,0,12.17,4439,One Year,0,0,Male,0,,40.665952,-124.240051,0,20.6,0,0,0,Offer E,0,0,0,0,Credit Card,1,0,0,3,0,0,0,0,6,116.6,0,73.02,0.0,189.62,0,0
56,57,4.45,5476,Two Year,1,1,Female,1,DSL,38.508735,-121.678813,1,70.1,0,3,1,Offer B,1,1,1,1,Credit Card,1,0,1,4,0,1,1,0,48,3238.4,30,213.6,0.0,3482.0,0,0
40,28,4.67,5671,Month-to-Month,0,0,Female,1,Fiber Optic,34.486835,-117.362274,0,69.0,0,0,0,Offer D,0,0,0,0,Bank Withdrawal,1,0,0,1,0,0,0,0,15,994.8,0,70.05,0.0,1064.85,1,1
64,17,39.88,5128,Two Year,0,1,Female,1,Cable,34.001617,-118.222274,1,64.15,1,0,7,,0,1,1,1,Credit Card,1,1,1,3,0,0,0,0,69,4254.1,40,2751.72,0.0,7045.82,0,0
32,30,15.12,4753,Two Year,0,1,Male,1,DSL,33.458754,-117.665104,1,84.2,1,0,4,,1,0,0,1,Credit Card,1,1,1,4,0,1,1,1,71,5956.85,0,1073.52,0.0,7030.37,1,0
47,2,0.0,3351,Month-to-Month,0,0,Female,1,Cable,41.280341,-120.150381,0,35.75,0,0,0,Offer E,0,0,1,0,Bank Withdrawal,0,0,0,3,0,0,0,1,1,35.75,0,0.0,0.0,35.75,1,1
33,10,25.4,2156,Month-to-Month,0,0,Female,1,Fiber Optic,36.995162,-120.955099,0,70.25,0,0,0,Offer E,0,0,1,0,Bank Withdrawal,1,0,0,4,0,0,0,0,3,229.7,0,76.2,0.0,305.9,1,0
39,53,26.24,2545,One Year,1,1,Male,1,Cable,41.411315,-122.697236,0,64.4,1,3,0,,1,1,1,0,Bank Withdrawal,1,0,0,4,0,0,0,0,48,3035.35,0,1259.52,0.0,4294.87,1,0
72,28,3.57,4722,One Year,0,1,Female,1,Fiber Optic,34.165783,-118.399795,0,108.1,1,0,0,,1,0,0,0,Bank Withdrawal,1,0,0,3,1,1,0,1,66,7238.6,0,235.62,0.0,7474.22,1,0
29,0,35.44,2429,Month-to-Month,1,0,Female,0,,35.886767,-120.608661,1,20.25,0,1,10,Offer D,0,0,1,1,Credit Card,1,0,1,4,0,0,0,0,18,401.95,0,637.92,0.0,1039.87,0,0
33,24,30.06,6354,Two Year,0,1,Male,1,Cable,34.072121,-117.698319,1,85.95,1,0,10,,1,0,1,1,Credit Card,1,1,1,5,0,1,1,1,70,5931.75,0,2104.2,0.0,8035.95,1,0
44,28,46.9,5122,One Year,1,0,Female,1,Cable,39.461768,-121.195825,1,50.55,0,3,1,Offer A,1,0,0,1,Credit Card,1,0,1,5,0,0,0,0,67,3431.75,0,3142.3,0.0,6574.05,1,0
32,7,5.67,4512,Month-to-Month,0,0,Male,1,Fiber Optic,34.502432,-118.41459,0,70.3,0,0,0,Offer E,0,0,1,0,Bank Withdrawal,1,0,0,2,0,0,0,0,1,70.3,0,5.67,0.0,75.97,1,1
34,18,5.63,2895,Month-to-Month,0,1,Female,1,Fiber Optic,37.28682,-121.723877,0,98.1,0,0,0,Offer E,0,0,1,0,Bank Withdrawal,1,1,0,1,0,1,1,1,4,396.3,0,22.52,0.0,418.82,1,1
27,41,30.92,4545,Month-to-Month,0,0,Male,1,Cable,34.174215,-118.345928,0,55.75,0,0,0,Offer E,0,1,1,0,Credit Card,1,1,0,4,0,0,1,0,5,266.95,0,154.6,0.0,421.55,1,0
26,59,39.67,3291,Month-to-Month,0,0,Female,1,Fiber Optic,33.674583,-114.71612,1,76.1,0,0,0,Offer C,1,0,1,1,Bank Withdrawal,1,0,0,3,0,0,0,0,27,2093.4,0,1071.09,30.14,3134.35,1,0
52,17,45.2,2793,Two Year,0,1,Female,1,DSL,34.457541,-119.631072,0,54.35,0,0,0,,0,0,0,0,Credit Card,1,1,0,3,0,0,0,0,46,2460.15,0,2079.2,0.0,4539.35,1,1
32,26,39.3,4483,Month-to-Month,0,0,Male,1,DSL,39.681488,-121.83721,0,51.25,0,0,0,,0,1,0,0,Credit Card,1,0,0,4,0,0,0,0,1,51.25,0,39.3,0.0,90.55,1,0
78,9,17.13,5171,Two Year,0,0,Male,1,Fiber Optic,33.930199,-117.862898,0,71.45,0,0,0,Offer E,0,0,1,0,Credit Card,1,0,0,4,1,0,0,0,5,371.6,0,85.65,0.0,457.25,1,0
60,23,12.19,4739,Month-to-Month,0,0,Female,1,Fiber Optic,39.281194,-122.226568,0,90.0,1,0,0,,0,0,1,0,Bank Withdrawal,1,1,0,2,0,0,0,1,22,1993.8,0,268.18,0.0,2261.98,1,1
35,23,36.13,5177,One Year,0,0,Female,1,Fiber Optic,33.141265,-116.967221,1,101.15,1,0,5,,0,0,0,1,Bank Withdrawal,1,1,1,3,0,1,1,1,61,6383.9,0,2203.93,0.0,8587.83,1,0
56,5,48.37,4589,Two Year,0,1,Female,1,Fiber Optic,38.629618,-122.593216,0,114.9,1,0,0,Offer A,1,1,1,0,Bank Withdrawal,1,1,0,4,0,1,1,1,72,8496.7,0,3482.64,0.0,11979.34,1,0
45,19,17.26,3778,Month-to-Month,0,0,Male,1,Fiber Optic,36.936228,-121.785559,0,100.4,1,0,0,Offer C,0,1,1,0,Bank Withdrawal,1,0,0,3,0,1,1,1,30,2936.25,0,517.8,0.0,3454.05,1,0
47,0,41.33,2691,One Year,0,0,Female,0,,37.901371,-122.572024,0,19.55,0,0,0,,0,0,0,0,Credit Card,1,0,0,5,0,0,0,0,36,620.75,0,1487.88,0.0,2108.63,0,0
38,29,0.0,5500,Two Year,0,1,Male,1,DSL,34.153733,-118.593408,1,56.6,0,0,1,,1,1,1,1,Bank Withdrawal,0,1,1,4,0,0,0,1,66,3789.2,0,0.0,0.0,3789.2,1,0
57,15,0.0,4700,Two Year,0,1,Female,1,DSL,38.392559,-121.225093,1,49.2,0,0,2,Offer A,1,1,1,1,Bank Withdrawal,0,0,1,3,0,1,1,0,72,3580.95,0,0.0,0.0,3580.95,1,0
65,22,28.64,5193,One Year,1,0,Male,1,Fiber Optic,37.902422,-121.440029,1,75.2,1,1,8,,0,0,1,1,Credit Card,1,0,1,5,1,0,0,0,11,775.3,0,315.04,0.0,1090.34,1,0
33,0,13.13,4464,One Year,1,0,Male,0,,33.988572,-118.186565,1,19.8,0,1,1,Offer D,0,0,0,1,Credit Card,1,0,1,5,0,0,0,0,19,344.5,0,249.47,0.0,593.97,0,0
69,19,7.74,4531,Month-to-Month,0,0,Female,1,DSL,33.477923,-117.705314,1,46.0,0,0,1,,0,0,0,1,Bank Withdrawal,1,0,1,1,1,0,0,0,1,46.0,0,7.74,0.0,53.74,1,1
45,16,0.0,5374,Two Year,1,1,Male,1,DSL,35.349241,-116.770281,1,39.35,0,2,7,Offer B,1,0,0,1,Bank Withdrawal,0,1,1,5,0,0,0,0,63,2395.05,0,0.0,0.0,2395.05,1,0
36,13,4.51,4940,Month-to-Month,0,0,Male,1,Fiber Optic,37.378541,-122.020456,0,93.85,0,0,0,,0,1,0,0,Bank Withdrawal,1,0,0,1,0,1,1,1,17,1625.65,0,76.67,0.0,1702.32,1,1
53,3,1.8,5385,Month-to-Month,0,0,Male,1,DSL,40.94338,-123.831799,0,53.75,0,0,0,Offer D,1,0,1,0,Credit Card,1,1,0,5,0,0,0,0,12,648.65,0,21.6,0.0,670.25,1,0
71,25,36.71,5084,Month-to-Month,0,1,Female,1,Fiber Optic,33.174725,-116.743329,1,105.9,1,0,1,Offer B,1,0,1,1,Bank Withdrawal,1,0,1,5,1,1,1,1,60,6401.25,110,2202.6,0.0,8713.85,0,0
80,21,21.37,3533,Month-to-Month,0,0,Male,1,Fiber Optic,37.449551,-122.183762,1,75.4,1,0,2,,0,0,1,1,Bank Withdrawal,1,0,1,4,1,0,0,0,7,533.05,0,149.59,0.0,682.64,1,0
37,0,24.89,4194,Month-to-Month,0,0,Male,0,,34.420998,-119.60137,0,19.7,0,0,0,Offer E,0,0,0,0,Credit Card,1,0,0,4,0,0,0,0,9,180.7,0,224.01,0.0,404.71,0,0
45,26,15.23,4675,Two Year,0,0,Female,1,DSL,40.854512,-123.450097,1,64.75,1,0,7,,1,1,0,1,Bank Withdrawal,1,1,1,3,0,0,0,0,72,4804.75,0,1096.56,0.0,5901.31,1,0
38,16,0.0,3194,Month-to-Month,1,0,Female,1,DSL,34.029175,-117.307211,1,29.5,0,1,6,,0,0,1,1,Credit Card,0,1,1,4,0,0,0,0,48,1423.05,0,0.0,0.0,1423.05,1,0
36,57,28.47,5737,Two Year,1,1,Male,1,Fiber Optic,33.88151,-118.234451,1,109.3,0,3,4,,1,1,0,1,Credit Card,1,1,1,3,0,1,1,1,71,7782.85,70,2021.37,0.0,9874.22,0,0
35,19,34.53,5647,One Year,1,1,Female,1,Fiber Optic,33.771612,-118.143866,1,95.15,1,1,3,Offer A,1,1,1,1,Credit Card,1,1,1,3,0,0,0,0,71,6770.85,0,2451.63,0.0,9222.48,0,0
28,48,10.06,3885,Month-to-Month,0,0,Female,1,Fiber Optic,38.733908,-120.453416,0,79.0,1,0,0,Offer D,0,1,1,0,Bank Withdrawal,1,0,0,3,0,0,0,0,11,929.3,0,110.66,0.0,1039.96,1,0
55,20,39.32,5034,One Year,0,0,Female,1,Cable,34.097345,-117.906736,0,67.7,0,0,0,,1,1,1,0,Credit Card,1,1,0,4,0,1,1,0,42,2882.25,0,1651.44,0.0,4533.69,1,0
26,19,28.77,4939,Month-to-Month,0,1,Male,1,Fiber Optic,32.85723,-117.209774,1,84.8,1,0,5,Offer E,1,0,1,1,Bank Withdrawal,1,0,1,3,0,0,1,0,4,371.9,0,115.08,0.0,486.98,1,1
21,82,42.58,5036,Month-to-Month,1,0,Male,1,DSL,37.03889,-121.528955,1,57.95,0,3,9,Offer D,1,1,1,1,Credit Card,1,1,1,3,0,0,1,0,22,1271.8,0,936.76,0.0,2208.56,1,0
44,23,0.0,6018,Month-to-Month,1,0,Male,1,DSL,39.724433,-123.767578,1,39.45,0,3,10,,0,1,1,1,Credit Card,0,0,1,3,0,0,0,1,50,2021.35,0,0.0,0.0,2021.35,1,0
44,0,35.86,3071,One Year,0,0,Female,0,,38.112166,-122.634384,1,20.4,0,0,6,,0,0,0,1,Credit Card,1,0,1,5,0,0,0,0,24,482.8,0,860.64,0.0,1343.44,0,0
35,0,34.79,5890,Month-to-Month,0,0,Female,0,,37.943087,-122.72379,0,19.1,0,0,0,,0,0,1,0,Credit Card,1,0,0,2,0,0,0,0,1,19.1,0,34.79,0.0,53.89,0,1
22,59,18.7,5694,Month-to-Month,0,0,Female,1,DSL,38.859093,-121.182872,0,44.45,0,0,0,Offer E,0,0,0,0,Bank Withdrawal,1,0,0,3,0,0,0,0,2,82.7,0,37.4,0.0,120.1,1,0
75,26,0.0,4972,Month-to-Month,0,1,Male,1,DSL,34.200175,-118.540958,0,43.3,0,0,0,Offer E,1,0,1,0,Bank Withdrawal,0,0,0,3,1,1,0,0,1,43.3,0,0.0,0.0,43.3,1,1
76,22,19.18,2508,Month-to-Month,0,0,Male,1,Fiber Optic,40.825486,-124.049485,0,86.6,1,0,0,,0,0,1,0,Bank Withdrawal,1,0,0,3,1,0,0,1,16,1281.0,0,306.88,0.0,1587.88,1,1
79,29,23.33,6020,Two Year,0,1,Male,1,Fiber Optic,39.597975,-122.032248,1,94.25,1,0,9,Offer B,1,0,1,1,Bank Withdrawal,1,0,1,3,1,1,0,0,64,6081.4,0,1493.12,0.0,7574.52,1,0
70,20,44.08,5527,One Year,0,0,Male,1,Fiber Optic,37.424655,-121.74841,0,86.05,1,0,0,,0,0,1,0,Credit Card,1,0,0,3,1,0,0,1,47,3865.6,0,2071.76,0.0,5937.36,1,0
53,11,46.49,4625,One Year,0,1,Female,1,DSL,33.657433,-117.04254,1,84.15,1,0,9,Offer B,1,0,1,1,Credit Card,1,1,1,3,0,1,1,1,50,4164.4,0,2324.5,0.0,6488.9,1,0
56,15,20.27,3192,Two Year,0,1,Female,1,DSL,33.977468,-118.445475,0,78.45,1,0,0,Offer B,0,0,1,0,Credit Card,1,1,0,4,0,1,1,1,42,3373.4,0,851.34,0.0,4224.74,1,0
40,23,0.0,3970,Month-to-Month,1,0,Female,1,Cable,39.19514,-121.503883,1,38.85,0,3,4,Offer C,1,1,0,1,Credit Card,0,1,1,4,0,0,0,0,26,1025.15,30,0.0,0.0,1055.15,0,0
42,13,14.7,2960,Month-to-Month,0,0,Female,1,DSL,38.339996,-122.935056,0,49.05,0,0,0,Offer E,1,0,1,0,Credit Card,1,0,0,1,0,0,0,0,2,91.1,40,29.4,0.0,160.5,0,1
53,0,31.26,5403,Month-to-Month,1,0,Male,0,,34.667815,-117.536183,0,24.7,1,1,0,Offer D,0,0,0,0,Credit Card,1,0,0,4,0,0,0,0,21,467.15,0,656.46,0.0,1123.61,0,0
22,0,2.44,4529,Two Year,1,0,Female,0,,34.13658,-118.245839,1,20.1,0,1,10,,0,0,0,1,Bank Withdrawal,1,0,1,4,0,0,0,0,52,1078.75,0,126.88,17.05,1188.58,0,0
32,0,48.41,5293,One Year,0,0,Male,0,,37.031404,-121.981865,0,19.55,0,0,0,,0,0,1,0,Credit Card,1,0,0,3,0,0,0,0,42,839.4,0,2033.22,12.16,2860.46,0,0
49,0,24.53,5967,Month-to-Month,0,0,Female,0,,39.624561,-121.552866,0,20.55,0,0,0,,0,0,0,0,Credit Card,1,0,0,3,0,0,0,0,5,96.1,0,122.65,0.0,218.75,0,0
24,47,9.97,4999,Month-to-Month,0,0,Male,1,Fiber Optic,33.902045,-118.008961,0,95.7,1,0,0,,1,0,0,0,Bank Withdrawal,1,1,0,5,0,1,1,0,15,1451.1,0,149.55,0.0,1600.65,1,0
41,27,47.48,5905,One Year,1,1,Female,1,Fiber Optic,38.93496,-122.792243,1,103.05,0,3,7,,0,0,0,1,Credit Card,1,1,1,4,0,1,1,1,50,5153.5,0,2374.0,0.0,7527.5,1,0
75,29,17.65,5570,Month-to-Month,0,1,Female,1,Fiber Optic,34.201108,-116.593456,0,104.95,1,0,0,Offer B,0,0,1,0,Bank Withdrawal,1,1,0,5,1,1,0,1,50,5222.35,0,882.5,0.0,6104.85,1,0
64,12,0.0,4044,Month-to-Month,0,1,Female,1,DSL,37.013471,-121.877877,0,49.05,0,0,0,Offer B,0,0,1,0,Bank Withdrawal,0,0,0,1,0,1,1,1,43,2076.2,0,0.0,20.29,2055.91,1,1
63,0,44.53,2642,Month-to-Month,0,0,Male,0,,34.613476,-118.256358,0,20.45,0,0,0,Offer D,0,0,1,0,Credit Card,1,0,0,4,0,0,0,0,11,237.3,0,489.83,0.0,727.13,0,0
58,0,48.56,4681,Two Year,1,0,Female,0,,34.115192,-118.61017,1,19.8,0,1,2,Offer B,0,0,1,1,Credit Card,1,0,1,3,0,0,0,0,56,1119.9,0,2719.36,0.0,3839.26,0,0
68,25,38.5,5129,Two Year,0,0,Female,1,Fiber Optic,38.875508,-121.765866,1,90.85,1,0,10,,0,1,1,1,Bank Withdrawal,1,0,1,4,1,1,1,0,70,6470.1,0,2695.0,0.0,9165.1,1,0
37,9,11.35,5687,Month-to-Month,0,0,Male,1,DSL,34.084747,-117.886844,0,48.55,0,0,0,,0,1,1,0,Credit Card,1,0,0,1,0,0,0,0,1,48.55,0,11.35,0.0,59.9,1,1
65,22,25.19,3594,Two Year,0,1,Male,1,Fiber Optic,35.886767,-120.608661,1,91.05,1,0,1,,0,0,1,1,Credit Card,1,0,1,4,1,1,1,0,48,4370.75,0,1209.12,0.0,5579.87,1,0
24,51,48.1,4106,One Year,0,0,Male,1,DSL,34.19829,-118.602203,1,71.9,1,0,5,Offer B,0,1,1,1,Credit Card,1,1,1,3,0,1,1,0,43,3173.35,0,2068.3,0.0,5241.65,1,0
57,0,27.37,4462,Month-to-Month,1,0,Female,0,,35.690535,-118.552784,0,20.05,0,2,0,,0,0,1,0,Bank Withdrawal,1,0,0,5,0,0,0,0,4,85.5,0,109.48,0.0,194.98,0,0
69,9,17.87,5748,Month-to-Month,0,0,Female,1,Fiber Optic,38.486502,-121.334051,1,77.5,1,0,1,,0,1,1,1,Bank Withdrawal,1,0,1,1,1,0,0,0,51,3807.35,0,911.37,0.0,4718.72,1,1
30,0,25.98,4386,Two Year,1,0,Female,0,,38.554383,-122.474773,1,25.25,1,3,9,Offer D,0,0,0,1,Credit Card,1,0,1,3,0,0,0,0,22,555.4,0,571.56,0.0,1126.96,0,0
42,24,5.68,5718,Two Year,0,1,Female,1,Fiber Optic,36.554618,-121.922239,0,110.5,1,0,0,,1,0,1,0,Credit Card,1,1,0,5,0,1,1,1,64,7069.25,60,363.52,0.0,7492.77,0,0
76,22,3.66,4745,Month-to-Month,0,0,Female,1,Fiber Optic,34.108833,-118.229715,1,94.5,1,0,4,,1,1,1,1,Bank Withdrawal,1,0,1,3,1,0,0,1,43,4156.8,0,157.38,0.0,4314.18,1,0
56,18,48.68,5233,Month-to-Month,0,1,Male,1,Fiber Optic,37.982716,-120.343732,1,87.0,0,0,9,,0,0,1,1,Bank Withdrawal,1,0,1,4,0,0,0,1,22,1850.65,0,1070.96,0.0,2921.61,1,0
27,0,39.39,2706,Month-to-Month,0,0,Male,0,,37.316146,-121.936285,0,20.0,0,0,0,,0,0,0,0,Bank Withdrawal,1,0,0,3,0,0,0,0,10,185.4,0,393.9,0.0,579.3,0,0
26,0,42.67,3153,Two Year,1,0,Female,0,,34.364153,-118.615583,1,19.05,0,1,1,,0,0,0,1,Credit Card,1,0,1,3,0,0,0,0,8,201.7,0,341.36,0.0,543.06,0,0
42,0,31.49,5897,One Year,1,0,Male,0,,36.414216,-121.360597,1,20.4,0,3,7,Offer B,0,0,0,1,Credit Card,1,0,1,3,0,0,0,0,61,1226.45,0,1920.89,0.0,3147.34,0,0
47,0,4.53,5491,Month-to-Month,0,0,Female,0,,34.169706,-118.323548,0,25.15,1,0,0,,0,0,0,0,Bank Withdrawal,1,0,0,4,0,0,0,0,29,702.0,0,131.37,0.0,833.37,0,0
33,10,18.72,5984,Month-to-Month,1,0,Female,1,Fiber Optic,40.559177,-120.612113,0,88.5,1,2,0,,1,0,1,0,Bank Withdrawal,1,0,0,3,0,0,0,1,41,3645.05,0,767.52,0.0,4412.57,1,0
75,24,38.59,4442,Two Year,0,0,Female,1,Fiber Optic,38.336216,-120.76901,1,69.3,0,0,7,,0,0,1,1,Bank Withdrawal,1,0,1,4,1,0,0,0,25,1813.1,0,964.75,0.0,2777.85,1,0
26,59,41.05,5025,Two Year,0,1,Male,1,Fiber Optic,34.95934,-120.490081,1,101.0,0,0,9,Offer A,1,1,0,1,Credit Card,1,1,1,3,0,1,1,0,70,7085.5,0,2873.5,0.0,9959.0,1,0
35,27,9.74,4275,Month-to-Month,0,0,Male,1,Fiber Optic,37.781304,-122.461522,0,70.3,0,0,0,,0,0,1,0,Credit Card,1,0,0,4,0,0,0,0,3,220.4,0,29.22,0.0,249.62,1,0
48,22,9.98,4115,Month-to-Month,0,1,Female,1,Fiber Optic,38.848082,-123.50608,1,106.15,1,0,5,Offer B,1,0,1,1,Bank Withdrawal,1,0,1,3,0,1,1,1,60,6411.25,0,598.8,0.0,7010.05,1,0
62,4,0.0,5614,Month-to-Month,0,0,Male,1,DSL,40.789799,-121.474529,1,29.8,0,0,1,Offer E,1,0,0,1,Credit Card,0,0,1,3,0,0,0,0,3,94.4,0,0.0,0.0,94.4,1,0
43,23,26.13,3280,Month-to-Month,1,0,Female,1,Fiber Optic,37.222842,-121.988727,0,76.6,1,1,0,Offer D,0,0,1,0,Bank Withdrawal,1,0,0,3,0,0,0,0,12,893.0,0,313.56,0.0,1206.56,1,0
71,3,2.26,2491,Month-to-Month,0,0,Female,1,Fiber Optic,41.096569,-121.879082,0,70.4,0,0,0,Offer E,0,0,1,0,Bank Withdrawal,1,0,0,3,1,0,0,0,3,204.7,0,6.78,0.0,211.48,1,1
54,0,37.67,5137,Two Year,1,0,Male,0,,33.786738,-117.982564,1,24.15,1,2,1,Offer B,0,0,0,1,Bank Withdrawal,1,0,1,4,0,0,0,0,56,1402.25,0,2109.52,29.41,3482.36,0,0
24,48,25.71,3360,Month-to-Month,0,1,Male,1,DSL,33.753146,-118.367459,0,71.4,1,0,0,,1,0,1,0,Bank Withdrawal,1,0,0,5,0,1,1,0,16,1212.1,0,411.36,0.0,1623.46,1,0
45,0,23.95,2902,Two Year,1,0,Female,0,,34.364153,-118.615583,1,19.7,0,1,1,,0,0,0,1,Bank Withdrawal,1,0,1,3,0,0,0,0,41,804.25,0,981.95,0.0,1786.2,0,0
68,30,30.23,3067,Month-to-Month,0,0,Female,1,Fiber Optic,37.223,-119.001021,0,89.3,0,0,0,Offer E,0,0,1,0,Bank Withdrawal,1,0,0,1,1,1,0,1,1,89.3,0,30.23,0.0,119.53,1,1
73,20,34.24,4001,One Year,0,0,Male,1,DSL,33.9108,-117.398153,1,64.05,1,0,9,,1,0,0,1,Bank Withdrawal,1,0,1,4,1,1,1,0,61,3902.6,0,2088.64,0.0,5991.24,1,0
47,26,32.74,3809,Month-to-Month,0,0,Female,1,DSL,39.971228,-121.041166,0,55.0,0,0,0,,0,0,1,0,Credit Card,1,0,0,1,0,0,0,1,1,55.0,0,32.74,0.0,87.74,1,1
53,10,36.82,4017,Two Year,1,1,Female,1,Fiber Optic,33.766476,-117.969795,1,115.5,1,1,1,Offer A,1,1,1,1,Bank Withdrawal,1,1,1,4,0,1,1,1,72,8425.15,0,2651.04,42.29,11033.9,1,0
37,0,37.4,2233,One Year,1,0,Male,0,,33.850452,-117.726668,1,19.95,0,1,1,Offer D,0,0,0,1,Credit Card,1,0,1,3,0,0,0,0,22,433.5,0,822.8,0.0,1256.3,0,0
42,3,18.66,5945,Two Year,0,1,Female,1,Fiber Optic,34.199787,-118.68493,1,109.7,1,0,7,Offer A,1,1,0,1,Credit Card,1,0,1,4,0,1,1,1,72,8129.3,0,1343.52,0.0,9472.82,1,0
64,0,35.24,4517,Month-to-Month,0,0,Female,0,,35.710244,-118.881679,1,20.65,0,0,8,,0,0,1,1,Credit Card,1,0,1,4,0,0,0,0,1,20.65,0,35.24,0.0,55.89,0,0
33,7,21.03,4423,One Year,0,0,Female,1,DSL,38.392686,-120.415951,0,54.25,1,0,0,Offer D,1,0,1,0,Mailed Check,1,0,0,5,0,0,0,0,14,773.2,0,294.42,0.0,1067.62,1,0
30,0,5.84,4484,Month-to-Month,1,0,Female,0,,33.841027,-118.078097,1,20.45,0,1,3,Offer E,0,0,0,1,Credit Card,1,0,1,4,0,0,0,0,7,150.75,0,40.88,0.0,191.63,0,0
60,0,18.14,4220,One Year,0,0,Male,0,,38.646209,-121.52446,0,19.5,0,0,0,,0,0,0,0,Credit Card,1,0,0,4,0,0,0,0,44,835.5,0,798.16,0.0,1633.66,0,0
24,76,17.18,4850,One Year,0,0,Male,1,Fiber Optic,36.789213,-119.140338,0,81.7,1,0,0,,0,0,0,0,Credit Card,1,1,0,5,0,0,0,0,31,2548.65,0,532.58,0.0,3081.23,1,0
40,23,38.22,5770,Two Year,0,1,Female,1,DSL,33.60693,-117.644253,1,82.0,0,0,0,,0,1,1,1,Credit Card,1,1,0,3,0,1,1,1,71,5999.85,0,2713.62,0.0,8713.47,1,0
77,29,36.78,2097,Month-to-Month,0,0,Male,1,Fiber Optic,38.965804,-122.631779,0,85.0,0,0,0,,0,1,0,0,Bank Withdrawal,1,0,0,1,1,1,1,0,46,3969.4,0,1691.88,0.0,5661.28,1,1
76,10,47.34,4105,Month-to-Month,0,0,Male,1,Fiber Optic,32.85723,-117.209774,1,74.9,1,0,2,Offer C,0,0,1,1,Bank Withdrawal,1,0,1,2,1,0,0,0,32,2303.35,0,1514.88,0.0,3818.23,1,1
56,0,13.51,2067,Month-to-Month,0,0,Male,0,,37.375816,-119.739935,0,20.05,0,0,0,,0,0,0,0,Credit Card,1,0,0,5,0,0,0,0,1,20.05,0,13.51,0.0,33.56,0,0
33,28,9.21,4616,One Year,0,0,Male,1,Fiber Optic,34.038983,-117.991372,0,90.45,1,0,0,,1,0,0,0,Credit Card,1,0,0,3,0,1,1,0,63,5825.5,100,580.23,0.0,6505.73,0,0
80,17,14.49,4184,One Year,0,1,Male,1,Fiber Optic,33.570023,-117.773669,1,101.9,1,0,9,,1,1,1,1,Bank Withdrawal,1,0,1,3,1,0,0,1,50,5265.5,0,724.5,0.0,5990.0,1,0
62,0,28.28,2400,Month-to-Month,1,0,Female,0,,33.850452,-117.726668,1,19.0,0,1,1,Offer E,0,0,1,1,Credit Card,1,0,1,4,0,0,0,0,1,19.0,0,28.28,0.0,47.28,0,0
63,6,13.14,3999,Month-to-Month,0,0,Female,1,Fiber Optic,33.753146,-118.367459,0,80.05,1,0,0,Offer C,0,0,0,0,Credit Card,1,1,0,5,0,0,0,0,35,2835.9,0,459.9,0.0,3295.8,1,0
22,59,33.53,5866,One Year,0,0,Male,1,DSL,32.898613,-117.202937,0,55.15,0,0,0,,1,0,1,0,Credit Card,1,1,0,3,0,0,0,0,22,1193.05,0,737.66,0.0,1930.71,1,1
53,11,4.67,3947,Month-to-Month,0,0,Female,1,Fiber Optic,33.930199,-117.862898,0,80.15,0,0,0,Offer E,0,0,0,0,Credit Card,1,0,0,1,0,1,1,0,1,80.15,0,4.67,0.0,84.82,1,1
31,0,18.81,2810,Month-to-Month,0,0,Male,0,,37.013471,-121.877877,0,21.1,0,0,0,,0,0,0,0,Credit Card,1,0,0,5,0,0,0,0,1,21.1,0,18.81,0.0,39.91,0,0
45,14,9.85,2719,One Year,0,1,Female,1,Fiber Optic,33.944624,-118.192615,1,104.45,0,0,2,Offer B,1,1,1,1,Bank Withdrawal,1,0,1,3,0,1,1,1,41,4162.05,0,403.85,0.0,4565.9,1,0
79,24,48.02,4828,Month-to-Month,0,0,Male,1,Fiber Optic,34.213049,-118.317651,1,101.5,1,0,1,Offer C,0,0,1,1,Bank Withdrawal,1,1,1,5,1,1,0,1,30,2917.65,0,1440.6,0.0,4358.25,1,0
77,3,7.92,4113,Month-to-Month,0,1,Male,1,Fiber Optic,35.050345,-120.489599,1,106.35,1,0,3,,1,0,0,1,Bank Withdrawal,1,0,1,2,1,1,0,1,32,3520.75,0,253.44,0.0,3774.19,1,1
62,0,7.67,2610,Two Year,1,0,Male,0,,37.774633,-122.274434,1,19.75,0,3,0,,0,0,0,1,Credit Card,1,0,0,4,0,0,0,0,46,856.5,0,352.82,0.0,1209.32,0,0
35,14,11.5,4867,Month-to-Month,0,0,Male,1,Fiber Optic,32.782501,-117.01611,0,85.5,1,0,0,Offer E,0,0,1,0,Bank Withdrawal,1,0,0,5,0,0,0,1,9,791.7,0,103.5,0.0,895.2,1,0
60,5,20.11,3613,Month-to-Month,0,0,Male,1,DSL,36.785618,-120.625382,0,59.15,0,0,0,Offer E,0,1,1,0,Bank Withdrawal,1,0,0,3,0,1,1,0,6,336.7,0,120.66,0.0,457.36,1,0
76,5,43.04,5915,Month-to-Month,0,1,Female,1,Fiber Optic,40.789799,-121.474529,1,117.45,1,0,9,,1,1,0,1,Bank Withdrawal,1,1,1,1,1,1,0,1,48,5438.9,0,2065.92,0.0,7504.82,1,1
35,11,13.68,4469,Month-to-Month,0,0,Male,1,Fiber Optic,35.184837,-119.402525,1,70.4,0,0,1,,0,0,1,1,Bank Withdrawal,1,0,1,1,0,0,0,0,17,1214.05,0,232.56,0.0,1446.61,1,1
23,73,16.77,5108,Month-to-Month,1,0,Female,1,Cable,37.581496,-119.972762,0,69.4,0,3,0,Offer E,0,0,1,0,Credit Card,1,1,0,3,0,1,1,1,9,571.45,0,150.93,0.0,722.38,1,0
60,18,45.25,4219,Two Year,0,1,Male,1,DSL,37.421633,-122.009613,1,81.35,0,0,1,,1,1,0,1,Credit Card,1,0,1,3,0,1,1,1,67,5398.6,0,3031.75,0.0,8430.35,1,0
23,27,33.93,4995,One Year,0,1,Male,1,Fiber Optic,39.562239,-121.14836,1,99.25,0,0,4,Offer B,0,0,1,1,Credit Card,1,1,1,3,0,1,1,1,49,4920.8,0,1662.57,0.0,6583.37,1,0
25,48,24.01,5015,Month-to-Month,0,0,Male,1,Fiber Optic,38.002125,-121.324979,1,107.7,1,0,2,Offer A,1,1,1,1,Bank Withdrawal,1,1,1,3,0,1,1,1,68,7320.9,0,1632.68,0.0,8953.58,1,0
21,58,2.12,4792,Two Year,0,1,Male,1,Cable,33.001813,-117.263628,1,67.85,0,0,5,Offer A,0,1,0,1,Credit Card,1,1,1,3,0,1,1,0,67,4627.65,0,142.04,0.0,4769.69,1,0
75,16,36.83,5556,Month-to-Month,0,0,Female,1,DSL,38.646096,-121.442433,0,59.4,0,0,0,,0,0,0,0,Bank Withdrawal,1,1,0,1,1,0,0,1,16,1023.9,0,589.28,0.0,1613.18,1,1
40,19,8.0,4113,One Year,1,0,Male,1,Cable,41.280478,-121.160249,1,53.65,0,1,2,,1,1,0,1,Credit Card,1,0,1,4,0,0,0,0,36,1939.35,0,288.0,0.0,2227.35,1,0
39,3,44.65,4729,Month-to-Month,0,0,Male,1,Cable,34.102084,-118.451629,1,61.35,1,0,3,,1,0,0,1,Bank Withdrawal,1,1,1,3,0,0,0,0,52,3169.55,0,2321.8,0.0,5491.35,1,0
29,71,27.34,5510,Month-to-Month,0,1,Male,1,Fiber Optic,34.757783,-117.33997,0,73.6,0,0,0,,0,0,1,0,Credit Card,1,0,0,5,0,0,0,0,3,232.5,10,82.02,0.0,324.52,0,0
33,0,32.34,3266,Month-to-Month,0,0,Male,0,,36.141319,-119.129075,0,20.65,0,0,0,Offer E,0,0,0,0,Credit Card,1,0,0,5,0,0,0,0,6,109.3,0,194.04,0.0,303.34,0,0
30,85,31.27,5274,Month-to-Month,0,1,Male,1,Fiber Optic,35.073777,-118.652112,0,99.25,1,0,0,Offer C,0,0,1,0,Bank Withdrawal,1,0,0,1,0,1,1,1,38,3777.15,0,1188.26,0.0,4965.41,1,1
71,11,41.97,5711,Two Year,0,0,Male,1,Fiber Optic,36.623632,-119.741322,1,89.0,0,0,8,,0,0,1,1,Bank Withdrawal,1,0,1,4,1,1,1,1,7,605.45,0,293.79,0.0,899.24,1,0
56,0,15.51,2019,Two Year,1,0,Male,0,,34.089953,-118.294824,1,19.85,0,1,5,,0,0,0,1,Credit Card,1,0,1,3,0,0,0,0,10,198.5,0,155.1,0.0,353.6,0,0
22,48,0.0,4033,Month-to-Month,0,0,Male,1,DSL,37.4695,-120.672724,0,24.9,0,0,0,,0,0,1,0,Credit Card,0,0,0,3,0,0,0,0,2,49.7,10,0.0,0.0,59.7,0,0
39,20,8.1,4843,Month-to-Month,1,0,Female,1,Fiber Optic,38.834469,-122.127193,1,75.85,0,1,10,,0,0,1,1,Bank Withdrawal,1,1,1,5,0,0,0,0,9,647.5,0,72.9,0.0,720.4,1,0
26,82,2.02,3573,Month-to-Month,0,0,Male,1,Fiber Optic,36.315979,-119.710852,1,85.25,1,0,1,Offer D,0,0,1,1,Bank Withdrawal,1,0,1,3,0,1,1,0,10,855.3,100,20.2,0.0,975.5,0,1
21,52,33.25,4111,One Year,0,1,Male,1,Fiber Optic,36.959731,-120.653519,1,90.95,0,0,1,Offer B,1,0,0,1,Bank Withdrawal,1,0,1,3,0,0,1,1,60,5453.4,0,1995.0,0.0,7448.4,1,1
75,24,0.0,3162,Two Year,0,1,Female,1,DSL,35.55647,-118.244914,0,39.7,0,0,0,Offer D,0,1,0,0,Credit Card,0,1,0,4,1,0,0,0,14,692.35,0,0.0,0.0,692.35,1,0
46,27,0.0,5119,Two Year,0,1,Female,1,DSL,38.823278,-121.281856,1,61.4,0,0,2,Offer A,1,0,1,1,Credit Card,0,1,1,4,0,1,1,1,71,4310.35,0,0.0,0.0,4310.35,1,0
23,73,25.46,5027,One Year,0,1,Female,1,Fiber Optic,41.083464,-121.107929,1,105.7,1,0,2,Offer A,1,0,1,1,Bank Withdrawal,1,0,1,4,0,1,1,1,67,6816.95,0,1705.82,0.0,8522.77,1,0
61,7,0.0,5473,Month-to-Month,0,0,Male,1,DSL,34.255442,-118.421314,0,24.95,0,0,0,,0,0,1,0,Bank Withdrawal,0,0,0,5,0,0,0,0,9,190.25,0,0.0,0.0,190.25,1,0
57,11,5.76,4982,Two Year,0,1,Male,1,Fiber Optic,38.815515,-120.916997,1,108.6,1,0,1,Offer A,1,0,1,1,Credit Card,1,1,1,1,0,1,1,1,71,7690.9,20,408.96,0.0,8119.86,0,1
62,75,17.29,5434,One Year,1,1,Male,1,Fiber Optic,40.809636,-124.189977,1,100.0,1,3,9,Offer C,0,0,0,1,Bank Withdrawal,1,0,1,3,0,1,1,1,39,3835.55,0,674.31,0.0,4509.86,1,0
50,0,14.91,3398,Two Year,0,0,Male,0,,36.977025,-121.952864,0,20.05,0,0,0,,0,0,1,0,Bank Withdrawal,1,0,0,5,0,0,0,0,32,614.45,0,477.12,9.73,1081.84,0,0
41,30,49.35,5709,Two Year,0,1,Male,1,Fiber Optic,34.037251,-118.423573,0,97.65,1,0,0,Offer A,1,0,1,0,Credit Card,1,1,0,3,0,0,0,1,69,6743.55,0,3405.15,0.0,10148.7,1,0
49,0,45.75,5940,Two Year,0,0,Male,0,,37.339533,-121.777179,1,20.25,0,0,10,,0,0,0,1,Bank Withdrawal,1,0,1,5,0,0,0,0,42,835.5,0,1921.5,0.0,2757.0,0,0
45,13,21.58,6177,Two Year,0,1,Male,1,DSL,36.751489,-119.68072,1,76.15,1,0,2,Offer B,0,1,0,1,Bank Withdrawal,1,1,1,4,0,1,1,0,65,4929.55,0,1402.7,0.0,6332.25,1,0
51,30,14.63,4511,Two Year,0,1,Male,1,Fiber Optic,34.278697,-119.167798,0,114.95,1,0,0,Offer A,1,1,1,0,Bank Withdrawal,1,1,0,3,0,1,1,1,70,7711.25,0,1024.1,0.0,8735.35,1,0
48,0,49.58,6061,One Year,0,0,Female,0,,34.001617,-118.222274,1,20.45,0,0,5,Offer B,0,0,0,1,Bank Withdrawal,1,0,1,3,0,0,0,0,49,900.9,0,2429.42,0.0,3330.32,0,0
57,19,11.54,5124,Month-to-Month,1,0,Male,1,Fiber Optic,32.980678,-116.262854,1,80.15,1,1,1,,1,0,1,1,Bank Withdrawal,1,0,1,1,0,0,0,0,5,385.0,0,57.7,0.0,442.7,1,1
55,0,3.07,3274,Month-to-Month,1,0,Male,0,,34.167926,-118.267539,0,20.8,0,3,0,,0,0,0,0,Credit Card,1,0,0,5,0,0,0,0,25,460.2,0,76.75,21.81,515.14,0,0
75,11,41.9,3501,Month-to-Month,0,0,Female,1,Fiber Optic,37.820894,-122.369725,0,79.4,1,0,0,,1,0,1,0,Bank Withdrawal,1,0,0,1,1,0,0,0,3,205.05,0,125.7,0.0,330.75,1,1
29,0,17.88,5247,One Year,0,0,Female,0,,39.342587,-121.249833,0,19.35,0,0,0,,0,0,1,0,Mailed Check,1,0,0,3,0,0,0,0,50,1033.0,0,894.0,29.5,1897.5,0,0
36,25,23.24,4793,Month-to-Month,0,1,Female,1,Fiber Optic,34.10097,-117.57882,1,89.1,1,0,1,,0,0,1,1,Bank Withdrawal,1,0,1,1,0,1,1,0,25,2368.4,0,581.0,0.0,2949.4,1,1
26,30,45.93,4495,Two Year,1,1,Male,1,Fiber Optic,37.573633,-122.455167,1,103.95,1,2,1,Offer A,1,1,0,1,Credit Card,1,1,1,3,0,1,1,0,72,7517.7,0,3306.96,0.0,10824.66,1,0
38,23,49.04,4292,Month-to-Month,0,0,Male,1,Cable,37.590421,-122.306467,0,51.65,0,0,0,,0,1,1,0,Credit Card,1,0,0,4,0,0,0,0,10,524.5,0,490.4,0.0,1014.9,1,0
62,0,23.17,5878,Two Year,0,0,Male,0,,37.750553,-122.197175,0,19.65,0,0,0,,0,0,0,0,Bank Withdrawal,1,0,0,3,0,0,0,0,53,978.0,0,1228.01,0.0,2206.01,0,0
64,5,36.17,4696,Month-to-Month,0,0,Male,1,Fiber Optic,32.782501,-117.01611,0,75.25,1,0,0,Offer C,0,0,0,0,Bank Withdrawal,1,0,0,3,0,0,0,0,39,3017.65,0,1410.63,0.0,4428.28,1,1
43,4,5.79,3771,Month-to-Month,0,0,Male,1,DSL,41.769709,-121.92063,0,55.3,1,0,0,,1,0,0,0,Bank Withdrawal,1,0,0,5,0,0,0,0,16,875.35,0,92.64,0.0,967.99,1,0
29,53,31.88,2333,Month-to-Month,0,0,Female,1,DSL,35.652242,-119.4464,1,69.1,0,0,7,Offer B,1,0,1,1,Credit Card,1,0,1,5,0,1,1,1,46,3168.0,0,1466.48,0.0,4634.48,1,0
23,0,4.92,5355,Month-to-Month,0,0,Female,0,,41.269521,-123.546958,0,18.75,0,0,0,,0,0,0,0,Bank Withdrawal,1,0,0,4,0,0,0,0,2,53.15,0,9.84,0.0,62.99,0,0
19,0,1.57,4050,Month-to-Month,0,0,Male,0,,39.53222,-122.594879,0,20.25,0,0,0,,0,0,1,0,Bank Withdrawal,1,0,0,5,0,0,0,0,3,61.45,0,4.71,0.0,66.16,0,0
66,25,39.77,2003,Two Year,0,0,Male,1,Fiber Optic,38.53508,-121.444144,0,74.05,1,0,0,Offer E,0,0,1,0,Bank Withdrawal,1,0,0,5,1,0,0,0,9,678.45,0,357.93,0.0,1036.38,1,0
40,24,13.58,5020,Month-to-Month,1,1,Female,1,DSL,34.044271,-118.185237,0,59.2,0,3,0,,0,0,0,0,Bank Withdrawal,1,0,0,1,0,1,1,0,1,59.2,0,13.58,0.0,72.78,1,1
57,19,18.84,4207,Month-to-Month,0,0,Male,1,Fiber Optic,36.554618,-121.922239,1,71.0,0,0,1,Offer E,0,0,1,1,Bank Withdrawal,1,0,1,2,0,0,0,0,1,71.0,0,18.84,0.0,89.84,1,1
55,4,5.27,2241,Month-to-Month,0,0,Male,1,Fiber Optic,39.435756,-121.552071,0,95.9,0,0,0,,1,0,1,0,Bank Withdrawal,1,0,0,1,0,1,1,1,25,2448.75,0,131.75,0.0,2580.5,1,1
79,25,1.06,3754,One Year,0,1,Female,1,Fiber Optic,32.853743,-117.25034,0,82.65,1,0,0,Offer D,0,0,1,0,Credit Card,1,0,0,4,1,0,0,0,17,1470.05,0,18.02,0.0,1488.07,1,0
54,57,27.93,4975,Two Year,1,0,Male,1,DSL,33.829583,-116.474131,1,69.7,1,3,9,,1,1,0,1,Bank Withdrawal,1,0,1,3,0,1,1,0,53,3686.05,0,1480.29,0.0,5166.34,1,0
51,28,45.66,5367,Month-to-Month,0,0,Male,1,Fiber Optic,37.555473,-122.080312,0,69.9,0,0,0,Offer E,0,0,1,0,Bank Withdrawal,1,0,0,3,0,0,0,0,1,69.9,0,45.66,0.0,115.56,1,1
64,13,21.65,5644,Month-to-Month,0,0,Female,1,Fiber Optic,33.982787,-117.057627,1,68.95,0,0,1,Offer E,0,0,1,1,Bank Withdrawal,1,0,1,2,0,0,0,0,1,68.95,0,21.65,0.0,90.6,1,1
60,13,10.13,4534,Two Year,0,1,Female,1,Fiber Optic,38.578807,-123.19338,1,103.2,1,0,10,,0,0,0,1,Bank Withdrawal,1,1,1,5,0,1,1,1,56,5744.35,0,567.28,0.0,6311.63,1,0
48,8,7.96,4529,One Year,0,0,Male,1,DSL,34.00709,-118.258681,0,56.15,0,0,0,Offer B,1,1,0,0,Bank Withdrawal,1,0,0,4,0,0,0,0,62,3487.95,0,493.52,0.0,3981.47,1,0
62,0,5.57,3779,One Year,0,0,Male,0,,37.454924,-122.203168,0,25.3,1,0,0,Offer C,0,0,0,0,Bank Withdrawal,1,0,0,3,0,0,0,0,25,676.35,0,139.25,0.0,815.6,0,1
25,0,19.23,4725,Two Year,0,0,Female,0,,33.906496,-116.569499,0,20.65,0,0,0,Offer B,0,0,0,0,Bank Withdrawal,1,0,0,3,0,0,0,0,51,1020.75,0,980.73,19.32,1982.16,0,0
46,21,19.1,6325,One Year,0,1,Female,1,DSL,37.287758,-119.548156,1,74.1,0,0,7,,1,1,0,1,Credit Card,1,1,1,3,0,1,1,0,70,5222.3,0,1337.0,0.0,6559.3,1,0
22,52,40.03,2789,Month-to-Month,1,0,Female,1,DSL,35.369553,-120.763864,0,51.0,0,1,0,,0,0,1,0,Credit Card,1,1,0,4,0,0,0,0,5,286.8,0,200.15,0.0,486.95,0,0
61,28,6.34,4697,Month-to-Month,0,0,Male,1,Cable,33.688546,-117.788091,0,50.2,0,0,0,,0,0,1,0,Credit Card,1,1,0,4,0,0,0,0,2,109.25,10,12.68,0.0,131.93,0,0
51,26,26.15,4138,Month-to-Month,0,0,Female,1,DSL,37.750021,-122.415201,0,44.0,0,0,0,,0,0,1,0,Credit Card,1,0,0,4,0,0,0,0,1,44.0,0,26.15,0.0,70.15,1,0
70,7,0.0,4049,Two Year,0,1,Male,1,DSL,35.591387,-121.032256,1,64.95,0,0,1,Offer A,1,1,1,1,Credit Card,0,1,1,3,1,1,0,1,72,4546.0,30,0.0,0.0,4576.0,0,0
68,26,3.19,5116,Two Year,0,0,Male,1,Cable,39.117537,-122.284654,1,64.2,1,0,2,,1,1,0,1,Bank Withdrawal,1,1,1,4,1,0,0,0,7,475.0,0,22.33,0.0,497.33,1,0
35,30,37.55,5043,One Year,0,1,Male,1,DSL,34.127621,-117.717863,0,65.0,1,0,0,Offer B,0,0,0,0,Mailed Check,1,0,0,4,0,1,1,0,41,2531.8,140,1539.55,0.0,4211.35,0,0
80,4,31.11,4993,Two Year,0,0,Male,1,Fiber Optic,37.245505,-118.062943,1,98.9,1,0,8,,1,0,1,1,Bank Withdrawal,1,0,1,3,1,1,0,1,58,5780.7,0,1804.38,0.0,7585.08,1,0
76,20,12.96,4486,Month-to-Month,0,1,Male,1,Fiber Optic,39.562239,-121.14836,0,95.1,0,0,0,Offer E,1,0,1,0,Credit Card,1,1,0,3,1,1,0,0,2,180.25,0,25.92,0.0,206.17,1,1
26,47,34.69,2401,Month-to-Month,0,1,Male,1,DSL,37.95338,-122.076886,0,56.75,0,0,0,Offer E,0,1,0,0,Bank Withdrawal,1,0,0,3,0,0,0,0,4,245.15,0,138.76,0.0,383.91,1,0
61,4,0.0,4987,Two Year,0,0,Male,1,Cable,36.362741,-121.869685,1,39.0,0,0,6,,0,0,1,1,Bank Withdrawal,0,1,1,4,0,0,0,1,62,2337.45,0,0.0,0.0,2337.45,1,0
19,51,45.72,3843,Month-to-Month,0,1,Male,1,Cable,37.32886,-121.834567,0,66.4,0,0,0,,1,0,1,0,Credit Card,1,0,0,5,0,0,1,1,33,2245.4,0,1508.76,0.0,3754.16,0,0
30,53,20.5,4765,One Year,0,0,Male,1,Cable,39.732767,-122.042298,1,69.1,1,0,1,Offer B,0,1,1,1,Credit Card,1,1,1,3,0,1,1,0,59,4096.9,0,1209.5,0.0,5306.4,1,0
22,73,41.61,4461,One Year,0,1,Female,1,Fiber Optic,35.536115,-120.739231,1,103.7,1,0,1,Offer C,0,1,1,1,Mailed Check,1,0,1,2,0,1,1,1,33,3467.0,0,1373.13,0.0,4840.13,1,1
39,6,5.51,6286,Two Year,0,1,Male,1,Cable,38.471049,-123.015549,1,86.1,0,0,7,Offer A,1,1,1,1,Bank Withdrawal,1,1,1,4,0,1,1,1,71,6045.9,0,391.21,0.0,6437.11,1,0
65,0,34.39,4327,One Year,0,0,Female,0,,36.464635,-119.094348,0,20.05,0,0,0,,0,0,1,0,Credit Card,1,0,0,3,1,0,0,0,22,417.0,0,756.58,0.0,1173.58,0,0
27,46,21.07,5561,One Year,0,1,Female,1,Fiber Optic,34.10097,-117.57882,1,93.5,0,0,2,Offer B,1,1,1,1,Bank Withdrawal,1,0,1,3,0,0,0,1,51,4619.55,0,1074.57,0.0,5694.12,1,0
61,11,0.0,5990,Month-to-Month,0,1,Female,1,DSL,37.321233,-120.656354,0,53.4,0,0,0,,0,0,1,0,Credit Card,0,1,0,5,0,1,1,1,67,3579.15,0,0.0,0.0,3579.15,1,0
33,0,10.54,5322,One Year,0,0,Male,0,,37.266388,-122.26308,0,19.15,0,0,0,,0,0,0,0,Credit Card,1,0,0,5,0,0,0,0,6,124.4,0,63.24,0.0,187.64,0,0
42,25,35.97,4804,Month-to-Month,0,1,Female,1,Fiber Optic,33.819385,-117.600213,0,106.4,1,0,0,Offer B,1,0,1,0,Bank Withdrawal,1,0,0,1,0,1,1,1,47,5127.95,0,1690.59,0.0,6818.54,0,1
70,10,45.13,3199,Two Year,0,1,Female,1,Fiber Optic,36.008958,-118.891593,1,102.05,1,0,1,,0,0,0,1,Bank Withdrawal,1,0,1,5,1,1,1,1,35,3452.55,0,1579.55,0.0,5032.1,1,0
25,0,37.85,4166,One Year,0,0,Female,0,,40.080342,-120.957805,1,20.8,0,0,1,Offer B,0,0,0,1,Bank Withdrawal,1,0,1,3,0,0,0,0,53,1021.8,0,2006.05,0.0,3027.85,0,1
37,0,38.73,6271,Two Year,0,0,Male,0,,34.050198,-118.210946,0,20.75,0,0,0,,0,0,0,0,Credit Card,1,0,0,3,0,0,0,0,57,1118.8,0,2207.61,0.0,3326.41,0,0
61,30,43.01,4605,One Year,1,1,Female,1,Fiber Optic,32.68674,-117.186612,1,105.2,1,3,2,,1,0,1,1,Credit Card,1,0,1,4,0,1,1,1,58,6225.4,0,2494.58,34.83,8685.15,1,0
24,59,5.3,5310,Month-to-Month,0,0,Female,1,DSL,34.066964,-117.937007,0,54.45,1,0,0,,0,1,0,0,Mailed Check,1,0,0,3,0,0,0,0,68,3687.75,0,360.4,0.0,4048.15,1,0
42,3,32.02,4454,Month-to-Month,0,0,Female,1,DSL,34.167465,-118.165327,0,54.2,1,0,0,,1,0,1,0,Bank Withdrawal,1,0,0,5,0,0,0,0,32,1739.6,0,1024.64,0.0,2764.24,1,0
26,76,9.5,4644,Two Year,0,1,Female,1,Cable,33.744119,-118.31448,1,91.05,1,0,3,Offer A,1,1,0,1,Credit Card,1,1,1,3,0,1,1,1,71,6293.75,0,674.5,0.0,6968.25,1,0
40,16,0.0,5578,Month-to-Month,0,0,Male,1,DSL,32.825086,-117.199424,0,25.5,0,0,0,,0,0,0,0,Mailed Check,0,0,0,2,0,0,0,0,8,215.2,0,0.0,0.0,215.2,1,1
47,16,38.92,5629,One Year,1,1,Female,1,Fiber Optic,37.070177,-122.010077,1,84.45,1,1,7,,0,1,0,1,Bank Withdrawal,1,0,1,3,0,0,0,0,69,5848.6,40,2685.48,0.0,8574.08,0,0
64,22,39.74,4664,Month-to-Month,0,1,Female,1,Fiber Optic,37.474396,-120.875917,1,100.05,1,0,1,,0,0,1,1,Bank Withdrawal,1,0,1,1,0,1,1,1,30,3046.15,0,1192.2,0.0,4238.35,1,1
38,12,18.97,3598,Month-to-Month,1,0,Male,1,Cable,37.348129,-121.98469,1,55.7,1,1,3,,0,0,1,1,Credit Card,1,1,1,3,0,0,0,0,5,259.4,0,94.85,0.0,354.25,1,0
51,20,17.17,5563,One Year,0,1,Male,1,Fiber Optic,40.059385,-122.091481,1,115.65,1,0,1,Offer A,1,1,0,1,Credit Card,1,1,1,2,0,1,1,1,70,7968.85,10,1201.9,0.0,9180.75,0,1
44,19,0.0,5646,One Year,0,0,Male,1,Cable,33.581045,-117.14719,0,30.75,0,0,0,,0,1,1,0,Bank Withdrawal,0,0,0,3,0,0,0,0,46,1489.3,0,0.0,0.0,1489.3,1,0
61,24,32.59,5671,Two Year,1,1,Male,1,Fiber Optic,37.941456,-122.320968,1,114.7,1,1,5,Offer A,1,1,1,1,Bank Withdrawal,1,1,1,3,0,1,1,1,68,7849.85,0,2216.12,0.0,10065.97,1,0
59,4,43.01,2313,One Year,0,1,Female,1,Cable,41.081847,-122.700545,0,85.35,0,0,0,,1,1,0,0,Bank Withdrawal,1,1,0,2,0,1,1,1,30,2530.4,20,1290.3,0.0,3840.7,0,1
55,0,13.27,4325,Month-to-Month,0,0,Male,0,,32.578103,-117.012975,0,20.2,0,0,0,,0,0,1,0,Mailed Check,1,0,0,1,0,0,0,0,1,20.2,0,13.27,0.0,33.47,0,1
29,0,24.17,5625,Two Year,0,0,Male,0,,38.982373,-122.047751,0,19.5,0,0,0,Offer B,0,0,0,0,Credit Card,1,0,0,5,0,0,0,0,53,1050.5,0,1281.01,0.0,2331.51,0,0
22,42,15.77,4838,Month-to-Month,0,0,Male,1,Fiber Optic,33.752524,-118.210737,0,69.7,0,0,0,Offer D,0,0,1,0,Credit Card,1,0,0,3,0,0,0,0,22,1490.4,0,346.94,0.0,1837.34,1,0
42,0,20.11,3107,Month-to-Month,0,0,Female,0,,36.587497,-121.944815,0,19.5,0,0,0,Offer E,0,0,0,0,Credit Card,1,0,0,5,0,0,0,0,1,19.5,0,20.11,0.0,39.61,0,0
61,0,14.37,4577,Month-to-Month,1,0,Male,0,,37.007882,-122.065975,0,20.35,0,1,0,,0,0,0,0,Credit Card,1,0,0,3,0,0,0,0,8,178.7,0,114.96,0.0,293.66,0,0
33,0,34.8,5252,Month-to-Month,0,0,Female,0,,36.936228,-121.785559,0,19.95,0,0,0,,0,0,0,0,Credit Card,1,0,0,3,0,0,0,0,5,109.6,0,174.0,0.0,283.6,0,0
56,57,0.0,3001,Month-to-Month,1,0,Male,1,DSL,37.238758,-121.828375,0,24.75,0,3,0,,0,0,0,0,Bank Withdrawal,0,0,0,1,0,0,0,0,1,24.75,0,0.0,0.0,24.75,1,1
61,0,25.21,5408,Two Year,0,0,Female,0,,34.137411,-118.328915,1,24.95,1,0,10,,0,0,0,1,Credit Card,1,0,1,3,0,0,0,0,34,894.3,0,857.14,0.0,1751.44,0,0
41,23,34.04,4138,Month-to-Month,0,0,Female,1,DSL,37.458367,-119.345011,0,52.2,0,0,0,,0,0,1,0,Bank Withdrawal,1,1,0,1,0,0,0,0,1,52.2,0,34.04,0.0,86.24,1,1
28,0,14.93,5431,Two Year,1,0,Male,0,,37.555473,-122.080312,1,19.7,0,1,3,Offer B,0,0,1,1,Bank Withdrawal,1,0,1,5,0,0,0,0,64,1274.05,0,955.52,0.0,2229.57,0,0
64,2,10.26,5584,Two Year,0,0,Female,1,Fiber Optic,32.805518,-117.169052,0,98.8,0,0,0,,1,0,1,0,Bank Withdrawal,1,1,0,4,0,1,1,1,41,3959.15,0,420.66,27.09,4352.72,1,0
58,27,1.28,3718,Month-to-Month,0,0,Male,1,DSL,36.460611,-121.852507,0,50.8,0,0,0,Offer E,1,0,0,0,Bank Withdrawal,1,0,0,1,0,0,0,0,1,50.8,0,1.28,0.0,52.08,1,1
37,29,0.0,4458,One Year,0,1,Female,1,Cable,40.839958,-124.003757,0,54.2,0,0,0,Offer C,0,0,0,0,Bank Withdrawal,0,1,0,3,0,1,1,1,25,1423.15,0,0.0,0.0,1423.15,1,0
53,9,42.09,5773,Month-to-Month,0,0,Female,1,Fiber Optic,36.807595,-118.901544,0,70.15,0,0,0,Offer E,0,0,1,0,Credit Card,1,0,0,1,0,0,0,0,1,70.15,0,42.09,0.0,112.24,1,1
19,73,45.04,2804,Month-to-Month,0,1,Female,1,DSL,39.531028,-121.24807,0,64.1,0,0,0,,0,0,0,0,Mailed Check,1,1,0,5,0,1,1,0,8,504.05,10,360.32,0.0,874.37,0,0
38,0,26.64,6146,Two Year,0,0,Female,0,,38.208336,-120.339938,1,24.95,1,0,2,Offer A,0,0,1,1,Credit Card,1,0,1,5,0,0,0,0,68,1614.9,0,1811.52,0.0,3426.42,0,0
61,6,0.0,5656,One Year,0,0,Female,1,Cable,40.390301,-123.412327,1,51.25,0,0,2,Offer B,1,1,1,1,Bank Withdrawal,0,1,1,3,0,0,0,1,43,2151.6,0,0.0,0.0,2151.6,1,0
39,26,43.7,4102,Month-to-Month,1,1,Female,1,Fiber Optic,41.737962,-123.07557,1,104.5,1,1,4,,0,1,1,1,Credit Card,1,0,1,3,0,1,1,1,36,3684.95,0,1573.2,0.0,5258.15,1,0
70,11,49.76,2104,Month-to-Month,0,1,Male,1,Fiber Optic,34.159007,-118.087353,1,104.25,1,0,3,Offer C,1,0,1,1,Bank Withdrawal,1,0,1,1,1,1,1,1,24,2433.9,0,1194.24,0.0,3628.14,1,1
19,48,23.02,4686,One Year,1,1,Female,1,Fiber Optic,39.025867,-123.381544,1,105.1,1,3,1,Offer A,1,1,1,1,Credit Card,1,1,1,3,0,0,0,1,69,7234.8,110,1588.38,0.0,8933.18,0,0
72,21,12.91,5754,Two Year,0,1,Male,1,Fiber Optic,38.966713,-123.586412,1,113.6,1,0,7,Offer B,1,0,1,1,Bank Withdrawal,1,1,1,5,1,1,0,1,55,6292.7,0,710.05,0.0,7002.75,1,0
21,51,0.0,5775,Month-to-Month,0,1,Male,1,DSL,37.776523,-122.219268,0,49.25,0,0,0,Offer E,0,0,1,0,Bank Withdrawal,0,0,0,3,0,1,1,1,2,90.35,0,0.0,0.0,90.35,1,1
52,26,27.68,4978,One Year,0,0,Female,1,DSL,38.060264,-122.830646,0,55.7,0,0,0,,0,1,0,0,Credit Card,1,1,0,4,0,0,0,0,14,795.15,100,387.52,0.0,1282.67,0,0
42,0,1.91,5707,Month-to-Month,0,0,Male,0,,41.950683,-124.097094,0,19.7,0,0,0,,0,0,0,0,Mailed Check,1,0,0,2,0,0,0,0,1,19.7,0,1.91,0.0,21.61,0,1
46,27,0.0,3747,Month-to-Month,0,0,Female,1,DSL,32.825086,-117.199424,1,29.2,0,0,1,,1,0,0,1,Mailed Check,0,0,1,1,0,0,0,0,12,309.1,0,0.0,0.0,309.1,1,1
24,41,22.07,4164,Month-to-Month,0,0,Female,1,DSL,34.130992,-118.894673,0,50.55,0,0,0,,0,1,1,0,Bank Withdrawal,1,0,0,4,0,0,0,0,4,235.65,0,88.28,0.0,323.93,1,0
50,4,16.34,3173,Month-to-Month,0,0,Male,1,DSL,34.178068,-118.615714,0,45.55,0,0,0,Offer E,0,0,1,0,Mailed Check,1,0,0,4,0,0,0,0,1,45.55,0,16.34,0.0,61.89,1,0
77,16,7.11,5052,One Year,0,1,Male,1,Fiber Optic,38.489789,-122.27011,1,103.75,1,0,1,,1,0,1,1,Bank Withdrawal,1,0,1,1,1,1,1,1,62,6383.35,0,440.82,0.0,6824.17,1,1
40,0,32.22,4163,One Year,0,0,Male,0,,36.931654,-121.752383,0,25.45,1,0,0,Offer A,0,0,0,0,Bank Withdrawal,1,0,0,3,0,0,0,0,66,1699.15,0,2126.52,0.0,3825.67,0,0
22,59,23.2,4172,Month-to-Month,1,1,Female,1,DSL,33.174725,-116.743329,1,67.45,1,1,6,,1,1,1,1,Bank Withdrawal,1,0,1,3,0,0,0,0,66,4508.65,0,1531.2,41.67,5998.18,1,0
19,82,0.0,4865,One Year,0,0,Female,1,Cable,37.454924,-122.203168,1,35.8,0,0,1,,0,1,1,1,Credit Card,0,1,1,4,0,0,0,0,49,1782.0,0,0.0,0.0,1782.0,1,0
59,12,0.0,2553,Month-to-Month,0,1,Female,1,Cable,33.362575,-117.299644,0,33.45,0,0,0,Offer C,0,0,1,0,Credit Card,0,1,0,5,0,0,0,0,35,1175.85,30,0.0,0.0,1205.85,0,0
20,59,38.37,5082,One Year,0,1,Male,1,Cable,39.408634,-123.045516,0,68.8,1,0,0,,1,1,0,0,Bank Withdrawal,1,1,0,3,0,0,0,0,63,4111.35,0,2417.31,0.0,6528.66,1,0
63,2,21.82,5531,Two Year,0,1,Female,1,DSL,32.984395,-117.013454,0,88.15,1,0,0,,1,1,1,0,Bank Withdrawal,1,1,0,3,0,1,1,1,68,6148.45,0,1483.76,36.29,7595.92,1,0
53,0,11.61,5384,Month-to-Month,0,0,Male,0,,36.303793,-119.375646,0,20.45,0,0,0,,0,0,1,0,Mailed Check,1,0,0,3,0,0,0,0,1,20.45,0,11.61,0.0,32.06,0,0
76,27,45.13,2926,Two Year,1,0,Male,1,Fiber Optic,38.311609,-121.554034,0,80.45,1,2,0,,0,1,1,0,Credit Card,1,0,0,3,1,0,0,0,38,3162.65,0,1714.94,0.0,4877.59,1,0
43,52,42.93,3857,Month-to-Month,1,1,Female,1,Fiber Optic,41.468877,-120.54229,0,91.1,0,3,0,,0,0,1,0,Bank Withdrawal,1,1,0,3,0,0,0,1,10,964.35,0,429.3,0.0,1393.65,1,0
45,0,32.12,4425,Two Year,1,0,Male,0,,37.555631,-120.911653,1,20.95,0,2,9,,0,0,1,1,Bank Withdrawal,1,0,1,5,0,0,0,0,60,1270.55,0,1927.2,0.0,3197.75,0,0
39,16,15.24,5488,One Year,0,0,Male,1,DSL,35.989792,-121.055933,1,59.8,0,0,6,Offer B,0,1,1,1,Credit Card,1,0,1,3,0,0,0,1,60,3561.15,0,914.4,0.0,4475.55,1,0
50,0,39.34,5347,Two Year,0,0,Male,0,,38.375325,-121.507935,0,19.45,0,0,0,Offer D,0,0,0,0,Credit Card,1,0,0,4,0,0,0,0,17,369.05,0,668.78,0.0,1037.83,0,0
25,73,2.34,5620,Month-to-Month,0,0,Female,1,DSL,34.269449,-118.768471,1,71.05,0,0,10,,1,1,1,1,Credit Card,1,1,1,4,0,1,1,0,25,1837.7,0,58.5,28.08,1868.12,1,0
43,12,29.6,4709,One Year,0,1,Female,1,Fiber Optic,34.279221,-119.221437,1,81.25,0,0,1,,0,1,1,1,Credit Card,1,0,1,3,0,0,0,0,59,4639.45,0,1746.4,0.0,6385.85,1,0
39,6,25.68,5207,Month-to-Month,0,0,Male,1,Fiber Optic,36.362741,-121.869685,0,99.65,1,0,0,Offer C,1,0,1,0,Bank Withdrawal,1,0,0,3,0,1,1,1,24,2404.85,0,616.32,0.0,3021.17,1,0
58,9,36.3,4252,Two Year,0,0,Male,1,Fiber Optic,38.735789,-119.85798,1,94.8,0,0,8,Offer B,1,0,1,1,Bank Withdrawal,1,0,1,4,0,1,1,1,49,4690.65,70,1778.7,0.0,6539.35,0,0
39,17,32.73,4634,Month-to-Month,1,0,Male,1,Fiber Optic,39.597975,-122.032248,1,75.1,0,1,7,,0,1,0,1,Mailed Check,1,0,1,4,0,0,0,0,15,1151.55,0,490.95,0.0,1642.5,1,0
21,0,23.41,2539,One Year,0,0,Male,0,,38.196497,-120.61689,1,19.65,0,0,1,Offer E,0,0,0,1,Mailed Check,1,0,1,3,0,0,0,0,1,19.65,0,23.41,0.0,43.06,0,0
80,30,22.14,4788,Month-to-Month,0,1,Male,1,Fiber Optic,34.015217,-118.109962,1,93.8,1,0,1,Offer B,0,1,1,1,Bank Withdrawal,1,0,1,1,1,0,0,1,51,4750.95,0,1129.14,0.0,5880.09,1,1
34,0,44.69,5404,Two Year,0,0,Female,0,,32.707892,-117.05512,0,20.55,0,0,0,,0,0,1,0,Credit Card,1,0,0,4,0,0,0,0,47,945.7,0,2100.43,0.0,3046.13,0,0
44,10,19.49,5811,Month-to-Month,0,1,Male,1,Fiber Optic,41.163637,-123.704841,0,94.7,0,0,0,,0,0,1,0,Bank Withdrawal,1,0,0,1,0,1,1,1,8,740.3,80,155.92,0.0,976.22,0,1
36,20,18.0,4163,One Year,0,1,Female,1,Fiber Optic,34.178483,-118.431791,1,108.95,1,0,1,Offer B,1,0,1,1,Bank Withdrawal,1,1,1,4,0,1,1,1,53,5718.2,0,954.0,0.0,6672.2,1,0
47,8,0.0,5369,Month-to-Month,0,0,Male,1,Cable,38.052209,-122.775567,0,29.35,0,0,0,Offer E,0,1,0,0,Credit Card,0,0,0,4,0,0,0,0,8,216.45,10,0.0,0.0,226.45,0,0
22,59,24.36,3974,Month-to-Month,1,1,Male,1,DSL,41.949216,-122.050062,1,59.65,1,2,6,Offer D,0,0,1,1,Bank Withdrawal,1,1,1,4,0,0,0,0,15,867.1,0,365.4,32.65,1199.85,1,0
60,23,16.45,3965,Month-to-Month,0,1,Male,1,Cable,34.227846,-119.079903,0,112.95,1,0,0,,1,0,1,0,Mailed Check,1,1,0,2,0,1,1,1,12,1384.75,0,197.4,0.0,1582.15,1,1
37,10,45.57,4965,Month-to-Month,0,1,Male,1,Fiber Optic,35.453912,-120.69461,1,82.65,1,0,8,Offer D,1,0,1,1,Bank Withdrawal,1,0,1,5,0,0,0,0,14,1185.0,0,637.98,0.0,1822.98,1,0
65,2,38.85,3748,One Year,0,0,Female,1,Fiber Optic,35.245035,-118.905553,1,91.0,0,0,2,,0,0,1,1,Bank Withdrawal,1,0,1,5,1,1,1,1,20,1859.5,0,777.0,0.0,2636.5,1,0
25,59,20.79,4054,Two Year,1,0,Male,1,Fiber Optic,37.509366,-122.306132,1,97.75,1,3,1,,1,1,1,1,Credit Card,1,1,1,3,0,1,1,0,72,6991.6,0,1496.88,0.0,8488.48,1,0
64,0,11.38,2347,Two Year,0,0,Male,0,,40.294034,-120.512622,1,19.05,0,0,1,,0,0,0,1,Credit Card,1,0,1,4,0,0,0,0,30,637.55,0,341.4,0.0,978.95,0,0
77,3,16.61,4652,Month-to-Month,0,0,Male,1,Fiber Optic,33.716136,-117.752574,1,96.5,1,0,1,,1,0,1,1,Bank Withdrawal,1,0,1,3,1,1,0,1,36,3436.1,0,597.96,0.0,4034.06,1,1
50,11,6.95,5111,Month-to-Month,0,1,Male,1,DSL,34.035602,-117.591528,0,50.9,0,0,0,Offer E,0,0,0,0,Credit Card,1,0,0,1,0,0,0,0,1,50.9,0,6.95,0.0,57.85,1,1
49,53,42.55,5613,Two Year,1,0,Male,1,DSL,33.833181,-118.292062,1,59.5,0,4,8,Offer E,1,1,0,1,Mailed Check,1,1,1,4,0,0,0,0,2,130.5,0,85.1,0.0,215.6,1,0
54,16,15.28,4521,Month-to-Month,0,1,Female,1,Fiber Optic,34.361387,-117.337509,0,94.0,0,0,0,,0,0,1,0,Credit Card,1,0,0,3,0,1,1,1,15,1505.45,0,229.2,0.0,1734.65,1,0
26,30,5.6,4205,Month-to-Month,1,0,Female,1,Cable,33.713891,-116.237257,0,63.95,0,1,0,,1,1,1,0,Bank Withdrawal,1,0,0,3,0,1,1,0,43,2737.05,0,240.8,0.0,2977.85,1,0
65,6,22.33,3179,Month-to-Month,0,1,Female,1,Fiber Optic,38.044523,-121.348048,1,99.05,1,0,1,,0,0,1,1,Bank Withdrawal,1,0,1,1,1,1,1,1,29,2952.85,0,647.57,0.0,3600.42,1,1
75,5,0.0,4591,Month-to-Month,0,0,Male,1,DSL,39.279068,-120.414275,1,39.1,0,0,1,,0,1,0,1,Bank Withdrawal,0,0,1,1,1,1,0,0,24,971.3,0,0.0,0.0,971.3,1,1
75,9,20.83,2944,Two Year,0,1,Female,1,Fiber Optic,34.110124,-119.100972,1,104.15,1,0,10,,0,0,0,1,Bank Withdrawal,1,1,1,4,1,1,0,1,44,4495.65,0,916.52,0.0,5412.17,1,0
53,0,31.12,6213,Two Year,0,0,Female,0,,40.775272,-123.287414,0,19.85,0,0,0,Offer B,0,0,0,0,Bank Withdrawal,1,0,0,4,0,0,0,0,60,1128.1,0,1867.2,0.0,2995.3,0,0
78,12,25.57,4537,Two Year,0,1,Male,1,Cable,34.406256,-119.726936,1,64.4,0,0,7,Offer E,0,0,1,1,Credit Card,1,1,1,5,1,1,1,0,8,581.7,0,204.56,0.0,786.26,1,0
43,3,49.51,5757,One Year,0,0,Male,1,Fiber Optic,39.455555,-123.683979,1,100.3,0,0,1,,1,0,1,1,Bank Withdrawal,1,1,1,4,0,1,1,1,68,6754.35,90,3366.68,0.0,10211.03,0,0
28,48,6.42,2887,One Year,0,1,Male,1,Fiber Optic,34.08111,-117.853935,0,99.0,1,0,0,Offer B,1,1,1,0,Bank Withdrawal,1,0,0,3,0,1,1,0,42,4298.45,0,269.64,0.0,4568.09,1,0
51,11,29.72,5156,One Year,0,1,Male,1,Fiber Optic,38.731771,-123.064272,0,85.2,0,0,0,,1,0,1,0,Bank Withdrawal,1,1,0,5,0,0,0,0,26,2184.6,0,772.72,0.0,2957.32,1,0
61,21,4.66,2318,Month-to-Month,0,0,Female,1,Fiber Optic,37.676249,-122.132415,0,70.0,0,0,0,Offer C,0,0,1,0,Credit Card,1,0,0,2,0,0,0,0,34,2416.1,0,158.44,11.0,2563.54,1,1
53,0,31.76,3864,Month-to-Month,0,0,Male,0,,37.80821,-121.308401,1,19.35,0,0,0,Offer E,0,0,0,1,Mailed Check,1,0,0,1,0,0,0,0,5,126.05,0,158.8,0.0,284.85,0,1
65,22,15.98,4745,Month-to-Month,0,0,Female,1,Cable,34.177267,-118.31003,1,100.5,1,0,1,,1,1,1,1,Bank Withdrawal,1,1,1,1,1,0,0,1,35,3653.35,0,559.3,0.0,4212.65,1,1
61,0,49.51,4676,Two Year,1,0,Male,0,,33.721917,-118.043237,1,25.75,1,2,6,Offer B,0,0,0,1,Mailed Check,1,0,1,3,0,0,0,0,52,1345.85,0,2574.52,0.0,3920.37,0,0
32,28,41.37,4320,Month-to-Month,0,0,Female,1,Fiber Optic,40.485849,-124.163234,0,75.55,1,0,0,,0,0,1,0,Bank Withdrawal,1,0,0,2,0,0,0,0,2,166.3,0,82.74,0.0,249.04,1,1
63,25,40.59,4761,Two Year,0,1,Female,1,Fiber Optic,33.850504,-118.039892,1,115.15,1,0,10,,1,1,0,1,Bank Withdrawal,1,1,1,4,0,1,1,1,72,8349.7,0,2922.48,0.0,11272.18,1,0
46,21,47.82,5890,Two Year,0,1,Male,1,Fiber Optic,37.791222,-122.402241,1,115.55,1,0,2,Offer A,1,1,1,1,Bank Withdrawal,1,1,1,3,0,1,1,1,72,8425.3,0,3443.04,0.0,11868.34,1,0
47,30,38.09,2014,Month-to-Month,0,0,Female,1,Fiber Optic,33.977468,-118.445475,1,84.75,1,0,1,,0,0,1,1,Bank Withdrawal,1,0,1,1,0,1,1,0,3,264.85,0,114.27,0.0,379.12,1,1
19,47,0.0,4122,One Year,1,1,Male,1,Cable,41.096569,-121.879082,1,60.35,0,3,1,Offer A,1,0,0,1,Bank Withdrawal,0,1,1,3,0,1,1,1,70,4138.7,0,0.0,49.23,4089.47,1,0
55,53,25.02,5010,Two Year,1,1,Male,1,Fiber Optic,34.200175,-118.540958,1,105.55,1,3,3,Offer A,0,1,0,1,Bank Withdrawal,1,0,1,3,0,1,1,1,71,7405.5,0,1776.42,0.0,9181.92,1,0
74,21,9.86,4407,Month-to-Month,0,0,Female,1,Fiber Optic,33.845706,-118.012204,0,70.75,0,0,0,Offer E,0,0,0,0,Bank Withdrawal,1,0,0,2,1,0,0,0,2,154.85,0,19.72,0.0,174.57,1,1
52,27,27.59,5184,Two Year,1,0,Male,1,DSL,38.715498,-121.363411,1,82.85,0,1,1,,1,1,0,1,Bank Withdrawal,1,1,1,4,0,1,1,1,68,5776.45,0,1876.12,0.0,7652.57,1,0
65,23,0.0,5546,Month-to-Month,0,0,Male,1,Cable,37.386978,-122.177746,1,50.25,0,0,4,,1,0,1,1,Bank Withdrawal,0,0,1,4,1,1,1,1,59,2997.45,0,0.0,0.0,2997.45,1,0
42,3,47.9,5957,One Year,0,1,Male,1,DSL,38.646209,-121.52446,0,53.75,0,0,0,,0,1,0,0,Bank Withdrawal,1,0,0,3,0,0,0,0,52,2790.65,0,2490.8,43.12,5238.33,1,0
39,17,0.0,5281,Two Year,1,0,Male,1,DSL,37.349546,-122.134356,1,50.9,0,2,2,Offer A,0,1,0,1,Credit Card,0,0,1,4,0,1,1,1,67,3281.65,0,0.0,0.0,3281.65,1,0
69,5,11.82,4997,Month-to-Month,0,0,Female,1,Fiber Optic,33.832799,-116.250973,0,79.15,1,0,0,,0,1,1,0,Bank Withdrawal,1,0,0,1,1,0,0,0,20,1520.9,0,236.4,0.0,1757.3,1,1
34,19,41.58,4972,One Year,1,1,Male,1,Fiber Optic,38.7904,-121.236973,1,108.25,1,1,3,,1,1,1,1,Bank Withdrawal,1,0,1,4,0,1,1,1,50,5431.4,0,2079.0,0.0,7510.4,1,0
31,8,39.66,5996,Month-to-Month,0,0,Female,1,Fiber Optic,38.240419,-121.587535,0,74.3,0,0,0,Offer E,1,0,1,0,Credit Card,1,0,0,1,0,0,0,0,1,74.3,0,39.66,0.0,113.96,1,1
57,0,9.33,4439,One Year,1,0,Male,0,,37.722127,-120.110174,1,20.25,0,2,4,Offer B,0,0,0,1,Credit Card,1,0,1,4,0,0,0,0,42,854.9,0,391.86,0.0,1246.76,0,0
78,22,24.75,5287,Month-to-Month,0,0,Female,1,Fiber Optic,33.537646,-116.291089,0,71.15,0,0,0,Offer E,0,0,1,0,Bank Withdrawal,1,0,0,3,1,0,0,0,1,71.15,20,24.75,0.0,115.9,0,1
62,26,35.9,2404,Month-to-Month,0,0,Male,1,Cable,37.890274,-122.295192,1,83.75,1,0,1,Offer C,0,0,1,1,Bank Withdrawal,1,0,1,3,0,0,0,1,26,2070.6,0,933.4,0.0,3004.0,1,1
62,22,48.22,4629,Month-to-Month,0,0,Male,1,Cable,33.828779,-117.848299,0,55.7,0,0,0,,0,0,1,0,Credit Card,1,0,0,1,0,1,1,0,1,55.7,0,48.22,0.0,103.92,1,1
55,27,29.03,6012,Two Year,0,1,Male,1,DSL,40.294034,-120.512622,0,84.3,1,0,0,Offer A,0,1,0,0,Credit Card,1,1,0,4,0,1,1,1,72,5997.1,0,2090.16,0.0,8087.26,1,0
22,0,46.27,4221,Month-to-Month,0,0,Female,0,,34.667815,-117.536183,1,19.4,0,0,3,,0,0,1,1,Credit Card,1,0,1,3,0,0,0,0,61,1182.55,0,2822.47,0.0,4005.02,0,1
38,28,5.25,5046,Two Year,0,1,Female,1,DSL,36.993666,-119.348267,1,84.4,1,0,1,Offer A,0,1,1,1,Credit Card,1,1,1,3,0,1,1,1,72,6096.45,0,378.0,0.0,6474.45,1,0
27,59,34.49,3936,Month-to-Month,0,1,Female,1,Fiber Optic,34.441123,-117.537886,0,100.45,1,0,0,Offer C,0,0,0,0,Bank Withdrawal,1,0,0,5,0,1,1,1,30,3096.9,80,1034.7,0.0,4211.6,0,0
52,4,40.47,5186,One Year,0,1,Female,1,Fiber Optic,37.803883,-122.208417,1,109.15,1,0,7,Offer B,1,1,1,1,Credit Card,1,0,1,4,0,1,1,1,59,6557.75,0,2387.73,0.0,8945.48,1,0
44,0,18.2,4333,Month-to-Month,0,0,Female,0,,33.982787,-117.057627,0,19.65,0,0,0,Offer D,0,0,0,0,Credit Card,1,0,0,3,0,0,0,0,18,391.7,0,327.6,0.0,719.3,0,0
74,27,8.66,4330,Two Year,0,0,Male,1,Cable,33.200369,-116.192313,0,54.8,1,0,0,,1,0,0,0,Credit Card,1,0,0,5,1,0,0,0,24,1291.3,110,207.84,0.0,1609.14,0,0
23,73,24.28,2301,Month-to-Month,1,1,Female,1,DSL,33.946982,-116.977672,1,69.15,1,3,3,,1,0,1,1,Bank Withdrawal,1,0,1,3,0,0,0,1,3,235.0,0,72.84,0.0,307.84,0,0
65,19,2.86,2009,Month-to-Month,0,0,Male,1,Fiber Optic,32.759327,-116.99726,1,77.9,1,0,1,,0,0,0,1,Mailed Check,1,0,1,3,1,0,0,0,30,2351.45,0,85.8,0.0,2437.25,1,0
28,0,4.01,4530,Two Year,0,0,Male,0,,37.996462,-122.293716,0,25.25,1,0,0,Offer B,0,0,0,0,Mailed Check,1,0,0,4,0,0,0,0,63,1559.3,0,252.63,0.0,1811.93,0,0
72,11,16.94,2420,Month-to-Month,0,1,Female,1,Fiber Optic,38.830739,-122.196202,0,88.3,1,0,0,,0,0,0,0,Credit Card,1,0,0,3,1,1,0,0,27,2467.75,0,457.38,0.0,2925.13,1,1
44,0,6.71,3678,Two Year,0,0,Female,0,,38.32153,-120.236358,0,19.65,0,0,0,Offer B,0,0,1,0,Bank Withdrawal,1,0,0,3,0,0,0,0,43,779.25,0,288.53,0.0,1067.78,0,0
36,18,0.0,3503,Month-to-Month,0,0,Male,1,DSL,37.99272,-122.575026,0,24.75,0,0,0,,0,0,0,0,Bank Withdrawal,0,0,0,2,0,0,0,0,3,66.95,0,0.0,0.0,66.95,1,1
30,0,22.77,5306,Two Year,0,0,Female,0,,34.341737,-116.539416,0,21.15,0,0,0,,0,0,1,0,Bank Withdrawal,1,0,0,5,0,0,0,0,72,1419.4,0,1639.44,19.31,3039.53,0,0
61,17,0.0,5833,Month-to-Month,1,0,Male,1,DSL,32.912664,-116.635387,0,44.5,0,1,0,Offer C,0,0,1,0,Bank Withdrawal,0,0,0,4,0,1,1,1,30,1307.8,0,0.0,0.0,1307.8,1,0
42,23,37.23,3708,Month-to-Month,1,0,Male,1,Fiber Optic,38.161321,-122.271588,1,69.55,0,1,1,,0,0,1,1,Credit Card,1,0,1,4,0,0,0,0,4,284.9,0,148.92,0.0,433.82,1,0
28,42,28.54,2071,Month-to-Month,0,0,Male,1,Fiber Optic,32.800671,-116.483363,0,73.7,1,0,0,Offer D,0,0,1,0,Bank Withdrawal,1,0,0,5,0,0,1,0,21,1558.7,0,599.34,0.0,2158.04,1,0
50,25,47.73,2508,Month-to-Month,0,0,Male,1,Fiber Optic,34.201108,-116.593456,0,100.75,1,0,0,,1,1,0,0,Credit Card,1,1,0,3,0,0,0,1,47,4669.2,0,2243.31,0.0,6912.51,1,0
28,0,10.21,3901,Month-to-Month,0,0,Female,0,,34.090925,-118.128164,0,20.9,0,0,0,,0,0,0,0,Mailed Check,1,0,0,5,0,0,0,0,1,20.9,0,10.21,0.0,31.11,0,0
33,0,9.81,4006,One Year,0,0,Male,0,,34.156629,-119.117218,1,19.8,0,0,2,,0,0,0,1,Credit Card,1,0,1,5,0,0,0,0,30,576.65,0,294.3,0.0,870.95,0,0
61,8,4.76,4337,Two Year,0,0,Male,1,Fiber Optic,40.936285,-121.572692,1,104.05,0,0,1,,1,1,1,1,Credit Card,1,1,1,4,0,1,1,1,64,6605.55,0,304.64,0.0,6910.19,1,0
63,30,35.72,2845,One Year,1,0,Female,1,Cable,38.542448,-122.419923,1,58.85,0,3,1,,1,0,1,1,Credit Card,1,0,1,4,0,0,0,1,21,1215.45,0,750.12,0.0,1965.57,1,0
44,0,25.52,3726,One Year,1,0,Female,0,,34.242058,-116.89802,0,20.1,0,1,0,,0,0,1,0,Credit Card,1,0,0,4,0,0,0,0,35,644.5,0,893.2,0.0,1537.7,0,0
78,17,26.95,5859,Month-to-Month,0,0,Female,1,Fiber Optic,40.448632,-122.306657,0,76.25,1,0,0,Offer C,0,0,1,0,Bank Withdrawal,1,0,0,3,1,0,0,0,37,2841.55,0,997.15,0.0,3838.7,1,1
36,14,47.45,2504,One Year,1,1,Male,1,DSL,38.421458,-122.365048,1,63.7,0,2,8,,0,1,1,1,Credit Card,1,0,1,3,0,1,1,0,36,2188.5,0,1708.2,0.0,3896.7,1,0
57,24,12.29,5841,Two Year,1,1,Female,1,Fiber Optic,36.64152,-121.622188,1,115.8,1,2,9,,1,1,1,1,Bank Withdrawal,1,1,1,3,0,1,1,1,72,8476.5,0,884.88,0.0,9361.38,1,0
59,76,31.45,5975,One Year,1,1,Male,1,DSL,38.983388,-120.988814,1,74.05,0,3,4,,1,1,0,1,Bank Withdrawal,1,1,1,3,0,0,0,1,38,2802.3,0,1195.1,0.0,3997.4,1,0
19,48,28.42,5271,One Year,0,0,Female,1,DSL,33.82769,-117.102244,0,54.3,0,0,0,Offer C,0,1,0,0,Credit Card,1,1,0,3,0,0,0,0,28,1546.3,150,795.76,0.0,2492.06,0,0
39,0,14.97,5594,One Year,1,0,Male,0,,38.625096,-121.383658,1,19.2,0,1,10,,0,0,1,1,Credit Card,1,0,1,4,0,0,0,0,43,776.25,0,643.71,9.48,1410.48,0,0
69,22,37.39,4994,Two Year,0,1,Female,1,DSL,37.333851,-121.891147,0,89.85,1,0,0,Offer A,1,1,0,0,Credit Card,1,1,0,3,1,1,0,1,71,6293.45,140,2654.69,0.0,9088.14,0,0
48,0,5.32,3595,Month-to-Month,0,0,Male,0,,37.713926,-121.928425,0,19.75,0,0,0,Offer E,0,0,0,0,Bank Withdrawal,1,0,0,5,0,0,0,0,1,19.75,0,5.32,0.0,25.07,0,0
30,48,29.14,5807,Month-to-Month,1,0,Female,1,DSL,33.933565,-118.062611,1,71.35,0,2,4,,1,1,1,1,Credit Card,1,1,1,4,0,1,1,0,40,2847.2,0,1165.6,0.0,4012.8,1,0
46,15,48.36,3077,Month-to-Month,0,1,Female,1,Fiber Optic,37.59485,-122.051521,0,95.35,0,0,0,Offer E,0,0,1,0,Bank Withdrawal,1,0,0,2,0,1,1,1,7,660.9,0,338.52,34.29,965.13,1,1
25,41,36.07,3086,Month-to-Month,0,1,Male,1,Fiber Optic,37.713926,-121.928425,0,84.85,0,0,0,,0,0,1,0,Bank Withdrawal,1,0,0,1,0,0,1,1,1,84.85,0,36.07,0.0,120.92,1,1
75,16,47.86,4113,Two Year,0,1,Female,1,Fiber Optic,37.127386,-120.506422,0,104.05,1,0,0,Offer A,0,0,0,0,Bank Withdrawal,1,0,0,5,1,1,0,1,71,7413.55,0,3398.06,0.0,10811.61,1,0
47,12,35.09,5350,Two Year,0,1,Male,1,DSL,34.174493,-117.87068,1,83.2,1,0,6,,0,1,0,1,Bank Withdrawal,1,1,1,3,0,1,1,1,71,6126.1,0,2491.39,0.0,8617.49,1,0
53,0,40.49,4132,Month-to-Month,0,0,Male,0,,40.022184,-121.062384,0,18.85,0,0,0,,0,0,1,0,Mailed Check,1,0,0,1,0,0,0,0,1,18.85,0,40.49,0.0,59.34,0,1
36,16,37.37,5227,Month-to-Month,0,0,Female,1,Cable,32.827238,-117.089287,0,65.45,0,0,0,Offer E,1,0,1,0,Bank Withdrawal,1,1,0,5,0,0,0,1,8,554.45,0,298.96,0.0,853.41,1,0
22,59,28.34,5876,One Year,1,0,Male,1,Fiber Optic,33.752938,-116.230055,1,100.55,1,1,1,Offer A,1,0,0,1,Bank Withdrawal,1,0,1,5,0,1,1,1,71,7113.75,0,2012.14,16.99,9108.9,1,0
62,29,37.49,3982,Month-to-Month,0,1,Female,1,Fiber Optic,37.350284,-121.852855,1,78.95,1,0,0,,0,0,1,1,Credit Card,1,0,0,3,0,0,0,0,37,2839.65,0,1387.13,0.0,4226.78,1,1
73,6,25.74,3016,Month-to-Month,0,0,Female,1,DSL,34.019323,-118.391902,0,54.85,0,0,0,,1,1,0,0,Credit Card,1,0,0,1,1,0,0,0,2,104.2,0,51.48,0.0,155.68,1,1
63,8,39.16,3672,Month-to-Month,0,0,Female,1,DSL,40.057784,-123.679461,0,49.45,0,0,0,,0,1,1,0,Bank Withdrawal,1,0,0,3,0,0,0,0,6,314.6,0,234.96,0.0,549.56,1,0
59,22,25.89,3137,Month-to-Month,1,0,Female,1,DSL,33.25283,-116.986079,1,65.5,0,1,1,Offer D,1,0,1,1,Bank Withdrawal,1,1,1,5,0,1,1,0,10,616.9,0,258.9,0.0,875.8,1,0
51,13,9.47,5749,Month-to-Month,1,0,Male,1,DSL,34.065875,-118.238728,1,50.1,1,2,10,Offer D,0,0,0,1,Credit Card,1,0,1,5,0,0,0,0,19,910.45,120,179.93,0.0,1210.38,0,0
34,22,24.32,5435,Month-to-Month,0,0,Female,1,Cable,38.085839,-120.37855,0,53.85,0,0,0,Offer E,0,1,0,0,Credit Card,1,1,0,1,0,0,0,0,5,259.8,10,121.6,22.96,368.44,0,1
65,15,48.71,4038,Month-to-Month,0,1,Male,1,Fiber Optic,37.7795,-122.419233,0,100.5,1,0,0,,0,0,1,0,Bank Withdrawal,1,0,0,1,1,1,1,1,9,918.6,0,438.39,0.0,1356.99,1,1
25,59,48.86,3391,Month-to-Month,0,0,Female,1,Fiber Optic,33.792791,-117.789749,0,80.2,0,0,0,Offer E,0,0,0,0,Bank Withdrawal,1,0,0,3,0,0,0,1,5,384.25,0,244.3,0.0,628.55,1,0
20,73,0.0,4986,Month-to-Month,0,0,Male,1,DSL,33.92128,-118.274186,0,35.65,0,0,0,,1,0,1,0,Bank Withdrawal,0,1,0,4,0,0,0,0,11,425.1,0,0.0,0.0,425.1,1,0
42,0,44.34,5863,Month-to-Month,0,0,Male,0,,39.273096,-122.050763,0,19.35,0,0,0,,0,0,0,0,Credit Card,1,0,0,3,0,0,0,0,2,46.35,0,88.68,0.0,135.03,0,0
29,0,48.87,4838,One Year,0,0,Male,0,,33.988572,-118.186565,1,19.95,0,0,0,,0,0,0,1,Credit Card,1,0,0,5,0,0,0,0,56,1126.75,0,2736.72,0.0,3863.47,0,0
59,26,30.07,2591,Month-to-Month,0,0,Male,1,Fiber Optic,41.017282,-121.468945,0,74.95,1,0,0,Offer E,0,0,1,0,Bank Withdrawal,1,0,0,1,0,0,0,0,1,74.95,0,30.07,0.0,105.02,1,1
69,9,5.27,5590,Two Year,0,1,Male,1,DSL,33.792791,-117.789749,1,74.4,0,0,7,Offer A,1,1,0,1,Bank Withdrawal,1,1,1,4,1,0,0,1,72,5360.75,140,379.44,0.0,5880.19,0,0
44,20,44.6,2540,Month-to-Month,0,0,Male,1,Fiber Optic,34.001617,-118.222274,1,85.05,0,0,1,Offer D,1,0,1,1,Credit Card,1,0,1,3,0,1,1,0,12,999.8,0,535.2,0.0,1535.0,1,0
39,0,4.6,3979,One Year,0,0,Female,0,,38.154823,-121.601358,1,24.95,1,0,0,Offer B,0,0,0,1,Credit Card,1,0,0,3,0,0,0,0,46,1165.9,0,211.6,0.0,1377.5,0,0
25,46,25.83,5432,Month-to-Month,0,0,Male,1,Fiber Optic,37.800254,-122.436975,1,75.4,1,0,1,,0,0,1,1,Bank Withdrawal,1,0,1,5,0,0,0,0,16,1189.4,0,413.28,0.0,1602.68,1,0
58,0,38.84,2732,Month-to-Month,0,0,Female,0,,37.45809,-122.115398,0,19.95,0,0,0,,0,0,0,0,Credit Card,1,0,0,5,0,0,0,0,1,19.95,0,38.84,0.0,58.79,0,0
37,30,19.32,5580,Month-to-Month,1,0,Female,1,DSL,34.1528,-118.000482,1,49.85,0,5,5,Offer C,1,0,0,1,Credit Card,1,0,1,3,0,0,0,0,27,1336.15,0,521.64,0.0,1857.79,1,0
73,10,33.68,6202,Two Year,0,1,Male,1,DSL,38.109125,-120.078597,1,77.35,1,0,4,Offer A,1,0,0,1,Credit Card,1,1,1,4,1,0,0,1,72,5396.25,0,2424.96,0.0,7821.21,1,0
54,4,9.52,2405,Month-to-Month,0,1,Female,1,Fiber Optic,37.394536,-120.890747,0,94.2,0,0,0,,1,0,1,0,Bank Withdrawal,1,1,0,3,0,1,1,0,11,999.9,0,104.72,0.0,1104.62,1,0
22,73,8.53,4798,Two Year,1,0,Female,1,Cable,37.890274,-122.295192,1,60.0,1,3,6,,0,1,0,1,Bank Withdrawal,1,1,1,3,0,0,0,0,54,3273.95,0,460.62,0.0,3734.57,1,0
21,47,19.3,3131,Month-to-Month,0,0,Female,1,Fiber Optic,38.033219,-121.297433,1,75.5,0,0,6,Offer C,0,1,1,1,Bank Withdrawal,1,0,1,3,0,0,0,0,32,2324.7,0,617.6,0.0,2942.3,1,0
48,6,0.0,5174,Two Year,0,1,Female,1,DSL,34.965648,-117.001509,0,39.7,0,0,0,,1,0,0,0,Credit Card,0,1,0,3,0,0,0,0,50,1932.75,0,0.0,0.0,1932.75,1,0
70,0,8.48,5079,Two Year,0,0,Female,0,,33.936291,-118.332639,1,25.7,1,0,9,,0,0,1,1,Credit Card,1,0,1,3,1,0,0,0,72,1937.4,0,610.56,0.0,2547.96,0,0
55,19,31.79,2831,Month-to-Month,0,1,Male,1,Fiber Optic,37.943954,-120.67108,1,78.2,0,0,6,Offer D,0,0,0,1,Bank Withdrawal,1,1,1,5,0,0,0,0,18,1468.75,0,572.22,0.0,2040.97,1,0
40,0,42.52,5597,Month-to-Month,0,0,Male,0,,33.634626,-117.874882,0,20.65,0,0,0,Offer E,0,0,0,0,Bank Withdrawal,1,0,0,4,0,0,0,0,5,93.55,0,212.6,0.0,306.15,0,0
48,0,14.37,5860,Two Year,1,0,Male,0,,32.800671,-116.483363,0,19.55,0,2,0,Offer B,0,0,0,0,Bank Withdrawal,1,0,0,3,0,0,0,0,44,819.95,0,632.28,0.0,1452.23,0,0
51,22,23.36,4291,Month-to-Month,1,0,Female,1,DSL,33.62251,-117.927024,1,55.3,1,3,1,,1,0,1,1,Credit Card,1,0,1,5,0,0,0,0,9,501.2,0,210.24,0.0,711.44,1,0
49,23,21.16,5574,Two Year,1,0,Female,1,Fiber Optic,37.713926,-121.928425,1,110.3,1,1,7,Offer B,1,1,0,1,Bank Withdrawal,1,1,1,3,0,1,1,1,64,6997.3,0,1354.24,0.0,8351.54,1,0
34,2,29.49,4369,One Year,0,0,Female,1,DSL,38.392686,-120.415951,1,43.8,0,0,1,,0,0,0,1,Bank Withdrawal,1,0,1,3,0,0,0,0,13,592.65,0,383.37,0.0,976.02,1,0
40,11,26.85,2484,Month-to-Month,1,0,Male,1,Fiber Optic,34.213049,-118.317651,0,84.6,0,1,0,,0,1,1,0,Credit Card,1,0,0,2,0,1,1,0,1,84.6,0,26.85,0.0,111.45,1,1
64,0,9.84,5208,Month-to-Month,0,0,Female,0,,36.29878,-119.201028,0,24.8,1,0,0,Offer D,0,0,0,0,Credit Card,1,0,0,5,0,0,0,0,17,475.25,0,167.28,37.06,605.47,0,0
72,19,16.92,4406,Two Year,0,1,Male,1,Fiber Optic,40.059385,-122.091481,1,111.65,1,0,4,,1,0,1,1,Bank Withdrawal,1,1,1,4,1,1,1,1,72,8022.85,110,1218.24,0.0,9351.09,0,0
46,26,0.0,5063,Two Year,1,1,Female,1,DSL,40.343213,-121.815412,1,61.45,0,3,8,Offer B,1,0,1,1,Bank Withdrawal,0,1,1,3,0,1,1,1,61,3751.15,0,0.0,0.0,3751.15,1,0
58,15,40.49,4165,Two Year,0,1,Male,1,Fiber Optic,36.444232,-119.718285,1,104.8,1,0,4,,1,0,1,1,Bank Withdrawal,1,0,1,4,0,1,1,1,72,7470.1,0,2915.28,0.0,10385.38,1,0
43,26,31.08,5286,Month-to-Month,0,1,Female,1,Fiber Optic,34.072945,-118.37267,1,99.5,1,0,1,Offer D,0,0,1,1,Bank Withdrawal,1,0,1,3,0,1,1,1,11,1056.95,0,341.88,0.0,1398.83,1,1
52,0,44.73,3233,One Year,0,0,Female,0,,38.591134,-121.161585,1,20.5,0,0,8,,0,0,0,1,Bank Withdrawal,1,0,1,5,0,0,0,0,4,79.05,0,178.92,0.0,257.97,0,0
24,69,43.05,5523,Month-to-Month,1,0,Male,1,DSL,38.584505,-121.491956,0,50.05,1,3,0,Offer E,0,0,1,0,Bank Withdrawal,1,0,0,4,0,0,0,0,1,50.05,0,43.05,0.0,93.1,1,0
71,28,30.25,2930,Month-to-Month,0,0,Male,1,Fiber Optic,37.556634,-122.317723,0,76.05,1,0,0,,0,0,1,0,Bank Withdrawal,1,0,0,1,1,0,0,0,3,231.8,0,90.75,0.0,322.55,1,1
68,13,6.81,2259,Month-to-Month,0,0,Male,1,Fiber Optic,35.38381,-119.730885,1,74.85,1,0,2,,0,0,1,1,Bank Withdrawal,1,0,1,4,1,0,0,0,7,485.25,0,47.67,0.0,532.92,1,0
66,2,32.36,5904,Month-to-Month,0,0,Male,1,Fiber Optic,36.186867,-120.387793,0,96.2,1,0,0,Offer B,0,0,1,0,Bank Withdrawal,1,0,0,2,1,1,0,1,49,4718.25,0,1585.64,0.0,6303.89,1,1
56,0,30.47,5480,Two Year,0,0,Female,0,,33.788208,-118.404955,1,19.95,0,0,1,,0,0,1,1,Credit Card,1,0,1,5,0,0,0,0,46,927.1,0,1401.62,0.0,2328.72,0,0
49,2,38.88,4260,One Year,0,1,Female,1,DSL,38.481902,-120.603668,0,70.15,0,0,0,,1,0,1,0,Credit Card,1,1,0,3,0,0,0,1,60,4224.7,0,2332.8,0.0,6557.5,1,0
42,0,13.93,3875,Two Year,0,0,Female,0,,36.456091,-119.486225,0,19.8,0,0,0,Offer C,0,0,0,0,Credit Card,1,0,0,3,0,0,0,0,25,475.2,0,348.25,0.0,823.45,0,0
65,25,11.41,5428,One Year,0,1,Female,1,Fiber Optic,37.956963,-120.863055,1,97.95,1,0,5,,1,0,1,1,Credit Card,1,0,1,5,1,0,0,1,62,5936.55,0,707.42,0.0,6643.97,1,0
28,48,0.0,4566,Month-to-Month,0,0,Female,1,DSL,33.977468,-118.445475,0,45.25,0,0,0,,0,0,1,0,Bank Withdrawal,0,0,0,1,0,1,1,1,2,85.5,10,0.0,0.0,95.5,0,1
62,0,3.57,5390,Two Year,1,0,Male,0,,38.333133,-121.920151,1,19.5,0,2,8,,0,0,0,1,Credit Card,1,0,1,4,0,0,0,0,4,96.85,0,14.28,0.0,111.13,0,0
46,21,14.28,4934,Month-to-Month,0,0,Male,1,Fiber Optic,33.958149,-118.308441,0,85.3,1,0,0,Offer E,0,0,1,0,Bank Withdrawal,1,0,0,1,0,1,1,0,3,264.8,0,42.84,0.0,307.64,1,1
21,69,6.37,5643,One Year,1,0,Female,1,Fiber Optic,34.966777,-117.961179,1,94.45,1,3,5,Offer B,1,1,1,1,Credit Card,1,0,1,3,0,0,0,1,42,3923.8,140,267.54,0.0,4331.34,0,0
55,22,29.06,4258,One Year,0,0,Male,1,DSL,35.652242,-119.4464,1,75.25,1,0,7,,1,1,1,1,Bank Withdrawal,1,1,1,3,0,1,1,0,31,2344.5,0,900.86,1.99,3243.37,1,0
27,85,8.94,4465,Month-to-Month,0,0,Male,1,Fiber Optic,38.578807,-123.19338,1,95.65,1,0,1,,1,0,1,1,Credit Card,1,1,1,3,0,1,1,0,52,5088.4,0,464.88,11.8,5541.48,1,0
58,0,34.36,4886,One Year,0,0,Male,0,,36.413433,-118.854708,0,24.6,1,0,0,Offer B,0,0,1,0,Bank Withdrawal,1,0,0,5,0,0,0,0,51,1266.4,0,1752.36,47.91,2970.85,0,0
59,25,20.26,3666,Month-to-Month,0,1,Male,1,Fiber Optic,37.871416,-122.246597,0,78.25,0,0,0,Offer D,1,0,1,0,Bank Withdrawal,1,0,0,1,0,0,0,0,19,1490.95,0,384.94,0.0,1875.89,1,1
45,18,3.94,2764,Month-to-Month,0,0,Male,1,DSL,34.195386,-118.238508,0,51.8,0,0,0,Offer D,1,0,1,0,Credit Card,1,0,0,4,0,0,0,0,20,1023.85,0,78.8,0.0,1102.65,1,0
27,0,38.41,2011,Month-to-Month,0,0,Male,0,,39.245911,-123.77214,0,20.7,0,0,0,Offer E,0,0,0,0,Credit Card,1,0,0,4,0,0,0,0,3,57.5,0,115.23,0.0,172.73,0,0
61,27,0.0,4871,Two Year,0,0,Female,1,Cable,33.960891,-118.032222,0,31.05,0,0,0,Offer C,0,1,0,0,Bank Withdrawal,0,0,0,4,0,0,0,0,36,1126.35,0,0.0,0.0,1126.35,1,0
51,9,46.92,3590,Month-to-Month,0,1,Female,1,Fiber Optic,38.590035,-121.412455,1,91.05,1,0,1,,0,0,1,1,Bank Withdrawal,1,0,1,1,0,1,1,0,32,2954.5,70,1501.44,0.0,4525.94,0,1
25,0,29.29,5398,Two Year,0,0,Male,0,,34.200175,-118.540958,0,24.75,1,0,0,Offer A,0,0,0,0,Bank Withdrawal,1,0,0,5,0,0,0,0,72,1777.6,0,2108.88,0.0,3886.48,0,0
74,5,0.0,5688,Month-to-Month,0,0,Female,1,Cable,40.485849,-124.163234,0,25.2,0,0,0,,0,0,1,0,Bank Withdrawal,0,0,0,1,1,0,0,0,1,25.2,0,0.0,0.0,25.2,1,1
25,0,34.68,5596,Two Year,0,0,Male,0,,34.102084,-118.451629,0,19.65,0,0,0,Offer D,0,0,0,0,Credit Card,1,0,0,5,0,0,0,0,19,358.15,0,658.92,0.0,1017.07,0,0
41,12,48.77,4688,One Year,0,1,Female,1,Fiber Optic,34.001617,-118.222274,1,102.45,1,0,1,Offer A,1,0,1,1,Credit Card,1,0,1,1,0,1,1,1,66,6615.15,130,3218.82,0.0,9963.97,0,1
60,0,26.98,5374,Two Year,0,0,Female,0,,37.361987,-120.748394,1,26.0,1,0,8,Offer A,0,0,1,1,Credit Card,1,0,1,4,0,0,0,0,72,1776.0,0,1942.56,0.0,3718.56,0,0
44,3,25.81,2198,Month-to-Month,0,0,Female,1,Fiber Optic,38.400264,-120.641274,0,84.35,1,0,0,,0,1,1,0,Bank Withdrawal,1,1,0,3,0,0,0,0,24,1938.05,0,619.44,0.0,2557.49,1,0
37,27,39.9,5136,One Year,1,0,Female,1,DSL,38.838088,-122.73203,0,54.75,0,1,0,Offer C,1,0,1,0,Credit Card,1,1,0,5,0,0,0,0,25,1266.35,0,997.5,15.76,2248.09,1,0
62,11,22.57,5949,Month-to-Month,0,1,Male,1,Fiber Optic,32.886925,-117.152162,1,78.9,1,0,1,Offer C,0,0,1,1,Bank Withdrawal,1,0,1,3,0,0,0,0,32,2447.95,0,722.24,0.0,3170.19,1,1
40,23,12.63,4515,Two Year,0,0,Female,1,DSL,38.823278,-121.281856,0,59.75,1,0,0,,1,1,0,0,Bank Withdrawal,1,0,0,3,0,0,0,0,72,4265.0,0,909.36,0.0,5174.36,1,0
42,56,45.26,4734,Month-to-Month,1,1,Female,1,Cable,38.055562,-120.456298,1,79.9,1,3,1,,1,1,0,1,Credit Card,1,1,1,1,0,1,1,0,41,3326.2,0,1855.66,0.0,5181.86,1,1
63,24,7.01,5255,Month-to-Month,0,0,Female,1,Fiber Optic,32.957195,-117.202542,1,94.1,1,0,1,,1,0,1,1,Credit Card,1,1,1,3,0,0,0,1,30,2804.45,0,210.3,0.0,3014.75,1,1
36,10,45.03,2098,One Year,0,1,Male,1,Fiber Optic,38.591134,-121.161585,1,102.6,1,0,1,Offer B,0,0,1,1,Bank Withdrawal,1,1,1,1,0,1,1,1,41,4213.35,0,1846.23,2.93,6056.65,1,1
40,0,12.05,2088,One Year,0,0,Male,0,,37.800254,-122.436975,0,21.2,0,0,0,,0,0,0,0,Credit Card,1,0,0,5,0,0,0,0,3,52.05,0,36.15,0.0,88.2,0,0
77,21,42.06,2169,Month-to-Month,0,1,Male,1,Fiber Optic,34.003243,-117.138286,0,98.4,1,0,0,Offer B,0,0,1,0,Bank Withdrawal,1,0,0,1,1,1,0,1,41,4187.75,0,1724.46,0.0,5912.21,1,1
26,73,4.18,5833,One Year,1,1,Male,1,Fiber Optic,36.414216,-121.360597,1,97.55,0,3,1,,1,0,1,1,Credit Card,1,0,1,4,0,1,1,1,57,5598.0,0,238.26,0.0,5836.26,1,0
40,28,26.13,2992,Month-to-Month,0,0,Female,1,Fiber Optic,34.19829,-118.602203,0,70.15,0,0,0,,0,0,1,0,Credit Card,1,0,0,4,0,0,0,0,13,886.7,0,339.69,8.53,1217.86,1,0
29,51,2.87,4622,Month-to-Month,0,1,Female,1,Fiber Optic,32.825086,-117.199424,1,98.75,1,0,1,,1,1,1,1,Bank Withdrawal,1,0,1,1,0,0,1,1,47,4533.7,0,134.89,0.0,4668.59,1,1
55,0,33.63,3052,Two Year,0,0,Female,0,,37.244307,-119.470256,1,25.25,1,0,9,,0,0,0,1,Bank Withdrawal,1,0,1,4,0,0,0,0,42,1108.2,0,1412.46,0.0,2520.66,0,0
65,22,20.99,5569,Month-to-Month,0,0,Male,1,Fiber Optic,38.470423,-121.114897,0,94.0,1,0,0,Offer E,0,0,1,0,Bank Withdrawal,1,0,0,1,1,1,1,1,2,181.7,0,41.98,0.0,223.68,1,1
50,6,23.06,5643,One Year,0,1,Female,1,Cable,36.319181,-117.593053,1,84.8,0,0,2,,1,1,1,1,Bank Withdrawal,1,1,1,3,0,1,1,1,71,6046.1,0,1637.26,0.0,7683.36,1,0
54,15,30.57,4924,Month-to-Month,0,1,Male,1,Fiber Optic,38.684437,-121.055634,0,84.8,0,0,0,,0,0,0,0,Bank Withdrawal,1,0,0,4,0,1,1,0,11,888.75,0,336.27,0.0,1225.02,1,0
79,27,43.99,3662,Two Year,0,0,Female,1,DSL,38.148862,-121.737696,0,59.9,0,0,0,,1,1,0,0,Credit Card,1,1,0,4,1,0,0,0,5,287.85,20,219.95,0.0,527.8,0,0
65,23,25.61,5479,One Year,0,1,Female,1,Fiber Optic,33.958149,-118.308441,0,105.9,1,0,0,,1,0,1,0,Bank Withdrawal,1,0,0,3,1,1,1,1,71,7521.95,100,1818.31,6.65,9433.61,0,0
20,73,8.01,6026,One Year,0,1,Female,1,Fiber Optic,37.670526,-120.877572,1,109.4,1,0,10,Offer B,1,0,1,1,Bank Withdrawal,1,1,1,5,0,1,1,1,57,6252.7,0,456.57,0.0,6709.27,1,0
26,69,47.47,4474,Two Year,0,1,Male,1,DSL,37.907777,-122.127161,0,70.1,0,0,0,Offer B,1,0,0,0,Bank Withdrawal,1,1,0,4,0,0,0,1,58,4048.95,0,2753.26,0.0,6802.21,1,0
23,69,4.75,5314,Two Year,1,0,Female,1,DSL,33.694501,-116.412711,1,82.5,1,2,0,Offer B,1,1,1,1,Bank Withdrawal,1,1,0,3,0,1,1,1,65,5215.1,40,308.75,0.0,5563.85,0,0
28,48,13.97,4014,Month-to-Month,0,0,Male,1,Fiber Optic,37.186141,-121.843554,1,88.85,1,0,10,,1,0,0,1,Credit Card,1,0,1,3,0,1,1,0,34,3000.25,0,474.98,0.0,3475.23,1,0
45,0,17.12,5433,Two Year,0,0,Male,0,,33.833686,-117.513063,0,19.55,0,0,0,Offer D,0,0,0,0,Credit Card,1,0,0,3,0,0,0,0,11,223.15,0,188.32,26.32,385.15,0,0
30,51,41.95,5643,Month-to-Month,0,0,Female,1,Fiber Optic,38.652065,-121.25441,1,91.85,0,0,1,Offer D,0,1,0,1,Bank Withdrawal,1,1,1,1,0,0,0,1,17,1574.45,0,713.15,0.0,2287.6,1,1
31,0,31.3,4277,Month-to-Month,1,0,Female,0,,32.912664,-116.635387,1,20.0,0,1,4,Offer B,0,0,0,1,Credit Card,1,0,1,4,0,0,0,0,55,1087.25,0,1721.5,0.0,2808.75,0,0
53,28,44.49,4022,Two Year,1,0,Male,1,Cable,38.724322,-120.991237,1,70.5,1,2,10,Offer B,0,1,1,1,Credit Card,1,1,1,4,0,0,0,1,50,3486.65,0,2224.5,0.0,5711.15,1,0
80,13,0.0,2587,One Year,0,0,Male,1,DSL,37.924838,-122.289145,1,29.8,0,0,10,Offer E,0,1,0,1,Bank Withdrawal,0,0,1,3,1,0,0,0,7,220.45,0,0.0,11.83,208.62,1,0
32,30,3.95,2270,Month-to-Month,0,0,Female,1,DSL,38.368744,-122.522642,0,48.8,0,0,0,,0,1,1,0,Credit Card,1,0,0,1,0,0,0,0,22,1054.6,20,86.9,0.0,1161.5,0,1
46,6,32.72,2221,Month-to-Month,0,1,Female,1,Fiber Optic,34.278697,-119.167798,1,95.1,1,0,10,Offer B,1,1,1,1,Credit Card,1,1,1,3,0,0,0,0,44,4060.55,0,1439.68,0.0,5500.23,1,0
42,0,40.33,5320,Two Year,1,0,Male,0,,32.733564,-117.033713,1,24.8,1,3,1,Offer B,0,0,0,1,Credit Card,1,0,1,5,0,0,0,0,52,1229.1,0,2097.16,0.0,3326.26,0,0
67,23,12.72,3820,Two Year,0,1,Female,1,Cable,33.03933,-115.191857,0,64.45,1,0,0,,1,0,0,0,Bank Withdrawal,1,1,0,4,1,0,0,0,28,1867.6,0,356.16,0.0,2223.76,1,0
67,21,34.8,6423,Two Year,0,0,Male,1,Fiber Optic,34.136306,-118.26036,0,106.8,1,0,0,,1,0,1,0,Bank Withdrawal,1,1,0,3,1,1,0,1,71,7623.2,0,2470.8,0.0,10094.0,1,0
22,0,49.83,3149,Month-to-Month,1,0,Male,0,,34.489983,-120.091246,1,20.25,0,3,0,Offer E,0,0,1,1,Bank Withdrawal,1,0,0,5,0,0,0,0,7,174.7,0,348.81,0.0,523.51,0,0
27,27,5.69,4227,Month-to-Month,0,0,Female,1,DSL,34.168686,-118.057505,1,45.65,0,0,9,Offer E,0,0,0,1,Credit Card,1,0,1,4,0,0,0,0,6,323.45,0,34.14,0.0,357.59,1,0
56,0,23.25,5956,One Year,0,0,Female,0,,33.987945,-118.370442,0,20.65,0,0,0,,0,0,1,0,Credit Card,1,0,0,4,0,0,0,0,42,958.1,0,976.5,0.0,1934.6,0,0
56,0,23.84,5811,Month-to-Month,0,0,Female,0,,34.903052,-118.411251,0,19.9,0,0,0,,0,0,1,0,Credit Card,1,0,0,4,0,0,0,0,10,199.45,0,238.4,0.0,437.85,0,0
72,28,47.34,4005,Month-to-Month,0,0,Female,1,Fiber Optic,34.827662,-118.999073,1,100.4,1,0,8,Offer B,0,0,1,1,Bank Withdrawal,1,1,1,5,1,1,1,1,58,5749.8,0,2745.72,0.0,8495.52,1,0
62,2,31.97,3233,Month-to-Month,0,0,Male,1,Fiber Optic,34.146957,-118.432138,0,89.9,1,0,0,,0,0,1,0,Credit Card,1,1,0,3,0,1,1,0,30,2723.15,0,959.1,0.0,3682.25,1,0
36,0,7.76,4590,Month-to-Month,0,0,Male,0,,33.802664,-118.179971,0,19.9,0,0,0,,0,0,1,0,Credit Card,1,0,0,3,0,0,0,0,1,19.9,0,7.76,0.0,27.66,0,0
77,22,23.43,5602,One Year,0,0,Female,1,Fiber Optic,37.736535,-122.45732,0,81.7,0,0,0,,1,1,0,0,Bank Withdrawal,1,0,0,4,1,0,0,0,22,1820.9,0,515.46,29.88,2306.48,1,0
56,0,28.06,4458,One Year,1,0,Male,0,,39.082568,-121.55325,1,20.05,0,3,1,Offer D,0,0,0,1,Bank Withdrawal,1,0,1,5,0,0,0,0,18,345.9,0,505.08,0.0,850.98,0,0
45,22,0.0,4115,Month-to-Month,0,1,Female,1,Cable,34.130992,-118.894673,1,58.75,0,0,1,Offer B,1,1,1,1,Bank Withdrawal,0,0,1,3,0,1,1,1,57,3437.45,0,0.0,0.0,3437.45,1,0
45,22,12.69,5574,One Year,0,0,Female,1,Cable,37.866009,-122.286228,0,79.85,0,0,0,,1,1,0,0,Credit Card,1,1,0,3,0,1,1,1,17,1387.35,0,215.73,0.0,1603.08,1,0
