日期,磨煤機,煤源_保證,用煤量_保證,熱值_kcalkg_保證,揮發份_pct_保證,總水份_pct_保證,灰份_pct_保證,用煤量合計_保證,發電量_保證_MWh,平均熱值_保證_kcalkg,保證時段發電量_avg_MW,保證時段發電量_max_MW,保證時段發電量_min_MW,燃燒器角度_度,主蒸汽溫度_C,再熱蒸汽溫度_C,溫度Tag_C,原煤耗_g,未燃碳_飛灰保證_pct,熱耗率,SCR入口NOx,SCR入口CO,冷凝器真空度,冷凝器出口水溫_C,燃燒風門開度_A_pct,燃燒風門開度_B_pct,燃燒風門開度_C_pct,燃燒風門開度_D_pct,火上風門開度_FCP,火上風門開度_FCS,火上風門開度_FCT,火上風門開度_FCF
2026-01-02,A,哈薩克,781.6875,6220,38.38,13.1,2.7,2870.03125,8399,6137.835062771529,648.4561915873262,653.0009155273438,645.3359375,-30,530.0625582217559,529.5583452329746,388.63259016322723,334.11854352385944,2.0268313819761845,8581.22178806699,93.81024752139434,961.2507340044126,8,41.46430969238281,60,60,50,50,0.6000000238418579,0.6000000238418579,0.6000000238418579,0.6000000238418579
2026-01-02,B,哈薩克,879.03125,6220,38.38,13.1,2.7,2870.03125,8399,6137.835062771529,648.4561915873262,653.0009155273438,645.3359375,-30,530.0625582217559,529.5583452329746,388.63259016322723,334.11854352385944,2.0268313819761845,8581.22178806699,93.81024752139434,961.2507340044126,8,41.46430969238281,60,60,50,50,0.6000000238418579,0.6000000238418579,0.6000000238418579,0.6000000238418579
2026-01-02,C,印尼,557.65625,6025,38.07,16.5,4.4,2870.03125,8399,6137.835062771529,648.4561915873262,653.0009155273438,645.3359375,-30,530.0625582217559,529.5583452329746,388.63259016322723,334.11854352385944,2.0268313819761845,8581.22178806699,93.81024752139434,961.2507340044126,8,41.46430969238281,60,60,50,50,0.6000000238418579,0.6000000238418579,0.6000000238418579,0.6000000238418579
2026-01-02,D,印尼,651.65625,6025,38.07,16.5,4.4,2870.03125,8399,6137.835062771529,648.4561915873262,653.0009155273438,645.3359375,-30,530.0625582217559,529.5583452329746,388.63259016322723,334.11854352385944,2.0268313819761845,8581.22178806699,93.81024752139434,961.2507340044126,8,41.46430969238281,60,60,50,50,0.6000000238418579,0.6000000238418579,0.6000000238418579,0.6000000238418579
2026-01-05,A,哈薩克,780.90625,6220,38.38,13.1,2.7,2930.8125,8417,6136.181146439767,647.8125536984495,651.6024169921875,643.3516845703125,-30,530.6222779570712,529.9203315373419,389.3486964266065,349.01862206526715,2.220903900284455,8958.518210630435,96.59572929548393,2361.1851184761936,8.432706832885742,42.602542877197266,60,60,50,50,0.6000000238418579,0.6000000238418579,0.6000000238418579,0.6000000238418579
2026-01-05,B,哈薩克,890.125,6220,38.38,13.1,2.7,2930.8125,8417,6136.181146439767,647.8125536984495,651.6024169921875,643.3516845703125,-30,530.6222779570712,529.9203315373419,389.3486964266065,349.01862206526715,2.220903900284455,8958.518210630435,96.59572929548393,2361.1851184761936,8.432706832885742,42.602542877197266,60,60,50,50,0.6000000238418579,0.6000000238418579,0.6000000238418579,0.6000000238418579
2026-01-05,C,印尼,571.34375,6025,38.07,16.5,4.4,2930.8125,8417,6136.181146439767,647.8125536984495,651.6024169921875,643.3516845703125,-30,530.6222779570712,529.9203315373419,389.3486964266065,349.01862206526715,2.220903900284455,8958.518210630435,96.59572929548393,2361.1851184761936,8.432706832885742,42.602542877197266,60,60,50,50,0.6000000238418579,0.6000000238418579,0.6000000238418579,0.6000000238418579
2026-01-05,D,印尼,688.4375,6025,38.07,16.5,4.4,2930.8125,8417,6136.181146439767,647.8125536984495,651.6024169921875,643.3516845703125,-30,530.6222779570712,529.9203315373419,389.3486964266065,349.01862206526715,2.220903900284455,8958.518210630435,96.59572929548393,2361.1851184761936,8.432706832885742,42.602542877197266,60,60,50,50,0.6000000238418579,0.6000000238418579,0.6000000238418579,0.6000000238418579
2026-01-06,A,哈薩克,788.25,6220,38.38,13.1,2.7,2890.84375,8430,6259.258434496849,648.0641142315877,650.54736328125,642.5828247070312,-30,535.7040633471461,534.9809442146487,391.03498615650756,344.06699934554973,2.319980825629575,9012.037260209425,99.47888951417579,2005.267592406914,7.756501197814941,40.95985412597656,60,60,50,50,0.6000000238418579,0.6000000238418579,0.6000000238418579,0.6000000238418579
2026-01-06,B,哈薩克,932.59375,6220,38.38,13.1,2.7,2890.84375,8430,6259.258434496849,648.0641142315877,650.54736328125,642.5828247070312,-30,535.7040633471461,534.9809442146487,391.03498615650756,344.06699934554973,2.319980825629575,9012.037260209425,99.47888951417579,2005.267592406914,7.756501197814941,40.95985412597656,60,60,50,50,0.6000000238418579,0.6000000238418579,0.6000000238418579,0.6000000238418579
2026-01-06,C,印尼,538.75,6317,38.07,14.8,3.97,2890.84375,8430,6259.258434496849,648.0641142315877,650.54736328125,642.5828247070312,-30,535.7040633471461,534.9809442146487,391.03498615650756,344.06699934554973,2.319980825629575,9012.037260209425,99.47888951417579,2005.267592406914,7.756501197814941,40.95985412597656,60,60,50,50,0.6000000238418579,0.6000000238418579,0.6000000238418579,0.6000000238418579
2026-01-06,D,印尼,631.25,6317,38.07,14.8,3.97,2890.84375,8430,6259.258434496849,648.0641142315877,650.54736328125,642.5828247070312,-30,535.7040633471461,534.9809442146487,391.03498615650756,344.06699934554973,2.319980825629575,9012.037260209425,99.47888951417579,2005.267592406914,7.756501197814941,40.95985412597656,60,60,50,50,0.6000000238418579,0.6000000238418579,0.6000000238418579,0.6000000238418579
2026-01-07,A,哈薩克,780.46875,6220,38.38,13.1,2.7,2888.125,8405,6259.894687297122,646.9640693371863,655.74951171875,636.8359375,-30,533.1030381284511,532.4210364504141,389.90737422694014,343.6150284667234,2.422272845645635,8999.417128214776,106.25433043847468,1214.42838584812,7.7109375,40.8125,60,60,50,50,0.6000000238418579,0.6000000238418579,0.6000000238418579,0.6000000238418579
2026-01-07,B,哈薩克,919.8125,6220,38.38,13.1,2.7,2888.125,8405,6259.894687297122,646.9640693371863,655.74951171875,636.8359375,-30,533.1030381284511,532.4210364504141,389.90737422694014,343.6150284667234,2.422272845645635,8999.417128214776,106.25433043847468,1214.42838584812,7.7109375,40.8125,60,60,50,50,0.6000000238418579,0.6000000238418579,0.6000000238418579,0.6000000238418579
2026-01-07,C,印尼,534.8125,6317,38.07,14.8,3.97,2888.125,8405,6259.894687297122,646.9640693371863,655.74951171875,636.8359375,-30,533.1030381284511,532.4210364504141,389.90737422694014,343.6150284667234,2.422272845645635,8999.417128214776,106.25433043847468,1214.42838584812,7.7109375,40.8125,60,60,50,50,0.6000000238418579,0.6000000238418579,0.6000000238418579,0.6000000238418579
2026-01-07,D,印尼,653.03125,6317,38.07,14.8,3.97,2888.125,8405,6259.894687297122,646.9640693371863,655.74951171875,636.8359375,-30,533.1030381284511,532.4210364504141,389.90737422694014,343.6150284667234,2.422272845645635,8999.417128214776,106.25433043847468,1214.42838584812,7.7109375,40.8125,60,60,50,50,0.6000000238418579,0.6000000238418579,0.6000000238418579,0.6000000238418579
2026-01-08,A,哈薩克,789.46875,6220,38.38,13.1,2.7,2868.40625,8419,6099.1270413666125,648.522872183329,653.005859375,645.3325805664062,-30,535.9876841057888,535.284736037407,387.6550169100987,340.9978751225891,2.1237527162112038,8707.335479274272,129.81354904663243,1238.6405901695184,7.5793776512146,40.5,60,60,50,50,0.6000000238418579,0.6000000238418579,0.6000000238418579,0.6000000238418579
2026-01-08,B,哈薩克,813.5625,6220,38.38,13.1,2.7,2868.40625,8419,6099.1270413666125,648.522872183329,653.005859375,645.3325805664062,-30,535.9876841057888,535.284736037407,387.6550169100987,340.9978751225891,2.1237527162112038,8707.335479274272,129.81354904663243,1238.6405901695184,7.5793776512146,40.5,60,60,50,50,0.6000000238418579,0.6000000238418579,0.6000000238418579,0.6000000238418579
2026-01-08,C,印尼+澳洲,545.09375,5946,32.5,12.45,10.98,2868.40625,8419,6099.1270413666125,648.522872183329,653.005859375,645.3325805664062,-30,535.9876841057888,535.284736037407,387.6550169100987,340.9978751225891,2.1237527162112038,8707.335479274272,129.81354904663243,1238.6405901695184,7.5793776512146,40.5,60,60,50,50,0.6000000238418579,0.6000000238418579,0.6000000238418579,0.6000000238418579
2026-01-08,D,印尼+澳洲,720.28125,5946,32.5,12.45,10.98,2868.40625,8419,6099.1270413666125,648.522872183329,653.005859375,645.3325805664062,-30,535.9876841057888,535.284736037407,387.6550169100987,340.9978751225891,2.1237527162112038,8707.335479274272,129.81354904663243,1238.6405901695184,7.5793776512146,40.5,60,60,50,50,0.6000000238418579,0.6000000238418579,0.6000000238418579,0.6000000238418579
2026-01-09,A,澳洲,791.15625,6327,29.75,10,13.9,2800.75,8402,6158.516413014371,648.4672957710598,650.5433959960938,645.3412475585938,-30,531.8857867330046,531.2991803470861,381.05007536005274,333.0484785887599,1.9194873283434126,8582.525972506395,137.65497882173858,926.536697436539,7.489204406738281,40.28569412231445,60,60,50,50,0.6000000238418579,0.6000000238418579,0.6000000238418579,0.6000000238418579
2026-01-09,B,澳洲,771.0625,6327,29.75,10,13.9,2800.75,8402,6158.516413014371,648.4672957710598,650.5433959960938,645.3412475585938,-30,531.8857867330046,531.2991803470861,381.05007536005274,333.0484785887599,1.9194873283434126,8582.525972506395,137.65497882173858,926.536697436539,7.489204406738281,40.28569412231445,60,60,50,50,0.6000000238418579,0.6000000238418579,0.6000000238418579,0.6000000238418579
2026-01-09,C,印尼+澳洲,533.59375,5946,32.5,12.45,10.98,2800.75,8402,6158.516413014371,648.4672957710598,650.5433959960938,645.3412475585938,-30,531.8857867330046,531.2991803470861,381.05007536005274,333.0484785887599,1.9194873283434126,8582.525972506395,137.65497882173858,926.536697436539,7.489204406738281,40.28569412231445,60,60,50,50,0.6000000238418579,0.6000000238418579,0.6000000238418579,0.6000000238418579
2026-01-09,D,印尼+澳洲,704.9375,5946,32.5,12.45,10.98,2800.75,8402,6158.516413014371,648.4672957710598,650.5433959960938,645.3412475585938,-30,531.8857867330046,531.2991803470861,381.05007536005274,333.0484785887599,1.9194873283434126,8582.525972506395,137.65497882173858,926.536697436539,7.489204406738281,40.28569412231445,60,60,50,50,0.6000000238418579,0.6000000238418579,0.6000000238418579,0.6000000238418579
2026-01-10,A,澳洲,788.3125,6327,29.75,10,13.9,2800.25,8435,6157.976107044014,647.8492174855888,650.3519897460938,642.5850830078125,-30,528.6818242775188,528.3532796901259,376.8783769009208,332.89170695061404,2.177939764248579,8575.94214195192,121.1646430275657,612.0845597348964,7.4176716804504395,40.09375,60,60,50,50,0.800000011920929,0.800000011920929,0.800000011920929,0.800000011920929
2026-01-10,B,澳洲,769.65625,6327,29.75,10,13.9,2800.25,8435,6157.976107044014,647.8492174855888,650.3519897460938,642.5850830078125,-30,528.6818242775188,528.3532796901259,376.8783769009208,332.89170695061404,2.177939764248579,8575.94214195192,121.1646430275657,612.0845597348964,7.4176716804504395,40.09375,60,60,50,50,0.800000011920929,0.800000011920929,0.800000011920929,0.800000011920929
2026-01-10,C,印尼+澳洲,525.84375,5946,32.5,12.45,10.98,2800.25,8435,6157.976107044014,647.8492174855888,650.3519897460938,642.5850830078125,-30,528.6818242775188,528.3532796901259,376.8783769009208,332.89170695061404,2.177939764248579,8575.94214195192,121.1646430275657,612.0845597348964,7.4176716804504395,40.09375,60,60,50,50,0.800000011920929,0.800000011920929,0.800000011920929,0.800000011920929
2026-01-10,D,印尼+澳洲,716.4375,5946,32.5,12.45,10.98,2800.25,8435,6157.976107044014,647.8492174855888,650.3519897460938,642.5850830078125,-30,528.6818242775188,528.3532796901259,376.8783769009208,332.89170695061404,2.177939764248579,8575.94214195192,121.1646430275657,612.0845597348964,7.4176716804504395,40.09375,60,60,50,50,0.800000011920929,0.800000011920929,0.800000011920929,0.800000011920929
2026-01-12,A,澳洲,744.96875,6327,29.75,10,13.9,2812.875,8412,6151.958072257033,647.3617585711467,650.53955078125,642.27880859375,-30,529.6471762370209,529.3613282813,374.15134444584766,335.9211087070548,1.6436802108230244,8648.465462381982,113.11389724790058,1359.6120447312671,7.41015625,39.875,60,60,50,50,1,1,1,1
2026-01-12,B,澳洲,775.59375,6327,29.75,10,13.9,2812.875,8412,6151.958072257033,647.3617585711467,650.53955078125,642.27880859375,-30,529.6471762370209,529.3613282813,374.15134444584766,335.9211087070548,1.6436802108230244,8648.465462381982,113.11389724790058,1359.6120447312671,7.41015625,39.875,60,60,50,50,1,1,1,1
2026-01-12,C,印尼+澳洲,633.5,5946,32.5,12.45,10.98,2812.875,8412,6151.958072257033,647.3617585711467,650.53955078125,642.27880859375,-30,529.6471762370209,529.3613282813,374.15134444584766,335.9211087070548,1.6436802108230244,8648.465462381982,113.11389724790058,1359.6120447312671,7.41015625,39.875,60,60,50,50,1,1,1,1
2026-01-12,D,印尼+澳洲,658.8125,5946,32.5,12.45,10.98,2812.875,8412,6151.958072257033,647.3617585711467,650.53955078125,642.27880859375,-30,529.6471762370209,529.3613282813,374.15134444584766,335.9211087070548,1.6436802108230244,8648.465462381982,113.11389724790058,1359.6120447312671,7.41015625,39.875,60,60,50,50,1,1,1,1
2026-01-13,A,澳洲,745.5625,6327,29.75,10,13.9,2775.4375,8359,6149.0306933591555,643.0367098366818,650.8743286132812,571.4921875,-30,521.6897874116593,521.5397861690741,371.9334655839869,332.3021222856393,2.08168631312852,8548.691970970282,120.37725493056216,595.2494170742059,7.4375,39.99557876586914,60,60,50,50,1,1,1,1
2026-01-13,B,澳洲,733.4375,6327,29.75,10,13.9,2775.4375,8359,6149.0306933591555,643.0367098366818,650.8743286132812,571.4921875,-30,521.6897874116593,521.5397861690741,371.9334655839869,332.3021222856393,2.08168631312852,8548.691970970282,120.37725493056216,595.2494170742059,7.4375,39.99557876586914,60,60,50,50,1,1,1,1
2026-01-13,C,印尼+澳洲,630.53125,5946,32.5,12.45,10.98,2775.4375,8359,6149.0306933591555,643.0367098366818,650.8743286132812,571.4921875,-30,521.6897874116593,521.5397861690741,371.9334655839869,332.3021222856393,2.08168631312852,8548.691970970282,120.37725493056216,595.2494170742059,7.4375,39.99557876586914,60,60,50,50,1,1,1,1
2026-01-13,D,印尼+澳洲,665.90625,5946,32.5,12.45,10.98,2775.4375,8359,6149.0306933591555,643.0367098366818,650.8743286132812,571.4921875,-30,521.6897874116593,521.5397861690741,371.9334655839869,332.3021222856393,2.08168631312852,8548.691970970282,120.37725493056216,595.2494170742059,7.4375,39.99557876586914,60,60,50,50,1,1,1,1
2026-01-14,A,澳洲,761.21875,6327,29.75,10,13.9,2791.5,8416,6322.411629052481,647.3286412231757,650.0140991210938,643.55078125,-30,531.8514703611405,531.5816819976143,372.8771043452655,333.6111566186107,1.6619383752898973,8824.95054077654,108.188584018761,781.4448043198042,7.393131256103516,40.00432205200195,60,60,50,50,1.5,1.5,1.5,1.5
2026-01-14,B,澳洲,749.4375,6327,29.75,10,13.9,2791.5,8416,6322.411629052481,647.3286412231757,650.0140991210938,643.55078125,-30,531.8514703611405,531.5816819976143,372.8771043452655,333.6111566186107,1.6619383752898973,8824.95054077654,108.188584018761,781.4448043198042,7.393131256103516,40.00432205200195,60,60,50,50,1.5,1.5,1.5,1.5
2026-01-14,C,印尼,612.40625,6317,38.07,14.8,3.97,2791.5,8416,6322.411629052481,647.3286412231757,650.0140991210938,643.55078125,-30,531.8514703611405,531.5816819976143,372.8771043452655,333.6111566186107,1.6619383752898973,8824.95054077654,108.188584018761,781.4448043198042,7.393131256103516,40.00432205200195,60,60,50,50,1.5,1.5,1.5,1.5
2026-01-14,D,印尼,668.4375,6317,38.07,14.8,3.97,2791.5,8416,6322.411629052481,647.3286412231757,650.0140991210938,643.55078125,-30,531.8514703611405,531.5816819976143,372.8771043452655,333.6111566186107,1.6619383752898973,8824.95054077654,108.188584018761,781.4448043198042,7.393131256103516,40.00432205200195,60,60,50,50,1.5,1.5,1.5,1.5
2026-01-15,A,澳洲,810.375,6327,29.75,10,13.9,2546.1875,7707,6323.442475269398,591.6348347773637,651.6377563476562,545.1717529296875,-30,519.0568919163508,519.0530390818813,361.56976791166926,328.5570627568434,1.3200724911485797,8692.383755781153,107.08119088342644,1052.360261680222,7.4375,40.120452880859375,60,60,50,50,1,1,1,1
2026-01-15,B,澳洲,830,6327,29.75,10,13.9,2546.1875,7707,6323.442475269398,591.6348347773637,651.6377563476562,545.1717529296875,-30,519.0568919163508,519.0530390818813,361.56976791166926,328.5570627568434,1.3200724911485797,8692.383755781153,107.08119088342644,1052.360261680222,7.4375,40.120452880859375,60,60,50,50,1,1,1,1
2026-01-15,C,印尼,189.625,6317,38.07,14.8,3.97,2546.1875,7707,6323.442475269398,591.6348347773637,651.6377563476562,545.1717529296875,-30,519.0568919163508,519.0530390818813,361.56976791166926,328.5570627568434,1.3200724911485797,8692.383755781153,107.08119088342644,1052.360261680222,7.4375,40.120452880859375,60,60,50,50,1,1,1,1
2026-01-15,D,印尼,716.1875,6317,38.07,14.8,3.97,2546.1875,7707,6323.442475269398,591.6348347773637,651.6377563476562,545.1717529296875,-30,519.0568919163508,519.0530390818813,361.56976791166926,328.5570627568434,1.3200724911485797,8692.383755781153,107.08119088342644,1052.360261680222,7.4375,40.120452880859375,60,60,50,50,1,1,1,1
2026-01-16,A,澳洲,826.875,6327,29.75,10,13.9,2465.03125,7439,6323.909395164868,572.269445551021,600.840576171875,566.84375,-29.8941330415186,511.7681778090864,512.0279478495619,356.1217223495894,330.4230315105896,3.435780156032613,8742.698604752417,97.87026875944052,1388.208735799362,6.813653469085693,38.34375,60,60,50,50,1,1,1,1
2026-01-16,B,澳洲,876.3125,6327,29.75,10,13.9,2465.03125,7439,6323.909395164868,572.269445551021,600.840576171875,566.84375,-29.8941330415186,511.7681778090864,512.0279478495619,356.1217223495894,330.4230315105896,3.435780156032613,8742.698604752417,97.87026875944052,1388.208735799362,6.813653469085693,38.34375,60,60,50,50,1,1,1,1
2026-01-16,C,印尼,0,6317,38.07,14.8,3.97,2465.03125,7439,6323.909395164868,572.269445551021,600.840576171875,566.84375,-29.8941330415186,511.7681778090864,512.0279478495619,356.1217223495894,330.4230315105896,3.435780156032613,8742.698604752417,97.87026875944052,1388.208735799362,6.813653469085693,38.34375,60,60,50,50,1,1,1,1
2026-01-16,D,印尼,761.84375,6317,38.07,14.8,3.97,2465.03125,7439,6323.909395164868,572.269445551021,600.840576171875,566.84375,-29.8941330415186,511.7681778090864,512.0279478495619,356.1217223495894,330.4230315105896,3.435780156032613,8742.698604752417,97.87026875944052,1388.208735799362,6.813653469085693,38.34375,60,60,50,50,1,1,1,1
2026-01-17,A,澳洲,908.21875,6327,29.75,10,13.9,2573.15625,7753,6323.995664371334,598.5741030017433,604.9659423828125,587.9703369140625,-27.23227724864144,513.991377240717,514.2193341322348,361.19441041445765,331.96491008991006,5.879085842619977,8783.612797006565,98.22617523740409,1003.8301610519272,7.143189430236816,39.34375,60,60,50,50,1.2999999523162842,1.2999999523162842,1.2999999523162842,1.2999999523162842
2026-01-17,B,澳洲,891.875,6327,29.75,10,13.9,2573.15625,7753,6323.995664371334,598.5741030017433,604.9659423828125,587.9703369140625,-27.23227724864144,513.991377240717,514.2193341322348,361.19441041445765,331.96491008991006,5.879085842619977,8783.612797006565,98.22617523740409,1003.8301610519272,7.143189430236816,39.34375,60,60,50,50,1.2999999523162842,1.2999999523162842,1.2999999523162842,1.2999999523162842
2026-01-17,C,印尼,0,6317,38.07,14.8,3.97,2573.15625,7753,6323.995664371334,598.5741030017433,604.9659423828125,587.9703369140625,-27.23227724864144,513.991377240717,514.2193341322348,361.19441041445765,331.96491008991006,5.879085842619977,8783.612797006565,98.22617523740409,1003.8301610519272,7.143189430236816,39.34375,60,60,50,50,1.2999999523162842,1.2999999523162842,1.2999999523162842,1.2999999523162842
2026-01-17,D,印尼,773.0625,6317,38.07,14.8,3.97,2573.15625,7753,6323.995664371334,598.5741030017433,604.9659423828125,587.9703369140625,-27.23227724864144,513.991377240717,514.2193341322348,361.19441041445765,331.96491008991006,5.879085842619977,8783.612797006565,98.22617523740409,1003.8301610519272,7.143189430236816,39.34375,60,60,50,50,1.2999999523162842,1.2999999523162842,1.2999999523162842,1.2999999523162842
2026-01-19,A,澳洲,762.375,6327,29.75,10,13.9,2795.15625,8371,6322.467158589077,645.245085811371,651.08349609375,637.3413696289062,-25.185657757650418,529.1239583385434,529.0456220990717,369.52471146235547,332.7592294554293,2.6540559516446263,8802.502983790975,104.3999296571778,826.1843079433856,7.70444393157959,40.625,60,60,50,50,1.5,1.5,1.5,1.5
2026-01-19,B,澳洲,765.78125,6327,29.75,10,13.9,2795.15625,8371,6322.467158589077,645.245085811371,651.08349609375,637.3413696289062,-25.185657757650418,529.1239583385434,529.0456220990717,369.52471146235547,332.7592294554293,2.6540559516446263,8802.502983790975,104.3999296571778,826.1843079433856,7.70444393157959,40.625,60,60,50,50,1.5,1.5,1.5,1.5
2026-01-19,C,印尼,632.03125,6317,38.07,14.8,3.97,2795.15625,8371,6322.467158589077,645.245085811371,651.08349609375,637.3413696289062,-25.185657757650418,529.1239583385434,529.0456220990717,369.52471146235547,332.7592294554293,2.6540559516446263,8802.502983790975,104.3999296571778,826.1843079433856,7.70444393157959,40.625,60,60,50,50,1.5,1.5,1.5,1.5
2026-01-19,D,印尼,634.96875,6317,38.07,14.8,3.97,2795.15625,8371,6322.467158589077,645.245085811371,651.08349609375,637.3413696289062,-25.185657757650418,529.1239583385434,529.0456220990717,369.52471146235547,332.7592294554293,2.6540559516446263,8802.502983790975,104.3999296571778,826.1843079433856,7.70444393157959,40.625,60,60,50,50,1.5,1.5,1.5,1.5
2026-01-20,A,澳洲,766.09375,6327,29.75,10,13.9,2812.4375,8429,6322.536011911376,648.4320960471697,651.412109375,645.6716918945312,-30,526.3722995264735,526.2996467463338,372.88025664306326,333.865775540885,1.381076117117141,8831.859704229035,116.53707602448408,336.07394868310985,7.73922872543335,40.808109283447266,60,60,50,50,0.800000011920929,0.800000011920929,0.800000011920929,0.800000011920929
2026-01-20,B,澳洲,790.875,6327,29.75,10,13.9,2812.4375,8429,6322.536011911376,648.4320960471697,651.412109375,645.6716918945312,-30,526.3722995264735,526.2996467463338,372.88025664306326,333.865775540885,1.381076117117141,8831.859704229035,116.53707602448408,336.07394868310985,7.73922872543335,40.808109283447266,60,60,50,50,0.800000011920929,0.800000011920929,0.800000011920929,0.800000011920929
2026-01-20,C,印尼,625.84375,6317,38.07,14.8,3.97,2812.4375,8429,6322.536011911376,648.4320960471697,651.412109375,645.6716918945312,-30,526.3722995264735,526.2996467463338,372.88025664306326,333.865775540885,1.381076117117141,8831.859704229035,116.53707602448408,336.07394868310985,7.73922872543335,40.808109283447266,60,60,50,50,0.800000011920929,0.800000011920929,0.800000011920929,0.800000011920929
2026-01-20,D,印尼,629.625,6317,38.07,14.8,3.97,2812.4375,8429,6322.536011911376,648.4320960471697,651.412109375,645.6716918945312,-30,526.3722995264735,526.2996467463338,372.88025664306326,333.865775540885,1.381076117117141,8831.859704229035,116.53707602448408,336.07394868310985,7.73922872543335,40.808109283447266,60,60,50,50,0.800000011920929,0.800000011920929,0.800000011920929,0.800000011920929
2026-01-21,A,澳洲,782,6293,29.17,10,12.74,2848,8437,6303.765449438202,648.3146645626449,653.1613159179688,638.0361328125,-30,527.5493285976512,527.4839106326524,374.86483854520947,337.90452942329046,2.153111838823304,8912.035395777544,127.04254242216885,168.3587453063105,7.5690531730651855,40.375,60,60,50,50,0.8999999761581421,0.8999999761581421,0.8999999761581421,0.8999999761581421
2026-01-21,B,澳洲,788.5,6293,29.17,10,12.74,2848,8437,6303.765449438202,648.3146645626449,653.1613159179688,638.0361328125,-30,527.5493285976512,527.4839106326524,374.86483854520947,337.90452942329046,2.153111838823304,8912.035395777544,127.04254242216885,168.3587453063105,7.5690531730651855,40.375,60,60,50,50,0.8999999761581421,0.8999999761581421,0.8999999761581421,0.8999999761581421
2026-01-21,C,印尼,635.3125,6317,38.07,14.8,3.97,2848,8437,6303.765449438202,648.3146645626449,653.1613159179688,638.0361328125,-30,527.5493285976512,527.4839106326524,374.86483854520947,337.90452942329046,2.153111838823304,8912.035395777544,127.04254242216885,168.3587453063105,7.5690531730651855,40.375,60,60,50,50,0.8999999761581421,0.8999999761581421,0.8999999761581421,0.8999999761581421
2026-01-21,D,印尼,642.1875,6317,38.07,14.8,3.97,2848,8437,6303.765449438202,648.3146645626449,653.1613159179688,638.0361328125,-30,527.5493285976512,527.4839106326524,374.86483854520947,337.90452942329046,2.153111838823304,8912.035395777544,127.04254242216885,168.3587453063105,7.5690531730651855,40.375,60,60,50,50,0.8999999761581421,0.8999999761581421,0.8999999761581421,0.8999999761581421
2026-01-22,A,澳洲,765.15625,6293,29.17,10,12.74,2781.84375,8379,6197.5250395982885,646.232862389606,652.693359375,633.3539428710938,-30,526.532923458784,526.506778893104,372.66627212915665,334.33930212710084,1.2004843499191815,8669.242630769104,115.2897449982472,507.175389666435,7.417726516723633,40.15625,60,60,50,50,1.2000000476837158,1.2000000476837158,1.2000000476837158,1.2000000476837158
2026-01-22,B,澳洲,742.84375,6293,29.17,10,12.74,2781.84375,8379,6197.5250395982885,646.232862389606,652.693359375,633.3539428710938,-30,526.532923458784,526.506778893104,372.66627212915665,334.33930212710084,1.2004843499191815,8669.242630769104,115.2897449982472,507.175389666435,7.417726516723633,40.15625,60,60,50,50,1.2000000476837158,1.2000000476837158,1.2000000476837158,1.2000000476837158
2026-01-22,C,印尼,630.375,6084.5,37.34,14.85,6.19,2781.84375,8379,6197.5250395982885,646.232862389606,652.693359375,633.3539428710938,-30,526.532923458784,526.506778893104,372.66627212915665,334.33930212710084,1.2004843499191815,8669.242630769104,115.2897449982472,507.175389666435,7.417726516723633,40.15625,60,60,50,50,1.2000000476837158,1.2000000476837158,1.2000000476837158,1.2000000476837158
2026-01-22,D,印尼,643.46875,6084.5,37.34,14.85,6.19,2781.84375,8379,6197.5250395982885,646.232862389606,652.693359375,633.3539428710938,-30,526.532923458784,526.506778893104,372.66627212915665,334.33930212710084,1.2004843499191815,8669.242630769104,115.2897449982472,507.175389666435,7.417726516723633,40.15625,60,60,50,50,1.2000000476837158,1.2000000476837158,1.2000000476837158,1.2000000476837158
2026-01-23,A,澳洲,785.4375,6293,29.17,10,12.74,2871.4375,8437,6197.685779117603,648.4583172029851,650.5424194335938,646.2094116210938,-30,526.7317797945343,526.7602281948974,371.119599873522,339.40705651747794,2.9157992549973097,8800.247492869978,110.47991422684947,2095.634774651326,7.393256664276123,39.99103927612305,60,60,50,50,1.2000000476837158,1.2000000476837158,1.2000000476837158,1.2000000476837158
2026-01-23,B,澳洲,773.34375,6293,29.17,10,12.74,2871.4375,8437,6197.685779117603,648.4583172029851,650.5424194335938,646.2094116210938,-30,526.7317797945343,526.7602281948974,371.119599873522,339.40705651747794,2.9157992549973097,8800.247492869978,110.47991422684947,2095.634774651326,7.393256664276123,39.99103927612305,60,60,50,50,1.2000000476837158,1.2000000476837158,1.2000000476837158,1.2000000476837158
2026-01-23,C,印尼,659.96875,6084.5,37.34,14.85,6.19,2871.4375,8437,6197.685779117603,648.4583172029851,650.5424194335938,646.2094116210938,-30,526.7317797945343,526.7602281948974,371.119599873522,339.40705651747794,2.9157992549973097,8800.247492869978,110.47991422684947,2095.634774651326,7.393256664276123,39.99103927612305,60,60,50,50,1.2000000476837158,1.2000000476837158,1.2000000476837158,1.2000000476837158
2026-01-23,D,印尼,652.6875,6084.5,37.34,14.85,6.19,2871.4375,8437,6197.685779117603,648.4583172029851,650.5424194335938,646.2094116210938,-30,526.7317797945343,526.7602281948974,371.119599873522,339.40705651747794,2.9157992549973097,8800.247492869978,110.47991422684947,2095.634774651326,7.393256664276123,39.99103927612305,60,60,50,50,1.2000000476837158,1.2000000476837158,1.2000000476837158,1.2000000476837158
2026-01-24,A,澳洲,789.21875,6334,29.42,11.2,11.6,2896.5625,8412,6326.440878196137,648.4214041239161,656.087646484375,640.9885864257812,-30,528.4832915282891,528.3671491283461,379.2727166834012,343.625090098945,2.4328435007758795,9095.761105612344,118.81354636999465,989.8288768909957,7.400728702545166,39.96875,60,60,50,50,0.800000011920929,0.800000011920929,0.800000011920929,0.800000011920929
2026-01-24,B,澳洲,819.375,6334,29.42,11.2,11.6,2896.5625,8412,6326.440878196137,648.4214041239161,656.087646484375,640.9885864257812,-30,528.4832915282891,528.3671491283461,379.2727166834012,343.625090098945,2.4328435007758795,9095.761105612344,118.81354636999465,989.8288768909957,7.400728702545166,39.96875,60,60,50,50,0.800000011920929,0.800000011920929,0.800000011920929,0.800000011920929
2026-01-24,C,印尼,642.1875,6317,38.07,14.8,3.97,2896.5625,8412,6326.440878196137,648.4214041239161,656.087646484375,640.9885864257812,-30,528.4832915282891,528.3671491283461,379.2727166834012,343.625090098945,2.4328435007758795,9095.761105612344,118.81354636999465,989.8288768909957,7.400728702545166,39.96875,60,60,50,50,0.800000011920929,0.800000011920929,0.800000011920929,0.800000011920929
2026-01-24,D,印尼,645.78125,6317,38.07,14.8,3.97,2896.5625,8412,6326.440878196137,648.4214041239161,656.087646484375,640.9885864257812,-30,528.4832915282891,528.3671491283461,379.2727166834012,343.625090098945,2.4328435007758795,9095.761105612344,118.81354636999465,989.8288768909957,7.400728702545166,39.96875,60,60,50,50,0.800000011920929,0.800000011920929,0.800000011920929,0.800000011920929
2026-01-26,A,澳洲,785.59375,6334,29.42,11.2,11.6,2902.6875,8380,6223.956333570183,645.8842465139716,651.6078491210938,637.597900390625,-30,528.9180239239056,528.7761288299756,382.808447453185,346.88631873559433,1.5631593313620276,9031.628466019098,112.792558579683,1322.0567228192708,7.278738021850586,39.69203186035156,60,60,50,50,0.800000011920929,0.800000011920929,0.800000011920929,0.800000011920929
2026-01-26,B,澳洲,836.84375,6334,29.42,11.2,11.6,2902.6875,8380,6223.956333570183,645.8842465139716,651.6078491210938,637.597900390625,-30,528.9180239239056,528.7761288299756,382.808447453185,346.88631873559433,1.5631593313620276,9031.628466019098,112.792558579683,1322.0567228192708,7.278738021850586,39.69203186035156,60,60,50,50,0.800000011920929,0.800000011920929,0.800000011920929,0.800000011920929
2026-01-26,C,印尼,637.9375,6084.5,37.34,14.85,6.19,2902.6875,8380,6223.956333570183,645.8842465139716,651.6078491210938,637.597900390625,-30,528.9180239239056,528.7761288299756,382.808447453185,346.88631873559433,1.5631593313620276,9031.628466019098,112.792558579683,1322.0567228192708,7.278738021850586,39.69203186035156,60,60,50,50,0.800000011920929,0.800000011920929,0.800000011920929,0.800000011920929
2026-01-26,D,印尼,642.3125,6084.5,37.34,14.85,6.19,2902.6875,8380,6223.956333570183,645.8842465139716,651.6078491210938,637.597900390625,-30,528.9180239239056,528.7761288299756,382.808447453185,346.88631873559433,1.5631593313620276,9031.628466019098,112.792558579683,1322.0567228192708,7.278738021850586,39.69203186035156,60,60,50,50,0.800000011920929,0.800000011920929,0.800000011920929,0.800000011920929
2026-01-27,A,澳洲,827.125,6334,29.42,11.2,11.6,2943.40625,8437,6226.058780749345,648.474961927175,650.5407104492188,646.2095336914062,-30,525.96455029672,525.8759652307489,380.7882294209147,346.72667624208395,1.561058035454314,9030.249364611216,115.39201818019266,930.113801582522,7.32421875,39.87054443359375,60,60,50,50,0.8999999761581421,0.8999999761581421,0.8999999761581421,0.8999999761581421
2026-01-27,B,澳洲,842.875,6334,29.42,11.2,11.6,2943.40625,8437,6226.058780749345,648.474961927175,650.5407104492188,646.2095336914062,-30,525.96455029672,525.8759652307489,380.7882294209147,346.72667624208395,1.561058035454314,9030.249364611216,115.39201818019266,930.113801582522,7.32421875,39.87054443359375,60,60,50,50,0.8999999761581421,0.8999999761581421,0.8999999761581421,0.8999999761581421
2026-01-27,C,印尼,630.96875,6084.5,37.34,14.85,6.19,2943.40625,8437,6226.058780749345,648.474961927175,650.5407104492188,646.2095336914062,-30,525.96455029672,525.8759652307489,380.7882294209147,346.72667624208395,1.561058035454314,9030.249364611216,115.39201818019266,930.113801582522,7.32421875,39.87054443359375,60,60,50,50,0.8999999761581421,0.8999999761581421,0.8999999761581421,0.8999999761581421
2026-01-27,D,印尼,642.4375,6084.5,37.34,14.85,6.19,2943.40625,8437,6226.058780749345,648.474961927175,650.5407104492188,646.2095336914062,-30,525.96455029672,525.8759652307489,380.7882294209147,346.72667624208395,1.561058035454314,9030.249364611216,115.39201818019266,930.113801582522,7.32421875,39.87054443359375,60,60,50,50,0.8999999761581421,0.8999999761581421,0.8999999761581421,0.8999999761581421
2026-01-28,A,澳洲,807.875,6334,29.42,11.2,11.6,2872.84375,8437,6225.782282363947,648.5036583629716,652.1356201171875,646.1954345703125,-28.74977606847863,527.6937177709367,527.6936272732274,379.8164084382002,342.33661146746954,1.7802904859814457,8916.51444015087,104.5412593455687,745.8172830149398,7.32421875,39.84811019897461,60,60,50,50,0.699999988079071,0.699999988079071,0.699999988079071,0.699999988079071
2026-01-28,B,澳洲,818.90625,6334,29.42,11.2,11.6,2872.84375,8437,6225.782282363947,648.5036583629716,652.1356201171875,646.1954345703125,-28.74977606847863,527.6937177709367,527.6936272732274,379.8164084382002,342.33661146746954,1.7802904859814457,8916.51444015087,104.5412593455687,745.8172830149398,7.32421875,39.84811019897461,60,60,50,50,0.699999988079071,0.699999988079071,0.699999988079071,0.699999988079071
2026-01-28,C,印尼,611.5625,6084.5,37.34,14.85,6.19,2872.84375,8437,6225.782282363947,648.5036583629716,652.1356201171875,646.1954345703125,-28.74977606847863,527.6937177709367,527.6936272732274,379.8164084382002,342.33661146746954,1.7802904859814457,8916.51444015087,104.5412593455687,745.8172830149398,7.32421875,39.84811019897461,60,60,50,50,0.699999988079071,0.699999988079071,0.699999988079071,0.699999988079071
2026-01-28,D,印尼,634.5,6084.5,37.34,14.85,6.19,2872.84375,8437,6225.782282363947,648.5036583629716,652.1356201171875,646.1954345703125,-28.74977606847863,527.6937177709367,527.6936272732274,379.8164084382002,342.33661146746954,1.7802904859814457,8916.51444015087,104.5412593455687,745.8172830149398,7.32421875,39.84811019897461,60,60,50,50,0.699999988079071,0.699999988079071,0.699999988079071,0.699999988079071
2026-01-29,A,澳洲,811.4375,6334,29.42,11.2,11.6,2888.21875,8434,6225.362231262781,648.3830795092961,649.8157958984375,643.5460205078125,-28.667138747679882,532.962883973733,532.8258592654497,380.97539962377306,344.35096153846155,1.9104146001328015,8969.75423663985,105.66985323001177,558.4697781880697,7.32421875,39.901817321777344,60,60,50,50,1.5,1.5,1.5,1.5
2026-01-29,B,澳洲,819.1875,6334,29.42,11.2,11.6,2888.21875,8434,6225.362231262781,648.3830795092961,649.8157958984375,643.5460205078125,-28.667138747679882,532.962883973733,532.8258592654497,380.97539962377306,344.35096153846155,1.9104146001328015,8969.75423663985,105.66985323001177,558.4697781880697,7.32421875,39.901817321777344,60,60,50,50,1.5,1.5,1.5,1.5
2026-01-29,C,印尼,614.9375,6084.5,37.34,14.85,6.19,2888.21875,8434,6225.362231262781,648.3830795092961,649.8157958984375,643.5460205078125,-28.667138747679882,532.962883973733,532.8258592654497,380.97539962377306,344.35096153846155,1.9104146001328015,8969.75423663985,105.66985323001177,558.4697781880697,7.32421875,39.901817321777344,60,60,50,50,1.5,1.5,1.5,1.5
2026-01-29,D,印尼,642.65625,6084.5,37.34,14.85,6.19,2888.21875,8434,6225.362231262781,648.3830795092961,649.8157958984375,643.5460205078125,-28.667138747679882,532.962883973733,532.8258592654497,380.97539962377306,344.35096153846155,1.9104146001328015,8969.75423663985,105.66985323001177,558.4697781880697,7.32421875,39.901817321777344,60,60,50,50,1.5,1.5,1.5,1.5
2026-01-30,A,澳洲,816.9375,6334,29.42,11.2,11.6,2892.125,8434,6224.38207740848,648.0584920507563,650.8704833984375,644.2734375,-30,532.1661297240117,532.0616981809179,380.3887138806293,343.99672125799293,1.6627066244608724,8955.774591666122,107.023356956648,562.3933636888804,7.28515625,39.90625,60,60,50,50,1.5,1.5,1.5,1.5
2026-01-30,B,澳洲,804.53125,6334,29.42,11.2,11.6,2892.125,8434,6224.38207740848,648.0584920507563,650.8704833984375,644.2734375,-30,532.1661297240117,532.0616981809179,380.3887138806293,343.99672125799293,1.6627066244608724,8955.774591666122,107.023356956648,562.3933636888804,7.28515625,39.90625,60,60,50,50,1.5,1.5,1.5,1.5
2026-01-30,C,印尼,625.0625,6084.5,37.34,14.85,6.19,2892.125,8434,6224.38207740848,648.0584920507563,650.8704833984375,644.2734375,-30,532.1661297240117,532.0616981809179,380.3887138806293,343.99672125799293,1.6627066244608724,8955.774591666122,107.023356956648,562.3933636888804,7.28515625,39.90625,60,60,50,50,1.5,1.5,1.5,1.5
2026-01-30,D,印尼,645.59375,6084.5,37.34,14.85,6.19,2892.125,8434,6224.38207740848,648.0584920507563,650.8704833984375,644.2734375,-30,532.1661297240117,532.0616981809179,380.3887138806293,343.99672125799293,1.6627066244608724,8955.774591666122,107.023356956648,562.3933636888804,7.28515625,39.90625,60,60,50,50,1.5,1.5,1.5,1.5
2026-01-31,A,澳洲,794,6334,29.42,11.2,11.6,2838,8429,6225.747616058844,648.3500402113971,651.5966186523438,643.1077880859375,-30,523.1564764005732,523.1335436714749,380.84100017474344,336.35970071227865,2.7263942092560125,8761.753249060643,119.17277872669254,1374.6462724907908,7.313449382781982,39.84375,60,60,50,50,1.399999976158142,1.399999976158142,1.399999976158142,1.399999976158142
2026-01-31,B,澳洲,812.65625,6334,29.42,11.2,11.6,2838,8429,6225.747616058844,648.3500402113971,651.5966186523438,643.1077880859375,-30,523.1564764005732,523.1335436714749,380.84100017474344,336.35970071227865,2.7263942092560125,8761.753249060643,119.17277872669254,1374.6462724907908,7.313449382781982,39.84375,60,60,50,50,1.399999976158142,1.399999976158142,1.399999976158142,1.399999976158142
2026-01-31,C,印尼,602.40625,6084.5,37.34,14.85,6.19,2838,8429,6225.747616058844,648.3500402113971,651.5966186523438,643.1077880859375,-30,523.1564764005732,523.1335436714749,380.84100017474344,336.35970071227865,2.7263942092560125,8761.753249060643,119.17277872669254,1374.6462724907908,7.313449382781982,39.84375,60,60,50,50,1.399999976158142,1.399999976158142,1.399999976158142,1.399999976158142
2026-01-31,D,印尼,628.9375,6084.5,37.34,14.85,6.19,2838,8429,6225.747616058844,648.3500402113971,651.5966186523438,643.1077880859375,-30,523.1564764005732,523.1335436714749,380.84100017474344,336.35970071227865,2.7263942092560125,8761.753249060643,119.17277872669254,1374.6462724907908,7.313449382781982,39.84375,60,60,50,50,1.399999976158142,1.399999976158142,1.399999976158142,1.399999976158142
2026-02-02,A,澳洲,807.34375,6334,29.42,11.2,11.6,3053.90625,8392,6110.1959785111285,647.1432138428358,651.41357421875,638.3394165039062,-27.984947282639915,522.8876299065397,522.9646436296156,376.7578763059338,364.3157479797648,1.4241252430901294,9315.78973300046,110.63857418557872,2398.8361557475137,7.482623100280762,40.28125,60,60,50,50,1.5,1.5,1.5,1.5
2026-02-02,B,澳洲,810.6875,6334,29.42,11.2,11.6,3053.90625,8392,6110.1959785111285,647.1432138428358,651.41357421875,638.3394165039062,-27.984947282639915,522.8876299065397,522.9646436296156,376.7578763059338,364.3157479797648,1.4241252430901294,9315.78973300046,110.63857418557872,2398.8361557475137,7.482623100280762,40.28125,60,60,50,50,1.5,1.5,1.5,1.5
2026-02-02,C,印尼,695.8125,5858,37.64,16.15,7.74,3053.90625,8392,6110.1959785111285,647.1432138428358,651.41357421875,638.3394165039062,-27.984947282639915,522.8876299065397,522.9646436296156,376.7578763059338,364.3157479797648,1.4241252430901294,9315.78973300046,110.63857418557872,2398.8361557475137,7.482623100280762,40.28125,60,60,50,50,1.5,1.5,1.5,1.5
2026-02-02,D,印尼,740.0625,5858,37.64,16.15,7.74,3053.90625,8392,6110.1959785111285,647.1432138428358,651.41357421875,638.3394165039062,-27.984947282639915,522.8876299065397,522.9646436296156,376.7578763059338,364.3157479797648,1.4241252430901294,9315.78973300046,110.63857418557872,2398.8361557475137,7.482623100280762,40.28125,60,60,50,50,1.5,1.5,1.5,1.5
2026-02-03,A,澳洲,748.53125,6334,29.42,11.2,11.6,2971.5,8409,6172.691317516405,648.1229226973355,651.4139404296875,643.3557739257812,-30,524.0991434941207,524.0813764098965,379.8148924688549,359.5613776379604,1.3537244869187377,9286.667594024446,107.31098461882843,1725.065612129543,7.417705535888672,40.125,60,60,50,50,0.600000023841857,0.6000000238418579,0.6000000238418579,0.6000000238418579
2026-02-03,B,澳洲,823.46875,6334,29.42,11.2,11.6,2971.5,8409,6172.691317516405,648.1229226973355,651.4139404296875,643.3557739257812,-30,524.0991434941207,524.0813764098965,379.8148924688549,359.5613776379604,1.3537244869187377,9286.667594024446,107.31098461882843,1725.065612129543,7.417705535888672,40.125,60,60,50,50,0.600000023841857,0.6000000238418579,0.6000000238418579,0.6000000238418579
2026-02-03,C,印尼,656.5,5991.5,37.67,14.9,6.25,2971.5,8409,6172.691317516405,648.1229226973355,651.4139404296875,643.3557739257812,-30,524.0991434941207,524.0813764098965,379.8148924688549,359.5613776379604,1.3537244869187377,9286.667594024446,107.31098461882843,1725.065612129543,7.417705535888672,40.125,60,60,50,50,0.600000023841857,0.6000000238418579,0.6000000238418579,0.6000000238418579
2026-02-03,D,印尼,743,5991.5,37.67,14.9,6.25,2971.5,8409,6172.691317516405,648.1229226973355,651.4139404296875,643.3557739257812,-30,524.0991434941207,524.0813764098965,379.8148924688549,359.5613776379604,1.3537244869187377,9286.667594024446,107.31098461882843,1725.065612129543,7.417705535888672,40.125,60,60,50,50,0.600000023841857,0.6000000238418579,0.6000000238418579,0.6000000238418579
2026-02-04,A,澳洲,791.875,6334,29.42,11.2,11.6,3013.3125,8434,6239.4051915458485,647.8473572401745,652.1312866210938,640.9807739257812,-30,526.771233756219,526.4878636821152,384.58849367888075,358.3529373325492,3.557895030714199,9354.535433150364,110.17777807328402,3652.794713949608,7.38671875,39.94211196899414,60,60,50,50,1.2999999523162842,1.2999999523162842,1.2999999523162842,1.2999999523162842
2026-02-04,B,澳洲,817.28125,6334,29.42,11.2,11.6,3013.3125,8434,6239.4051915458485,647.8473572401745,652.1312866210938,640.9807739257812,-30,526.771233756219,526.4878636821152,384.58849367888075,358.3529373325492,3.557895030714199,9354.535433150364,110.17777807328402,3652.794713949608,7.38671875,39.94211196899414,60,60,50,50,1.2999999523162842,1.2999999523162842,1.2999999523162842,1.2999999523162842
2026-02-04,C,印尼,667.75,6131,29.85,14.89,4.1,3013.3125,8434,6239.4051915458485,647.8473572401745,652.1312866210938,640.9807739257812,-30,526.771233756219,526.4878636821152,384.58849367888075,358.3529373325492,3.557895030714199,9354.535433150364,110.17777807328402,3652.794713949608,7.38671875,39.94211196899414,60,60,50,50,1.2999999523162842,1.2999999523162842,1.2999999523162842,1.2999999523162842
2026-02-04,D,印尼,736.40625,6131,29.85,14.89,4.1,3013.3125,8434,6239.4051915458485,647.8473572401745,652.1312866210938,640.9807739257812,-30,526.771233756219,526.4878636821152,384.58849367888075,358.3529373325492,3.557895030714199,9354.535433150364,110.17777807328402,3652.794713949608,7.38671875,39.94211196899414,60,60,50,50,1.2999999523162842,1.2999999523162842,1.2999999523162842,1.2999999523162842
2026-02-05,A,澳洲,789.25,6293,29.17,10,12.74,2971.53125,8427,6102.893478740969,647.7256902904462,650.8770751953125,639.0969848632812,-30,528.2606485274137,528.1222064318255,380.259381501571,352.7482848742241,1.1140602258809171,9007.120198399216,105.85553728771941,1952.0560312295509,7.19921875,39.46875,60,60,50,50,0.6000000238418579,0.6000000238418579,0.6000000238418579,0.6000000238418579
2026-02-05,B,澳洲,807.53125,6334,0,0,0,2971.53125,8427,6102.893478740969,647.7256902904462,650.8770751953125,639.0969848632812,-30,528.2606485274137,528.1222064318255,380.259381501571,352.7482848742241,1.1140602258809171,9007.120198399216,105.85553728771941,1952.0560312295509,7.19921875,39.46875,60,60,50,50,0.6000000238418579,0.6000000238418579,0.6000000238418579,0.6000000238418579
2026-02-05,C,印尼,664.28125,5858,37.64,16.15,7.74,2971.53125,8427,6102.893478740969,647.7256902904462,650.8770751953125,639.0969848632812,-30,528.2606485274137,528.1222064318255,380.259381501571,352.7482848742241,1.1140602258809171,9007.120198399216,105.85553728771941,1952.0560312295509,7.19921875,39.46875,60,60,50,50,0.6000000238418579,0.6000000238418579,0.6000000238418579,0.6000000238418579
2026-02-05,D,印尼,710.46875,5858,37.64,16.15,7.74,2971.53125,8427,6102.893478740969,647.7256902904462,650.8770751953125,639.0969848632812,-30,528.2606485274137,528.1222064318255,380.259381501571,352.7482848742241,1.1140602258809171,9007.120198399216,105.85553728771941,1952.0560312295509,7.19921875,39.46875,60,60,50,50,0.6000000238418579,0.6000000238418579,0.6000000238418579,0.6000000238418579
2026-02-06,A,澳洲,781.34375,6220,29.85,11.9,13.1,2987.90625,8426,6050.409400395344,648.4210084881014,650.5440673828125,646.1962890625,-30,527.6505873892313,527.7429777569783,375.3971469030356,355.7802194214066,1.2762956806399104,9009.263046267877,100.21270408532808,1936.0108020714176,7.268235683441162,39.75447082519531,60,60,50,50,0.6000000238418579,0.6000000238418579,0.6000000238418579,0.6000000238418579
2026-02-06,B,澳洲,806.78125,6220,29.85,11.9,13.1,2987.90625,8426,6050.409400395344,648.4210084881014,650.5440673828125,646.1962890625,-30,527.6505873892313,527.7429777569783,375.3971469030356,355.7802194214066,1.2762956806399104,9009.263046267877,100.21270408532808,1936.0108020714176,7.268235683441162,39.75447082519531,60,60,50,50,0.6000000238418579,0.6000000238418579,0.6000000238418579,0.6000000238418579
2026-02-06,C,印尼,690.0625,5858,37.64,16.15,7.74,2987.90625,8426,6050.409400395344,648.4210084881014,650.5440673828125,646.1962890625,-30,527.6505873892313,527.7429777569783,375.3971469030356,355.7802194214066,1.2762956806399104,9009.263046267877,100.21270408532808,1936.0108020714176,7.268235683441162,39.75447082519531,60,60,50,50,0.6000000238418579,0.6000000238418579,0.6000000238418579,0.6000000238418579
2026-02-06,D,印尼,709.71875,5858,37.64,16.15,7.74,2987.90625,8426,6050.409400395344,648.4210084881014,650.5440673828125,646.1962890625,-30,527.6505873892313,527.7429777569783,375.3971469030356,355.7802194214066,1.2762956806399104,9009.263046267877,100.21270408532808,1936.0108020714176,7.268235683441162,39.75447082519531,60,60,50,50,0.6000000238418579,0.6000000238418579,0.6000000238418579,0.6000000238418579
2026-02-07,A,澳洲,796.21875,6220,29.85,11.9,13.1,2982.34375,8424,6048.993073819877,648.4353091344809,652.4714965820312,645.3726806640625,-29.773290968307144,525.1171709143597,525.1930776922904,373.28348605651075,354.5802806306012,1.5591171417057188,8974.158265846798,97.6537989350536,1457.3750048391043,7.341109275817871,39.9329833984375,60,60,50,50,1,1,1,1
2026-02-07,B,澳洲,777.28125,6220,29.85,11.9,13.1,2982.34375,8424,6048.993073819877,648.4353091344809,652.4714965820312,645.3726806640625,-29.773290968307144,525.1171709143597,525.1930776922904,373.28348605651075,354.5802806306012,1.5591171417057188,8974.158265846798,97.6537989350536,1457.3750048391043,7.341109275817871,39.9329833984375,60,60,50,50,1,1,1,1
2026-02-07,C,印尼,650.53125,5858,37.64,16.15,7.74,2982.34375,8424,6048.993073819877,648.4353091344809,652.4714965820312,645.3726806640625,-29.773290968307144,525.1171709143597,525.1930776922904,373.28348605651075,354.5802806306012,1.5591171417057188,8974.158265846798,97.6537989350536,1457.3750048391043,7.341109275817871,39.9329833984375,60,60,50,50,1,1,1,1
2026-02-07,D,印尼,758.3125,5858,37.64,16.15,7.74,2982.34375,8424,6048.993073819877,648.4353091344809,652.4714965820312,645.3726806640625,-29.773290968307144,525.1171709143597,525.1930776922904,373.28348605651075,354.5802806306012,1.5591171417057188,8974.158265846798,97.6537989350536,1457.3750048391043,7.341109275817871,39.9329833984375,60,60,50,50,1,1,1,1
2026-02-09,A,澳洲,798.96875,6220,29.85,11.9,13.1,2985.09375,8416,6051.769134135235,648.3308068004716,651.9304809570312,642.048828125,-30,526.6854411952027,526.7625113484804,375.1137630921191,356.5637903912958,0.8109140723639651,9023.256508750083,105.11742344536745,635.0208234957722,7.216656684875488,39.5,60,60,50,50,1.5,1.5,1.5,1.5
2026-02-09,B,澳洲,787.28125,6220,29.85,11.9,13.1,2985.09375,8416,6051.769134135235,648.3308068004716,651.9304809570312,642.048828125,-30,526.6854411952027,526.7625113484804,375.1137630921191,356.5637903912958,0.8109140723639651,9023.256508750083,105.11742344536745,635.0208234957722,7.216656684875488,39.5,60,60,50,50,1.5,1.5,1.5,1.5
2026-02-09,C,印尼,643,5861,38.16,16.78,7.41,2985.09375,8416,6051.769134135235,648.3308068004716,651.9304809570312,642.048828125,-30,526.6854411952027,526.7625113484804,375.1137630921191,356.5637903912958,0.8109140723639651,9023.256508750083,105.11742344536745,635.0208234957722,7.216656684875488,39.5,60,60,50,50,1.5,1.5,1.5,1.5
2026-02-09,D,印尼,755.84375,5861,38.16,16.78,7.41,2985.09375,8416,6051.769134135235,648.3308068004716,651.9304809570312,642.048828125,-30,526.6854411952027,526.7625113484804,375.1137630921191,356.5637903912958,0.8109140723639651,9023.256508750083,105.11742344536745,635.0208234957722,7.216656684875488,39.5,60,60,50,50,1.5,1.5,1.5,1.5
2026-02-10,A,澳洲,786.5625,6220,29.85,11.9,13.1,2915.625,8398,6046.5271168274385,646.1021621587026,650.8871459960938,639.0978393554688,-30,529.3580678954454,529.398349693669,374.97702358079994,350.2385121424363,1.3137468407892392,8859.701837500817,104.21269918768607,1027.9435343437488,7.32421875,39.71875,60,60,50,50,1.2000000476837158,1.2000000476837158,1.2000000476837158,1.2000000476837158
2026-02-10,B,澳洲,731.875,6220,29.85,11.9,13.1,2915.625,8398,6046.5271168274385,646.1021621587026,650.8871459960938,639.0978393554688,-30,529.3580678954454,529.398349693669,374.97702358079994,350.2385121424363,1.3137468407892392,8859.701837500817,104.21269918768607,1027.9435343437488,7.32421875,39.71875,60,60,50,50,1.2000000476837158,1.2000000476837158,1.2000000476837158,1.2000000476837158
2026-02-10,C,印尼,651.03125,5858,37.64,16.15,7.74,2915.625,8398,6046.5271168274385,646.1021621587026,650.8871459960938,639.0978393554688,-30,529.3580678954454,529.398349693669,374.97702358079994,350.2385121424363,1.3137468407892392,8859.701837500817,104.21269918768607,1027.9435343437488,7.32421875,39.71875,60,60,50,50,1.2000000476837158,1.2000000476837158,1.2000000476837158,1.2000000476837158
2026-02-10,D,印尼,746.15625,5858,37.64,16.15,7.74,2915.625,8398,6046.5271168274385,646.1021621587026,650.8871459960938,639.0978393554688,-30,529.3580678954454,529.398349693669,374.97702358079994,350.2385121424363,1.3137468407892392,8859.701837500817,104.21269918768607,1027.9435343437488,7.32421875,39.71875,60,60,50,50,1.2000000476837158,1.2000000476837158,1.2000000476837158,1.2000000476837158
2026-02-11,A,澳洲,801.15625,6220,29.85,11.9,13.1,2953.8125,8431,6051.7149235098705,648.3447594215803,651.0776977539062,643.7589111328125,-30,530.085053114635,530.1661897547104,373.9426957542634,352.4729716488111,1.3227318104475283,8920.796206493336,99.83316231261739,2052.9542628529734,7.375731945037842,39.9375,60,60,50,50,1.2999999523162842,1.2000000476837158,1.2999999523162842,1.2000000476837158
2026-02-11,B,澳洲,779.5,6220,29.85,11.9,13.1,2953.8125,8431,6051.7149235098705,648.3447594215803,651.0776977539062,643.7589111328125,-30,530.085053114635,530.1661897547104,373.9426957542634,352.4729716488111,1.3227318104475283,8920.796206493336,99.83316231261739,2052.9542628529734,7.375731945037842,39.9375,60,60,50,50,1.2999999523162842,1.2000000476837158,1.2999999523162842,1.2000000476837158
2026-02-11,C,印尼,657.625,5858,37.64,16.15,7.74,2953.8125,8431,6051.7149235098705,648.3447594215803,651.0776977539062,643.7589111328125,-30,530.085053114635,530.1661897547104,373.9426957542634,352.4729716488111,1.3227318104475283,8920.796206493336,99.83316231261739,2052.9542628529734,7.375731945037842,39.9375,60,60,50,50,1.2999999523162842,1.2000000476837158,1.2999999523162842,1.2000000476837158
2026-02-11,D,印尼,715.53125,5858,37.64,16.15,7.74,2953.8125,8431,6051.7149235098705,648.3447594215803,651.0776977539062,643.7589111328125,-30,530.085053114635,530.1661897547104,373.9426957542634,352.4729716488111,1.3227318104475283,8920.796206493336,99.83316231261739,2052.9542628529734,7.375731945037842,39.9375,60,60,50,50,1.2999999523162842,1.2000000476837158,1.2999999523162842,1.2000000476837158
2026-02-12,A,澳洲,795.78125,6220,29.85,11.9,13.1,3009.46875,8427,6044.7606201260605,647.903220564508,650.8757934570312,644.2901611328125,-30,527.7817894820972,527.8219137752758,374.4822768969914,355.3219560813019,1.554367349224863,8988.303396313968,94.35969613702096,2634.0174939089725,7.35837984085083,39.90625,60,60,50,50,1.2000000476837158,1.2000000476837158,1.2000000476837158,1.2000000476837158
2026-02-12,B,澳洲,756.84375,6220,29.85,11.9,13.1,3009.46875,8427,6044.7606201260605,647.903220564508,650.8757934570312,644.2901611328125,-30,527.7817894820972,527.8219137752758,374.4822768969914,355.3219560813019,1.554367349224863,8988.303396313968,94.35969613702096,2634.0174939089725,7.35837984085083,39.90625,60,60,50,50,1.2000000476837158,1.2000000476837158,1.2000000476837158,1.2000000476837158
2026-02-12,C,印尼,648.40625,5858,37.64,16.15,7.74,3009.46875,8427,6044.7606201260605,647.903220564508,650.8757934570312,644.2901611328125,-30,527.7817894820972,527.8219137752758,374.4822768969914,355.3219560813019,1.554367349224863,8988.303396313968,94.35969613702096,2634.0174939089725,7.35837984085083,39.90625,60,60,50,50,1.2000000476837158,1.2000000476837158,1.2000000476837158,1.2000000476837158
2026-02-12,D,印尼,808.4375,5858,37.64,16.15,7.74,3009.46875,8427,6044.7606201260605,647.903220564508,650.8757934570312,644.2901611328125,-30,527.7817894820972,527.8219137752758,374.4822768969914,355.3219560813019,1.554367349224863,8988.303396313968,94.35969613702096,2634.0174939089725,7.35837984085083,39.90625,60,60,50,50,1.2000000476837158,1.2000000476837158,1.2000000476837158,1.2000000476837158
2026-02-13,A,澳洲,793.90625,6220,29.85,11.9,13.1,2964.0625,8367,6048.0872113864,642.5239059565317,650.8828125,613.0848999023438,-30,528.4449276893606,528.4752543470161,373.2570912926511,360.09644213471915,0,9119.654300253182,97.93467981042997,2252.1332730770723,7.4375,40.214351654052734,60,60,50,50,1.2000000476837158,1.2000000476837158,1.2000000476837158,1.2000000476837158
2026-02-13,B,澳洲,762.53125,6220,29.85,11.9,13.1,2964.0625,8367,6048.0872113864,642.5239059565317,650.8828125,613.0848999023438,-30,528.4449276893606,528.4752543470161,373.2570912926511,360.09644213471915,0,9119.654300253182,97.93467981042997,2252.1332730770723,7.4375,40.214351654052734,60,60,50,50,1.2000000476837158,1.2000000476837158,1.2000000476837158,1.2000000476837158
2026-02-13,C,印尼,663.9375,5858,37.64,16.15,7.74,2964.0625,8367,6048.0872113864,642.5239059565317,650.8828125,613.0848999023438,-30,528.4449276893606,528.4752543470161,373.2570912926511,360.09644213471915,0,9119.654300253182,97.93467981042997,2252.1332730770723,7.4375,40.214351654052734,60,60,50,50,1.2000000476837158,1.2000000476837158,1.2000000476837158,1.2000000476837158
2026-02-13,D,印尼,743.6875,5858,37.64,16.15,7.74,2964.0625,8367,6048.0872113864,642.5239059565317,650.8828125,613.0848999023438,-30,528.4449276893606,528.4752543470161,373.2570912926511,360.09644213471915,0,9119.654300253182,97.93467981042997,2252.1332730770723,7.4375,40.214351654052734,60,60,50,50,1.2000000476837158,1.2000000476837158,1.2000000476837158,1.2000000476837158
2026-02-14,A,澳洲,753.28125,6220,29.85,11.9,13.1,2888.8125,8137,6046.274680340105,615.8898326746948,654.2715454101562,498.943359375,-30,526.6604358253577,526.6645667034646,370.96151409490636,355.0755453271963,0,8985.261164632111,100.62472898088149,1452.9056870589782,7.34765625,39.875,60,60,50,50,1,1,1,1
2026-02-14,B,澳洲,725.8125,6220,29.85,11.9,13.1,2888.8125,8137,6046.274680340105,615.8898326746948,654.2715454101562,498.943359375,-30,526.6604358253577,526.6645667034646,370.96151409490636,355.0755453271963,0,8985.261164632111,100.62472898088149,1452.9056870589782,7.34765625,39.875,60,60,50,50,1,1,1,1
2026-02-14,C,印尼,671.59375,5864,38.67,17.4,7.08,2888.8125,8137,6046.274680340105,615.8898326746948,654.2715454101562,498.943359375,-30,526.6604358253577,526.6645667034646,370.96151409490636,355.0755453271963,0,8985.261164632111,100.62472898088149,1452.9056870589782,7.34765625,39.875,60,60,50,50,1,1,1,1
2026-02-14,D,印尼,738.125,5864,38.67,17.4,7.08,2888.8125,8137,6046.274680340105,615.8898326746948,654.2715454101562,498.943359375,-30,526.6604358253577,526.6645667034646,370.96151409490636,355.0755453271963,0,8985.261164632111,100.62472898088149,1452.9056870589782,7.34765625,39.875,60,60,50,50,1,1,1,1
2026-02-16,A,澳洲,797.59375,6220,29.85,11.9,13.1,2943.96875,8319,6052.870041504347,639.4138025152104,644.06591796875,632.5859375,-30,529.7357437641115,529.7467378972436,374.78131134735656,352.16788097507833,0,8916.321162876211,93.31041836555657,1412.6477214003462,7.3412909507751465,39.9107551574707,60,60,50,50,1.399999976158142,1.399999976158142,1.399999976158142,1.399999976158142
2026-02-16,B,澳洲,764.28125,6220,29.85,11.9,13.1,2943.96875,8319,6052.870041504347,639.4138025152104,644.06591796875,632.5859375,-30,529.7357437641115,529.7467378972436,374.78131134735656,352.16788097507833,0,8916.321162876211,93.31041836555657,1412.6477214003462,7.3412909507751465,39.9107551574707,60,60,50,50,1.399999976158142,1.399999976158142,1.399999976158142,1.399999976158142
2026-02-16,C,印尼,644.125,5864,38.67,17.4,7.08,2943.96875,8319,6052.870041504347,639.4138025152104,644.06591796875,632.5859375,-30,529.7357437641115,529.7467378972436,374.78131134735656,352.16788097507833,0,8916.321162876211,93.31041836555657,1412.6477214003462,7.3412909507751465,39.9107551574707,60,60,50,50,1.399999976158142,1.399999976158142,1.399999976158142,1.399999976158142
2026-02-16,D,印尼,737.96875,5864,38.67,17.4,7.08,2943.96875,8319,6052.870041504347,639.4138025152104,644.06591796875,632.5859375,-30,529.7357437641115,529.7467378972436,374.78131134735656,352.16788097507833,0,8916.321162876211,93.31041836555657,1412.6477214003462,7.3412909507751465,39.9107551574707,60,60,50,50,1.399999976158142,1.399999976158142,1.399999976158142,1.399999976158142
2026-02-17,A,澳洲,820.90625,6303,27.93,11,12.14,2976.09375,8335,6101.655105790938,640.5618632675132,643.5474243164062,638.3348388671875,-25.158369700926954,514.735654240679,515.0068833919437,373.35247381263986,359.82500679255537,0,9182.95914592107,90.10694621834914,1087.0757331945706,7.614131450653076,40.54031753540039,60,60,50,50,1.5,1.5,1.5,1.5
2026-02-17,B,澳洲,790.21875,6303,27.93,11,12.14,2976.09375,8335,6101.655105790938,640.5618632675132,643.5474243164062,638.3348388671875,-25.158369700926954,514.735654240679,515.0068833919437,373.35247381263986,359.82500679255537,0,9182.95914592107,90.10694621834914,1087.0757331945706,7.614131450653076,40.54031753540039,60,60,50,50,1.5,1.5,1.5,1.5
2026-02-17,C,印尼,657.84375,5864,38.67,17.4,7.08,2976.09375,8335,6101.655105790938,640.5618632675132,643.5474243164062,638.3348388671875,-25.158369700926954,514.735654240679,515.0068833919437,373.35247381263986,359.82500679255537,0,9182.95914592107,90.10694621834914,1087.0757331945706,7.614131450653076,40.54031753540039,60,60,50,50,1.5,1.5,1.5,1.5
2026-02-17,D,印尼,707.125,5864,38.67,17.4,7.08,2976.09375,8335,6101.655105790938,640.5618632675132,643.5474243164062,638.3348388671875,-25.158369700926954,514.735654240679,515.0068833919437,373.35247381263986,359.82500679255537,0,9182.95914592107,90.10694621834914,1087.0757331945706,7.614131450653076,40.54031753540039,60,60,50,50,1.5,1.5,1.5,1.5
2026-02-18,A,澳洲,830.9375,6303,27.93,11,12.14,2991.03125,8348,6105.008995643225,640.2601525972566,642.04345703125,637.79296875,-25.372347478061688,519.6856831894506,519.9409137540462,374.0726655535686,357.52278333561736,0,9127.075486004522,90.70123494921438,838.8208825387004,7.6875,40.80790710449219,60,60,50,50,1.5,1.5,1.5,1.5
2026-02-18,B,澳洲,811.125,6303,27.93,11,12.14,2991.03125,8348,6105.008995643225,640.2601525972566,642.04345703125,637.79296875,-25.372347478061688,519.6856831894506,519.9409137540462,374.0726655535686,357.52278333561736,0,9127.075486004522,90.70123494921438,838.8208825387004,7.6875,40.80790710449219,60,60,50,50,1.5,1.5,1.5,1.5
2026-02-18,C,印尼,653.65625,5864,38.67,17.4,7.08,2991.03125,8348,6105.008995643225,640.2601525972566,642.04345703125,637.79296875,-25.372347478061688,519.6856831894506,519.9409137540462,374.0726655535686,357.52278333561736,0,9127.075486004522,90.70123494921438,838.8208825387004,7.6875,40.80790710449219,60,60,50,50,1.5,1.5,1.5,1.5
2026-02-18,D,印尼,695.3125,5864,38.67,17.4,7.08,2991.03125,8348,6105.008995643225,640.2601525972566,642.04345703125,637.79296875,-25.372347478061688,519.6856831894506,519.9409137540462,374.0726655535686,357.52278333561736,0,9127.075486004522,90.70123494921438,838.8208825387004,7.6875,40.80790710449219,60,60,50,50,1.5,1.5,1.5,1.5
2026-02-19,A,澳洲,806.25,6303,27.93,11,12.14,2964.125,8276,6102.795228355754,636.2182914558274,642.5919189453125,623.9927368164062,-21.234539107593427,517.7932154272523,517.9399623236693,375.0148753680841,356.7504295532646,0,9108.600503281788,89.52766607728455,1058.1894890865706,7.7734375,40.89760208129883,60,60,50,50,1.5,1.5,1.5,1.5
2026-02-19,B,澳洲,806.09375,6303,27.93,11,12.14,2964.125,8276,6102.795228355754,636.2182914558274,642.5919189453125,623.9927368164062,-21.234539107593427,517.7932154272523,517.9399623236693,375.0148753680841,356.7504295532646,0,9108.600503281788,89.52766607728455,1058.1894890865706,7.7734375,40.89760208129883,60,60,50,50,1.5,1.5,1.5,1.5
2026-02-19,C,印尼,634.90625,5864,38.67,17.4,7.08,2964.125,8276,6102.795228355754,636.2182914558274,642.5919189453125,623.9927368164062,-21.234539107593427,517.7932154272523,517.9399623236693,375.0148753680841,356.7504295532646,0,9108.600503281788,89.52766607728455,1058.1894890865706,7.7734375,40.89760208129883,60,60,50,50,1.5,1.5,1.5,1.5
2026-02-19,D,印尼,716.875,5864,38.67,17.4,7.08,2964.125,8276,6102.795228355754,636.2182914558274,642.5919189453125,623.9927368164062,-21.234539107593427,517.7932154272523,517.9399623236693,375.0148753680841,356.7504295532646,0,9108.600503281788,89.52766607728455,1058.1894890865706,7.7734375,40.89760208129883,60,60,50,50,1.5,1.5,1.5,1.5
2026-02-20,A,澳洲,790.34375,6303,27.93,11,12.14,2968.125,8216,6100.938902926932,632.2549090373242,636.5241088867188,627.084228515625,-20.775226361306427,513.5372406942461,513.7686942410286,374.46902087277465,360.7826765574651,0,9207.934769871106,89.18329400845501,1300.989832436642,7.73289680480957,40.77669143676758,60,60,50,50,1.5,1.5,1.5,1.5
2026-02-20,B,澳洲,811.625,6303,27.93,11,12.14,2968.125,8216,6100.938902926932,632.2549090373242,636.5241088867188,627.084228515625,-20.775226361306427,513.5372406942461,513.7686942410286,374.46902087277465,360.7826765574651,0,9207.934769871106,89.18329400845501,1300.989832436642,7.73289680480957,40.77669143676758,60,60,50,50,1.5,1.5,1.5,1.5
2026-02-20,C,印尼,662.5625,5864,38.67,17.4,7.08,2968.125,8216,6100.938902926932,632.2549090373242,636.5241088867188,627.084228515625,-20.775226361306427,513.5372406942461,513.7686942410286,374.46902087277465,360.7826765574651,0,9207.934769871106,89.18329400845501,1300.989832436642,7.73289680480957,40.77669143676758,60,60,50,50,1.5,1.5,1.5,1.5
2026-02-20,D,印尼,703.59375,5864,38.67,17.4,7.08,2968.125,8216,6100.938902926932,632.2549090373242,636.5241088867188,627.084228515625,-20.775226361306427,513.5372406942461,513.7686942410286,374.46902087277465,360.7826765574651,0,9207.934769871106,89.18329400845501,1300.989832436642,7.73289680480957,40.77669143676758,60,60,50,50,1.5,1.5,1.5,1.5
2026-02-23,A,澳洲,772.375,6303,27.93,11,12.14,2898,8154,6160.938837129054,626.9836820714614,638.5625,612.830078125,-19.81919548151743,512.2431317887953,512.4134359140226,374.2060773610459,356.0411473421815,1.4300846037134038,9173.689154904669,92.94486354623,726.4663642434513,7.607678413391113,40.5,60,60,50,50,1.5,1.5,1.5,1.5
2026-02-23,B,澳洲,791.125,6303,27.93,11,12.14,2898,8154,6160.938837129054,626.9836820714614,638.5625,612.830078125,-19.81919548151743,512.2431317887953,512.4134359140226,374.2060773610459,356.0411473421815,1.4300846037134038,9173.689154904669,92.94486354623,726.4663642434513,7.607678413391113,40.5,60,60,50,50,1.5,1.5,1.5,1.5
2026-02-23,C,印尼,631.5,5994.5,38.19,15.52,5.92,2898,8154,6160.938837129054,626.9836820714614,638.5625,612.830078125,-19.81919548151743,512.2431317887953,512.4134359140226,374.2060773610459,356.0411473421815,1.4300846037134038,9173.689154904669,92.94486354623,726.4663642434513,7.607678413391113,40.5,60,60,50,50,1.5,1.5,1.5,1.5
2026-02-23,D,印尼,703,5994.5,38.19,15.52,5.92,2898,8154,6160.938837129054,626.9836820714614,638.5625,612.830078125,-19.81919548151743,512.2431317887953,512.4134359140226,374.2060773610459,356.0411473421815,1.4300846037134038,9173.689154904669,92.94486354623,726.4663642434513,7.607678413391113,40.5,60,60,50,50,1.5,1.5,1.5,1.5
2026-02-24,A,澳洲,756.46875,6303,27.93,11,12.14,2867.4375,8147,6158.005874147213,623.1193016422984,631.1116333007812,616.1241455078125,-20.91100865678714,514.6610187813449,514.7985219735929,374.42425185884053,354.49231937879813,1.3957209348382864,9132.371302354828,89.41977064322937,725.0831494343555,7.330604076385498,39.99551773071289,60,60,50,50,1.5,1.5,1.5,1.5
2026-02-24,B,澳洲,763.28125,6303,27.93,11,12.14,2867.4375,8147,6158.005874147213,623.1193016422984,631.1116333007812,616.1241455078125,-20.91100865678714,514.6610187813449,514.7985219735929,374.42425185884053,354.49231937879813,1.3957209348382864,9132.371302354828,89.41977064322937,725.0831494343555,7.330604076385498,39.99551773071289,60,60,50,50,1.5,1.5,1.5,1.5
2026-02-24,C,印尼,622.6875,5994.5,38.19,15.52,5.92,2867.4375,8147,6158.005874147213,623.1193016422984,631.1116333007812,616.1241455078125,-20.91100865678714,514.6610187813449,514.7985219735929,374.42425185884053,354.49231937879813,1.3957209348382864,9132.371302354828,89.41977064322937,725.0831494343555,7.330604076385498,39.99551773071289,60,60,50,50,1.5,1.5,1.5,1.5
2026-02-24,D,印尼,725,5994.5,38.19,15.52,5.92,2867.4375,8147,6158.005874147213,623.1193016422984,631.1116333007812,616.1241455078125,-20.91100865678714,514.6610187813449,514.7985219735929,374.42425185884053,354.49231937879813,1.3957209348382864,9132.371302354828,89.41977064322937,725.0831494343555,7.330604076385498,39.99551773071289,60,60,50,50,1.5,1.5,1.5,1.5
2026-02-25,A,澳洲,781.46875,6303,27.93,11,12.14,2912,8133,6160.001842054431,625.7665825963326,636.522216796875,619.10546875,-18.949786283780853,503.78906523175255,504.13599225993045,373.8642096165806,360.1087911345361,1.4243163604605633,9279.506788916482,87.3508442344568,1398.1530373809892,7.01171875,39.098270416259766,60,60,50,50,1.5,1.5,1.5,1.5
2026-02-25,B,澳洲,791.375,6303,27.93,11,12.14,2912,8133,6160.001842054431,625.7665825963326,636.522216796875,619.10546875,-18.949786283780853,503.78906523175255,504.13599225993045,373.8642096165806,360.1087911345361,1.4243163604605633,9279.506788916482,87.3508442344568,1398.1530373809892,7.01171875,39.098270416259766,60,60,50,50,1.5,1.5,1.5,1.5
2026-02-25,C,印尼,609.75,5992.05,37.76,15.01,6.19,2912,8133,6160.001842054431,625.7665825963326,636.522216796875,619.10546875,-18.949786283780853,503.78906523175255,504.13599225993045,373.8642096165806,360.1087911345361,1.4243163604605633,9279.506788916482,87.3508442344568,1398.1530373809892,7.01171875,39.098270416259766,60,60,50,50,1.5,1.5,1.5,1.5
2026-02-25,D,印尼,729.40625,5992.05,37.76,15.01,6.19,2912,8133,6160.001842054431,625.7665825963326,636.522216796875,619.10546875,-18.949786283780853,503.78906523175255,504.13599225993045,373.8642096165806,360.1087911345361,1.4243163604605633,9279.506788916482,87.3508442344568,1398.1530373809892,7.01171875,39.098270416259766,60,60,50,50,1.5,1.5,1.5,1.5
2026-02-26,A,澳洲,724.5,6303,27.93,11,12.14,2885.9375,8150,6219.179101245262,624.4125535579593,631.1531982421875,617.6725463867188,-5.733410952950988,512.7914341685107,512.5697298952381,368.3962382831232,355.2095974919094,1.6592076315338735,9242.181462024675,93.52124892720177,3404.827879922774,7.341162204742432,39.90182113647461,60,60,50,50,1.5,1.5,1.5,1.5
2026-02-26,B,澳洲,755.03125,6303,27.93,11,12.14,2885.9375,8150,6219.179101245262,624.4125535579593,631.1531982421875,617.6725463867188,-5.733410952950988,512.7914341685107,512.5697298952381,368.3962382831232,355.2095974919094,1.6592076315338735,9242.181462024675,93.52124892720177,3404.827879922774,7.341162204742432,39.90182113647461,60,60,50,50,1.5,1.5,1.5,1.5
2026-02-26,C,印尼,651.65625,6131,38.73,14.89,4.1,2885.9375,8150,6219.179101245262,624.4125535579593,631.1531982421875,617.6725463867188,-5.733410952950988,512.7914341685107,512.5697298952381,368.3962382831232,355.2095974919094,1.6592076315338735,9242.181462024675,93.52124892720177,3404.827879922774,7.341162204742432,39.90182113647461,60,60,50,50,1.5,1.5,1.5,1.5
2026-02-26,D,印尼,754.75,6131,38.73,14.89,4.1,2885.9375,8150,6219.179101245262,624.4125535579593,631.1531982421875,617.6725463867188,-5.733410952950988,512.7914341685107,512.5697298952381,368.3962382831232,355.2095974919094,1.6592076315338735,9242.181462024675,93.52124892720177,3404.827879922774,7.341162204742432,39.90182113647461,60,60,50,50,1.5,1.5,1.5,1.5
2026-03-04,A,澳洲,831.2284579167026,6303,27.93,11,12.14,3265.8200816668104,8437,6070.784117975323,648.4208210118286,650.34326171875,645.8768310546875,-30,528.3126144214054,528.2844167255685,381.9610501262538,386.18899483356904,1.095586339299652,9810.040787886757,101.51293205788069,1554.0520921302268,8.204495429992676,41.90625,60,60,50,50,0.800000011920929,0.800000011920929,0.800000011920929,0.800000011920929
2026-03-04,B,印尼,871.8222079167026,5991.5,37.67,14.9,6.25,3265.8200816668104,8437,6070.784117975323,648.4208210118286,650.34326171875,645.8768310546875,-30,528.3126144214054,528.2844167255685,381.9610501262538,386.18899483356904,1.095586339299652,9810.040787886757,101.51293205788069,1554.0520921302268,8.204495429992676,41.90625,60,60,50,50,0.800000011920929,0.800000011920929,0.800000011920929,0.800000011920929
2026-03-04,C,印尼,747.7597079167026,5991.5,37.67,14.9,6.25,3265.8200816668104,8437,6070.784117975323,648.4208210118286,650.34326171875,645.8768310546875,-30,528.3126144214054,528.2844167255685,381.9610501262538,386.18899483356904,1.095586339299652,9810.040787886757,101.51293205788069,1554.0520921302268,8.204495429992676,41.90625,60,60,50,50,0.800000011920929,0.800000011920929,0.800000011920929,0.800000011920929
2026-03-04,D,印尼,815.0097079167026,5991.5,37.67,14.9,6.25,3265.8200816668104,8437,6070.784117975323,648.4208210118286,650.34326171875,645.8768310546875,-30,528.3126144214054,528.2844167255685,381.9610501262538,386.18899483356904,1.095586339299652,9810.040787886757,101.51293205788069,1554.0520921302268,8.204495429992676,41.90625,60,60,50,50,0.800000011920929,0.800000011920929,0.800000011920929,0.800000011920929
2026-03-05,A,澳洲,842.1659579166444,6303,27.93,11,12.14,3289.0075816665776,8437,6071.261049306584,648.5052645554018,650.876953125,646.3955688476562,-30,528.077264576007,528.0782176454354,380.12413540032816,389.5390654388631,1.3611916099787609,9896.43315150343,103.36960694491101,1398.2328664482097,8.316758155822754,42.214195251464844,60,60,50,50,0.6000000238418579,0.6000000238418579,0.6000000238418579,0.6000000238418579
2026-03-05,B,印尼,865.1972079166444,5991.5,37.67,14.9,6.25,3289.0075816665776,8437,6071.261049306584,648.5052645554018,650.876953125,646.3955688476562,-30,528.077264576007,528.0782176454354,380.12413540032816,389.5390654388631,1.3611916099787609,9896.43315150343,103.36960694491101,1398.2328664482097,8.316758155822754,42.214195251464844,60,60,50,50,0.6000000238418579,0.6000000238418579,0.6000000238418579,0.6000000238418579
2026-03-05,C,印尼,754.5722079166444,5991.5,37.67,14.9,6.25,3289.0075816665776,8437,6071.261049306584,648.5052645554018,650.876953125,646.3955688476562,-30,528.077264576007,528.0782176454354,380.12413540032816,389.5390654388631,1.3611916099787609,9896.43315150343,103.36960694491101,1398.2328664482097,8.316758155822754,42.214195251464844,60,60,50,50,0.6000000238418579,0.6000000238418579,0.6000000238418579,0.6000000238418579
2026-03-05,D,印尼,827.0722079166444,5991.5,37.67,14.9,6.25,3289.0075816665776,8437,6071.261049306584,648.5052645554018,650.876953125,646.3955688476562,-30,528.077264576007,528.0782176454354,380.12413540032816,389.5390654388631,1.3611916099787609,9896.43315150343,103.36960694491101,1398.2328664482097,8.316758155822754,42.214195251464844,60,60,50,50,0.6000000238418579,0.6000000238418579,0.6000000238418579,0.6000000238418579
2026-03-06,A,澳洲,813.9159579167026,6303,27.93,11,12.14,3310.1950816668104,8385,5963.646705715631,644.5362201505305,650.5386352539062,635.7781982421875,-30,526.4211884715673,526.4335605787194,379.4042313519646,394.59626232094257,2.0781164102226173,9845.56370400594,103.99374040374366,1944.456793363137,8.1875,41.875,60,60,50,50,0.6000000238418579,0.6000000238418579,0.6000000238418579,0.6000000238418579
2026-03-06,B,印尼,888.5097079167026,5853,37.69,15.36,6.59,3310.1950816668104,8385,5963.646705715631,644.5362201505305,650.5386352539062,635.7781982421875,-30,526.4211884715673,526.4335605787194,379.4042313519646,394.59626232094257,2.0781164102226173,9845.56370400594,103.99374040374366,1944.456793363137,8.1875,41.875,60,60,50,50,0.6000000238418579,0.6000000238418579,0.6000000238418579,0.6000000238418579
2026-03-06,C,印尼,770.8847079167026,5853,37.69,15.36,6.59,3310.1950816668104,8385,5963.646705715631,644.5362201505305,650.5386352539062,635.7781982421875,-30,526.4211884715673,526.4335605787194,379.4042313519646,394.59626232094257,2.0781164102226173,9845.56370400594,103.99374040374366,1944.456793363137,8.1875,41.875,60,60,50,50,0.6000000238418579,0.6000000238418579,0.6000000238418579,0.6000000238418579
2026-03-06,D,印尼,836.8847079167026,5853,37.69,15.36,6.59,3310.1950816668104,8385,5963.646705715631,644.5362201505305,650.5386352539062,635.7781982421875,-30,526.4211884715673,526.4335605787194,379.4042313519646,394.59626232094257,2.0781164102226173,9845.56370400594,103.99374040374366,1944.456793363137,8.1875,41.875,60,60,50,50,0.6000000238418579,0.6000000238418579,0.6000000238418579,0.6000000238418579
2026-03-09,A,澳洲,790.8847079166444,6303,27.93,11,12.14,2965.5700816665776,7570,6093.9304846788355,581.687284301976,649.0536499023438,-0.3961089253425598,-10.580584449841238,510.2693989941531,510.54742572130755,370.40830498034387,413.85088043058715,,10569.155816878196,87.64104376729492,1751.4012066775272,8.125,41.870704650878906,60,60,50,50,0.6000000238418579,0.6000000238418579,0.6000000238418579,0.6000000238418579
2026-03-09,B,澳洲,796.8847079166444,6303,27.93,11,12.14,2965.5700816665776,7570,6093.9304846788355,581.687284301976,649.0536499023438,-0.3961089253425598,-10.580584449841238,510.2693989941531,510.54742572130755,370.40830498034387,413.85088043058715,,10569.155816878196,87.64104376729492,1751.4012066775272,8.125,41.870704650878906,60,60,50,50,0.6000000238418579,0.6000000238418579,0.6000000238418579,0.6000000238418579
2026-03-09,C,印尼,664.2597079166444,5853,37.69,15.36,6.59,2965.5700816665776,7570,6093.9304846788355,581.687284301976,649.0536499023438,-0.3961089253425598,-10.580584449841238,510.2693989941531,510.54742572130755,370.40830498034387,413.85088043058715,,10569.155816878196,87.64104376729492,1751.4012066775272,8.125,41.870704650878906,60,60,50,50,0.6000000238418579,0.6000000238418579,0.6000000238418579,0.6000000238418579
2026-03-09,D,印尼,713.5409579166444,5853,37.69,15.36,6.59,2965.5700816665776,7570,6093.9304846788355,581.687284301976,649.0536499023438,-0.3961089253425598,-10.580584449841238,510.2693989941531,510.54742572130755,370.40830498034387,413.85088043058715,,10569.155816878196,87.64104376729492,1751.4012066775272,8.125,41.870704650878906,60,60,50,50,0.6000000238418579,0.6000000238418579,0.6000000238418579,0.6000000238418579
2026-03-10,A,澳洲,753.6034579167026,6303,27.93,11,12.14,3097.8513316668104,8163,5962.469926008377,628.4930807050232,633.0985107421875,613.9921875,7.5704340430171895,516.3775804914782,516.7003868083515,372.0544008611108,382.25057007448237,1.2317346447442254,9531.60328016672,83.92953554626621,1455.7245437739145,7.9375,41.09375,60,60,50,50,1.5,1.5,1.5,1.5
2026-03-10,B,印尼,872.7597079167026,5853,37.69,15.36,6.59,3097.8513316668104,8163,5962.469926008377,628.4930807050232,633.0985107421875,613.9921875,7.5704340430171895,516.3775804914782,516.7003868083515,372.0544008611108,382.25057007448237,1.2317346447442254,9531.60328016672,83.92953554626621,1455.7245437739145,7.9375,41.09375,60,60,50,50,1.5,1.5,1.5,1.5
2026-03-10,C,印尼,676.4159579167026,5853,37.69,15.36,6.59,3097.8513316668104,8163,5962.469926008377,628.4930807050232,633.0985107421875,613.9921875,7.5704340430171895,516.3775804914782,516.7003868083515,372.0544008611108,382.25057007448237,1.2317346447442254,9531.60328016672,83.92953554626621,1455.7245437739145,7.9375,41.09375,60,60,50,50,1.5,1.5,1.5,1.5
2026-03-10,D,印尼,795.0722079167026,5853,37.69,15.36,6.59,3097.8513316668104,8163,5962.469926008377,628.4930807050232,633.0985107421875,613.9921875,7.5704340430171895,516.3775804914782,516.7003868083515,372.0544008611108,382.25057007448237,1.2317346447442254,9531.60328016672,83.92953554626621,1455.7245437739145,7.9375,41.09375,60,60,50,50,1.5,1.5,1.5,1.5
2026-03-11,A,澳洲,759.2597079166444,6303,27.93,11,12.14,3095.6638316665776,8174,5963.369499771735,627.3562195136419,638.0380249023438,610.703369140625,6.703059521096442,514.728865055172,515.0576441537999,371.77170330545175,377.422304498748,1.8453431255688242,9415.97252712601,82.98673205363477,1454.2801633186048,7.857420444488525,41.09375,60,60,50,50,1.5,1.5,1.5,1.5
2026-03-11,B,印尼,829.4159579166444,5853,37.69,15.36,6.59,3095.6638316665776,8174,5963.369499771735,627.3562195136419,638.0380249023438,610.703369140625,6.703059521096442,514.728865055172,515.0576441537999,371.77170330545175,377.422304498748,1.8453431255688242,9415.97252712601,82.98673205363477,1454.2801633186048,7.857420444488525,41.09375,60,60,50,50,1.5,1.5,1.5,1.5
2026-03-11,C,印尼,680.0097079166444,5853,37.69,15.36,6.59,3095.6638316665776,8174,5963.369499771735,627.3562195136419,638.0380249023438,610.703369140625,6.703059521096442,514.728865055172,515.0576441537999,371.77170330545175,377.422304498748,1.8453431255688242,9415.97252712601,82.98673205363477,1454.2801633186048,7.857420444488525,41.09375,60,60,50,50,1.5,1.5,1.5,1.5
2026-03-11,D,印尼,826.9784579166444,5853,37.69,15.36,6.59,3095.6638316665776,8174,5963.369499771735,627.3562195136419,638.0380249023438,610.703369140625,6.703059521096442,514.728865055172,515.0576441537999,371.77170330545175,377.422304498748,1.8453431255688242,9415.97252712601,82.98673205363477,1454.2801633186048,7.857420444488525,41.09375,60,60,50,50,1.5,1.5,1.5,1.5
2026-03-12,A,澳洲,770.4159579166444,6303,27.93,11,12.14,3200.6950816665776,8154,5961.316216389464,625.7016682734575,632.5689697265625,618.2450561523438,7.16498429756945,510.82699069830466,511.18450810659266,371.3041893844409,390.0298914063461,1.1217366914785178,9729.26386241833,80.41996253908748,1172.8419009157458,8,41.375,60,60,50,50,1.5,1.5,1.5,1.5
2026-03-12,B,印尼,848.4159579166444,5853,37.69,15.36,6.59,3200.6950816665776,8154,5961.316216389464,625.7016682734575,632.5689697265625,618.2450561523438,7.16498429756945,510.82699069830466,511.18450810659266,371.3041893844409,390.0298914063461,1.1217366914785178,9729.26386241833,80.41996253908748,1172.8419009157458,8,41.375,60,60,50,50,1.5,1.5,1.5,1.5
2026-03-12,C,印尼,729.1659579166444,5853,37.69,15.36,6.59,3200.6950816665776,8154,5961.316216389464,625.7016682734575,632.5689697265625,618.2450561523438,7.16498429756945,510.82699069830466,511.18450810659266,371.3041893844409,390.0298914063461,1.1217366914785178,9729.26386241833,80.41996253908748,1172.8419009157458,8,41.375,60,60,50,50,1.5,1.5,1.5,1.5
2026-03-12,D,印尼,852.6972079166444,5853,37.69,15.36,6.59,3200.6950816665776,8154,5961.316216389464,625.7016682734575,632.5689697265625,618.2450561523438,7.16498429756945,510.82699069830466,511.18450810659266,371.3041893844409,390.0298914063461,1.1217366914785178,9729.26386241833,80.41996253908748,1172.8419009157458,8,41.375,60,60,50,50,1.5,1.5,1.5,1.5
2026-03-13,A,澳洲,747.7597079167026,6303,27.93,11,12.14,3103.2575816668104,8073,5961.43182033951,621.0926501964365,634.7135009765625,608.8032836914062,-17.8230791000454,509.5591485299113,509.9468529742697,373.0877287491508,385.0825071321902,1.049951173518434,9607.54978153868,86.63856562933958,567.4815993540732,7.784147262573242,40.9375,60,60,50,50,1.5,1.5,1.5,1.5
2026-03-13,B,印尼,858.3847079167026,5853,37.69,15.36,6.59,3103.2575816668104,8073,5961.43182033951,621.0926501964365,634.7135009765625,608.8032836914062,-17.8230791000454,509.5591485299113,509.9468529742697,373.0877287491508,385.0825071321902,1.049951173518434,9607.54978153868,86.63856562933958,567.4815993540732,7.784147262573242,40.9375,60,60,50,50,1.5,1.5,1.5,1.5
2026-03-13,C,印尼,706.6347079167026,5853,37.69,15.36,6.59,3103.2575816668104,8073,5961.43182033951,621.0926501964365,634.7135009765625,608.8032836914062,-17.8230791000454,509.5591485299113,509.9468529742697,373.0877287491508,385.0825071321902,1.049951173518434,9607.54978153868,86.63856562933958,567.4815993540732,7.784147262573242,40.9375,60,60,50,50,1.5,1.5,1.5,1.5
2026-03-13,D,印尼,790.4784579167026,5853,37.69,15.36,6.59,3103.2575816668104,8073,5961.43182033951,621.0926501964365,634.7135009765625,608.8032836914062,-17.8230791000454,509.5591485299113,509.9468529742697,373.0877287491508,385.0825071321902,1.049951173518434,9607.54978153868,86.63856562933958,567.4815993540732,7.784147262573242,40.9375,60,60,50,50,1.5,1.5,1.5,1.5
2026-03-16,A,澳洲,769.6347079166444,6303,27.93,11,12.14,3122.6325816665776,8207,6068.275350684417,631.2560823640555,637.5925903320312,619.537109375,-29.343709743236335,527.5797653783618,527.6153921141954,379.85896320782047,380.0774704632863,1.1088916020277515,9651.38723429049,92.20870330693472,1978.2243856054438,8.0625,41.441951751708984,60,60,50,50,1.2999999523162842,1.2999999523162842,1.2999999523162842,1.2999999523162842
2026-03-16,B,印尼,839.5409579166444,5991.5,37.67,14.9,6.25,3122.6325816665776,8207,6068.275350684417,631.2560823640555,637.5925903320312,619.537109375,-29.343709743236335,527.5797653783618,527.6153921141954,379.85896320782047,380.0774704632863,1.1088916020277515,9651.38723429049,92.20870330693472,1978.2243856054438,8.0625,41.441951751708984,60,60,50,50,1.2999999523162842,1.2999999523162842,1.2999999523162842,1.2999999523162842
2026-03-16,C,印尼,744.3847079166444,5991.5,37.67,14.9,6.25,3122.6325816665776,8207,6068.275350684417,631.2560823640555,637.5925903320312,619.537109375,-29.343709743236335,527.5797653783618,527.6153921141954,379.85896320782047,380.0774704632863,1.1088916020277515,9651.38723429049,92.20870330693472,1978.2243856054438,8.0625,41.441951751708984,60,60,50,50,1.2999999523162842,1.2999999523162842,1.2999999523162842,1.2999999523162842
2026-03-16,D,印尼,769.0722079166444,5991.5,37.67,14.9,6.25,3122.6325816665776,8207,6068.275350684417,631.2560823640555,637.5925903320312,619.537109375,-29.343709743236335,527.5797653783618,527.6153921141954,379.85896320782047,380.0774704632863,1.1088916020277515,9651.38723429049,92.20870330693472,1978.2243856054438,8.0625,41.441951751708984,60,60,50,50,1.2999999523162842,1.2999999523162842,1.2999999523162842,1.2999999523162842
2026-03-17,A,澳洲,728.9472079167026,6303,27.93,11,12.14,3101.7888316668104,8202,6064.705194676013,629.8924243663583,633.109130859375,624.833251953125,-10.777028469021058,525.5401340494375,525.6309567814898,377.7013626293758,378.07220642479405,1.247707344891847,9592.317048895206,86.81642910891482,2118.6013826531216,8,41.375,60,60,50,50,1.2999999523162842,1.2999999523162842,1.2999999523162842,1.2999999523162842
2026-03-17,B,印尼,850.8847079167026,5991.5,37.67,14.9,6.25,3101.7888316668104,8202,6064.705194676013,629.8924243663583,633.109130859375,624.833251953125,-10.777028469021058,525.5401340494375,525.6309567814898,377.7013626293758,378.07220642479405,1.247707344891847,9592.317048895206,86.81642910891482,2118.6013826531216,8,41.375,60,60,50,50,1.2999999523162842,1.2999999523162842,1.2999999523162842,1.2999999523162842
2026-03-17,C,印尼,741.7597079167026,5991.5,37.67,14.9,6.25,3101.7888316668104,8202,6064.705194676013,629.8924243663583,633.109130859375,624.833251953125,-10.777028469021058,525.5401340494375,525.6309567814898,377.7013626293758,378.07220642479405,1.247707344891847,9592.317048895206,86.81642910891482,2118.6013826531216,8,41.375,60,60,50,50,1.2999999523162842,1.2999999523162842,1.2999999523162842,1.2999999523162842
2026-03-17,D,印尼,780.1972079167026,5991.5,37.67,14.9,6.25,3101.7888316668104,8202,6064.705194676013,629.8924243663583,633.109130859375,624.833251953125,-10.777028469021058,525.5401340494375,525.6309567814898,377.7013626293758,378.07220642479405,1.247707344891847,9592.317048895206,86.81642910891482,2118.6013826531216,8,41.375,60,60,50,50,1.2999999523162842,1.2999999523162842,1.2999999523162842,1.2999999523162842
2026-03-18,A,澳洲,725.1034579166444,6303,27.93,11,12.14,3110.9450816665776,8183,6064.104858398862,627.9290026886689,633.6414794921875,619.10546875,-0.6107174900486646,522.6504162254236,522.8449736300026,374.8974729962361,377.1514281868267,1.2611470418000787,9567.576646011947,85.8416651459911,3152.396722115519,8.034086227416992,41.59375,60,60,50,50,1.5,1.5,1.5,1.5
2026-03-18,B,印尼,848.1034579166444,5991.5,37.67,14.9,6.25,3110.9450816665776,8183,6064.104858398862,627.9290026886689,633.6414794921875,619.10546875,-0.6107174900486646,522.6504162254236,522.8449736300026,374.8974729962361,377.1514281868267,1.2611470418000787,9567.576646011947,85.8416651459911,3152.396722115519,8.034086227416992,41.59375,60,60,50,50,1.5,1.5,1.5,1.5
2026-03-18,C,印尼,748.4159579166444,5991.5,37.67,14.9,6.25,3110.9450816665776,8183,6064.104858398862,627.9290026886689,633.6414794921875,619.10546875,-0.6107174900486646,522.6504162254236,522.8449736300026,374.8974729962361,377.1514281868267,1.2611470418000787,9567.576646011947,85.8416651459911,3152.396722115519,8.034086227416992,41.59375,60,60,50,50,1.5,1.5,1.5,1.5
2026-03-18,D,印尼,789.3222079166444,5991.5,37.67,14.9,6.25,3110.9450816665776,8183,6064.104858398862,627.9290026886689,633.6414794921875,619.10546875,-0.6107174900486646,522.6504162254236,522.8449736300026,374.8974729962361,377.1514281868267,1.2611470418000787,9567.576646011947,85.8416651459911,3152.396722115519,8.034086227416992,41.59375,60,60,50,50,1.5,1.5,1.5,1.5
2026-03-19,A,澳洲,758.4472079167026,6303,27.93,11,12.14,3165.1325816668104,8161,6066.14341513986,626.3358955090613,635.2395629882812,618.6158447265625,3.031554501074963,509.2610064650436,509.5581004735454,372.8773342044762,383.15344811321455,1.3673373947026972,9723.474597773005,82.8857657391092,3887.0091847373396,8.0625,41.59375,60,60,50,50,1.5,1.5,1.5,1.5
2026-03-19,B,印尼,858.7909579167026,5991.5,37.67,14.9,6.25,3165.1325816668104,8161,6066.14341513986,626.3358955090613,635.2395629882812,618.6158447265625,3.031554501074963,509.2610064650436,509.5581004735454,372.8773342044762,383.15344811321455,1.3673373947026972,9723.474597773005,82.8857657391092,3887.0091847373396,8.0625,41.59375,60,60,50,50,1.5,1.5,1.5,1.5
2026-03-19,C,印尼,766.1034579167026,5991.5,37.67,14.9,6.25,3165.1325816668104,8161,6066.14341513986,626.3358955090613,635.2395629882812,618.6158447265625,3.031554501074963,509.2610064650436,509.5581004735454,372.8773342044762,383.15344811321455,1.3673373947026972,9723.474597773005,82.8857657391092,3887.0091847373396,8.0625,41.59375,60,60,50,50,1.5,1.5,1.5,1.5
2026-03-19,D,印尼,781.7909579167026,5991.5,37.67,14.9,6.25,3165.1325816668104,8161,6066.14341513986,626.3358955090613,635.2395629882812,618.6158447265625,3.031554501074963,509.2610064650436,509.5581004735454,372.8773342044762,383.15344811321455,1.3673373947026972,9723.474597773005,82.8857657391092,3887.0091847373396,8.0625,41.59375,60,60,50,50,1.5,1.5,1.5,1.5
2026-03-20,A,澳洲,788.4784579165862,6303,27.93,11,12.14,3084.288831666345,8157,6071.132956913545,624.9340464404172,631.5167846679688,616.6529541015625,8.42366165791631,512.4040117580872,512.5613776009405,372.9325245030396,379.19460972315136,1.4453524845391188,9633.828341572958,78.38135764665921,3295.1890131957693,8.079551696777344,41.59375,60,60,50,50,1.5,1.5,1.5,1.5
2026-03-20,B,印尼,845.3222079165862,5991.5,37.67,14.9,6.25,3084.288831666345,8157,6071.132956913545,624.9340464404172,631.5167846679688,616.6529541015625,8.42366165791631,512.4040117580872,512.5613776009405,372.9325245030396,379.19460972315136,1.4453524845391188,9633.828341572958,78.38135764665921,3295.1890131957693,8.079551696777344,41.59375,60,60,50,50,1.5,1.5,1.5,1.5
2026-03-20,C,印尼,709.6347079165862,5991.5,37.67,14.9,6.25,3084.288831666345,8157,6071.132956913545,624.9340464404172,631.5167846679688,616.6529541015625,8.42366165791631,512.4040117580872,512.5613776009405,372.9325245030396,379.19460972315136,1.4453524845391188,9633.828341572958,78.38135764665921,3295.1890131957693,8.079551696777344,41.59375,60,60,50,50,1.5,1.5,1.5,1.5
2026-03-20,D,印尼,740.8534579165862,5991.5,37.67,14.9,6.25,3084.288831666345,8157,6071.132956913545,624.9340464404172,631.5167846679688,616.6529541015625,8.42366165791631,512.4040117580872,512.5613776009405,372.9325245030396,379.19460972315136,1.4453524845391188,9633.828341572958,78.38135764665921,3295.1890131957693,8.079551696777344,41.59375,60,60,50,50,1.5,1.5,1.5,1.5
2026-03-21,A,澳洲,801.4784579167026,6303,27.93,11,12.14,3064.7575816668104,8145,5978.804852798204,623.4713666286615,630.79052734375,617.5155639648438,10.00816585218815,509.6313396170926,509.86920665536087,372.0560313661385,377.24761605938625,1.4214572396080203,9435.53367157146,79.31234944141124,2621.6593374462077,7.756398677825928,40.84375,60,60,50,50,1.5,1.5,1.5,1.5
2026-03-21,B,印尼,776.0097079167026,5864,38.67,17.4,7.08,3064.7575816668104,8145,5978.804852798204,623.4713666286615,630.79052734375,617.5155639648438,10.00816585218815,509.6313396170926,509.86920665536087,372.0560313661385,377.24761605938625,1.4214572396080203,9435.53367157146,79.31234944141124,2621.6593374462077,7.756398677825928,40.84375,60,60,50,50,1.5,1.5,1.5,1.5
2026-03-21,C,印尼,705.9472079167026,5864,38.67,17.4,7.08,3064.7575816668104,8145,5978.804852798204,623.4713666286615,630.79052734375,617.5155639648438,10.00816585218815,509.6313396170926,509.86920665536087,372.0560313661385,377.24761605938625,1.4214572396080203,9435.53367157146,79.31234944141124,2621.6593374462077,7.756398677825928,40.84375,60,60,50,50,1.5,1.5,1.5,1.5
2026-03-21,D,印尼,781.3222079167026,5864,38.67,17.4,7.08,3064.7575816668104,8145,5978.804852798204,623.4713666286615,630.79052734375,617.5155639648438,10.00816585218815,509.6313396170926,509.86920665536087,372.0560313661385,377.24761605938625,1.4214572396080203,9435.53367157146,79.31234944141124,2621.6593374462077,7.756398677825928,40.84375,60,60,50,50,1.5,1.5,1.5,1.5
2026-03-23,A,澳洲,804.1347079166444,6303,27.93,11,12.14,3140.9138316665776,7958,5976.392493298071,611.7884690853031,624.8384399414062,599.7854614257812,6.9285771691280855,511.3314130544053,511.58519504869076,367.82173890408956,394.47932272009,1.366792221370397,9866.126046605583,79.497624780211,1909.3764542484528,7.6484375,40.625,60,60,50,50,1.5,1.5,1.5,1.5
2026-03-23,B,印尼,802.1347079166444,5864,38.67,17.4,7.08,3140.9138316665776,7958,5976.392493298071,611.7884690853031,624.8384399414062,599.7854614257812,6.9285771691280855,511.3314130544053,511.58519504869076,367.82173890408956,394.47932272009,1.366792221370397,9866.126046605583,79.497624780211,1909.3764542484528,7.6484375,40.625,60,60,50,50,1.5,1.5,1.5,1.5
2026-03-23,C,印尼,715.0097079166444,5864,38.67,17.4,7.08,3140.9138316665776,7958,5976.392493298071,611.7884690853031,624.8384399414062,599.7854614257812,6.9285771691280855,511.3314130544053,511.58519504869076,367.82173890408956,394.47932272009,1.366792221370397,9866.126046605583,79.497624780211,1909.3764542484528,7.6484375,40.625,60,60,50,50,1.5,1.5,1.5,1.5
2026-03-23,D,印尼,819.6347079166444,5864,38.67,17.4,7.08,3140.9138316665776,7958,5976.392493298071,611.7884690853031,624.8384399414062,599.7854614257812,6.9285771691280855,511.3314130544053,511.58519504869076,367.82173890408956,394.47932272009,1.366792221370397,9866.126046605583,79.497624780211,1909.3764542484528,7.6484375,40.625,60,60,50,50,1.5,1.5,1.5,1.5
2026-03-24,A,澳洲,839.3222079167026,6303,27.93,11,12.14,3050.3200816668104,7934,5984.7946836431975,609.5506039202365,618.5694580078125,604.132568359375,3.0801857440063105,514.4293797485664,514.6470389988111,366.77868082578226,385.54039471875285,1.5546968212760026,9650.904068022899,77.07272080326324,1616.8365571492773,7.579500675201416,40.59375,60,60,50,50,1.5,1.5,1.5,1.5
2026-03-24,B,印尼,750.1347079167026,5864,38.67,17.4,7.08,3050.3200816668104,7934,5984.7946836431975,609.5506039202365,618.5694580078125,604.132568359375,3.0801857440063105,514.4293797485664,514.6470389988111,366.77868082578226,385.54039471875285,1.5546968212760026,9650.904068022899,77.07272080326324,1616.8365571492773,7.579500675201416,40.59375,60,60,50,50,1.5,1.5,1.5,1.5
2026-03-24,C,印尼,696.6347079167026,5864,38.67,17.4,7.08,3050.3200816668104,7934,5984.7946836431975,609.5506039202365,618.5694580078125,604.132568359375,3.0801857440063105,514.4293797485664,514.6470389988111,366.77868082578226,385.54039471875285,1.5546968212760026,9650.904068022899,77.07272080326324,1616.8365571492773,7.579500675201416,40.59375,60,60,50,50,1.5,1.5,1.5,1.5
2026-03-24,D,印尼,764.2284579167026,5864,38.67,17.4,7.08,3050.3200816668104,7934,5984.7946836431975,609.5506039202365,618.5694580078125,604.132568359375,3.0801857440063105,514.4293797485664,514.6470389988111,366.77868082578226,385.54039471875285,1.5546968212760026,9650.904068022899,77.07272080326324,1616.8365571492773,7.579500675201416,40.59375,60,60,50,50,1.5,1.5,1.5,1.5
2026-03-25,A,澳洲,790.9159579166444,6303,27.93,11,12.14,3070.1013316665776,7816,5977.094672786231,600.7539072646509,613.7877807617188,578.8359985351562,6.88823771415769,513.524302255772,513.8698806957821,365.75623346899476,393.7331359202773,1.9012049049148,9848.919238750488,77.13798133674484,1425.0535368175458,7.625,40.75,60,60,50,50,1.5,1.5,1.5,1.5
2026-03-25,B,印尼,773.9159579166444,5864,38.67,17.4,7.08,3070.1013316665776,7816,5977.094672786231,600.7539072646509,613.7877807617188,578.8359985351562,6.88823771415769,513.524302255772,513.8698806957821,365.75623346899476,393.7331359202773,1.9012049049148,9848.919238750488,77.13798133674484,1425.0535368175458,7.625,40.75,60,60,50,50,1.5,1.5,1.5,1.5
2026-03-25,C,印尼,700.3847079166444,5864,38.67,17.4,7.08,3070.1013316665776,7816,5977.094672786231,600.7539072646509,613.7877807617188,578.8359985351562,6.88823771415769,513.524302255772,513.8698806957821,365.75623346899476,393.7331359202773,1.9012049049148,9848.919238750488,77.13798133674484,1425.0535368175458,7.625,40.75,60,60,50,50,1.5,1.5,1.5,1.5
2026-03-25,D,印尼,804.8847079166444,5864,38.67,17.4,7.08,3070.1013316665776,7816,5977.094672786231,600.7539072646509,613.7877807617188,578.8359985351562,6.88823771415769,513.524302255772,513.8698806957821,365.75623346899476,393.7331359202773,1.9012049049148,9848.919238750488,77.13798133674484,1425.0535368175458,7.625,40.75,60,60,50,50,1.5,1.5,1.5,1.5
2026-03-26,A,澳洲,649.2909579167026,6303,27.93,11,12.14,3122.6638316668104,7844,5955.280632783737,602.9367017038643,614.519775390625,586.1889038085938,2.786114688156425,509.7008958118956,510.0364071194778,366.1355588869061,401.021398444623,1.4289832837141851,10003.027039405802,84.96395273037884,1731.6066405157299,7.506420612335205,40.232357025146484,60,60,50,50,1.5,1.5,1.5,1.5
2026-03-26,B,印尼,891.9159579167026,5864,38.67,17.4,7.08,3122.6638316668104,7844,5955.280632783737,602.9367017038643,614.519775390625,586.1889038085938,2.786114688156425,509.7008958118956,510.0364071194778,366.1355588869061,401.021398444623,1.4289832837141851,10003.027039405802,84.96395273037884,1731.6066405157299,7.506420612335205,40.232357025146484,60,60,50,50,1.5,1.5,1.5,1.5
2026-03-26,C,印尼,750.6347079167026,5864,38.67,17.4,7.08,3122.6638316668104,7844,5955.280632783737,602.9367017038643,614.519775390625,586.1889038085938,2.786114688156425,509.7008958118956,510.0364071194778,366.1355588869061,401.021398444623,1.4289832837141851,10003.027039405802,84.96395273037884,1731.6066405157299,7.506420612335205,40.232357025146484,60,60,50,50,1.5,1.5,1.5,1.5
2026-03-26,D,印尼,830.8222079167026,5864,38.67,17.4,7.08,3122.6638316668104,7844,5955.280632783737,602.9367017038643,614.519775390625,586.1889038085938,2.786114688156425,509.7008958118956,510.0364071194778,366.1355588869061,401.021398444623,1.4289832837141851,10003.027039405802,84.96395273037884,1731.6066405157299,7.506420612335205,40.232357025146484,60,60,50,50,1.5,1.5,1.5,1.5
2026-03-27,A,澳洲,659.5722079166444,6303,27.93,11,12.14,2566.3825816665776,6401,5969.395079233377,494.28984588857196,620.7977905273438,368.986328125,-14.95173107607819,518.2626317407164,518.6320622436835,355.2607989689273,402.97520384998376,3.01,10071.816528567473,85.02751235766789,2006.463172283319,7.1884002685546875,39.47318649291992,60,60,50,50,1.5,1.5,1.5,1.5
2026-03-27,B,印尼,774.0409579166444,5854,38.76,15.82,4.77,2566.3825816665776,6401,5969.395079233377,494.28984588857196,620.7977905273438,368.986328125,-14.95173107607819,518.2626317407164,518.6320622436835,355.2607989689273,402.97520384998376,3.01,10071.816528567473,85.02751235766789,2006.463172283319,7.1884002685546875,39.47318649291992,60,60,50,50,1.5,1.5,1.5,1.5
2026-03-27,C,印尼,720.6347079166444,5854,38.76,15.82,4.77,2566.3825816665776,6401,5969.395079233377,494.28984588857196,620.7977905273438,368.986328125,-14.95173107607819,518.2626317407164,518.6320622436835,355.2607989689273,402.97520384998376,3.01,10071.816528567473,85.02751235766789,2006.463172283319,7.1884002685546875,39.47318649291992,60,60,50,50,1.5,1.5,1.5,1.5
2026-03-27,D,印尼,412.1347079166444,5854,38.76,15.82,4.77,2566.3825816665776,6401,5969.395079233377,494.28984588857196,620.7977905273438,368.986328125,-14.95173107607819,518.2626317407164,518.6320622436835,355.2607989689273,402.97520384998376,3.01,10071.816528567473,85.02751235766789,2006.463172283319,7.1884002685546875,39.47318649291992,60,60,50,50,1.5,1.5,1.5,1.5
2026-03-28,A,澳洲,687.8847079167026,6220,29.85,11.9,13.1,2991.9450816668104,8097,6023.0526454828005,621.8743408671426,631.309326171875,609.64794921875,-16.422046000085523,525.6084809364261,525.6482380040161,380.0617441631034,370.2025294436242,1.39,9329.109463234463,97.42953691214247,721.0946398000888,7.03515625,39.25,60,60,50,50,1.2999999523162842,1.2999999523162842,1.2999999523162842,1.2999999523162842
2026-03-28,B,澳洲,694.0722079167026,6220,29.85,11.9,13.1,2991.9450816668104,8097,6023.0526454828005,621.8743408671426,631.309326171875,609.64794921875,-16.422046000085523,525.6084809364261,525.6482380040161,380.0617441631034,370.2025294436242,1.39,9329.109463234463,97.42953691214247,721.0946398000888,7.03515625,39.25,60,60,50,50,1.2999999523162842,1.2999999523162842,1.2999999523162842,1.2999999523162842
2026-03-28,C,未知_批號1089,796.9159579167026,5854,38.76,15.82,4.77,2991.9450816668104,8097,6023.0526454828005,621.8743408671426,631.309326171875,609.64794921875,-16.422046000085523,525.6084809364261,525.6482380040161,380.0617441631034,370.2025294436242,1.39,9329.109463234463,97.42953691214247,721.0946398000888,7.03515625,39.25,60,60,50,50,1.2999999523162842,1.2999999523162842,1.2999999523162842,1.2999999523162842
2026-03-28,D,未知_批號1089,813.0722079167026,5854,38.76,15.82,4.77,2991.9450816668104,8097,6023.0526454828005,621.8743408671426,631.309326171875,609.64794921875,-16.422046000085523,525.6084809364261,525.6482380040161,380.0617441631034,370.2025294436242,1.39,9329.109463234463,97.42953691214247,721.0946398000888,7.03515625,39.25,60,60,50,50,1.2999999523162842,1.2999999523162842,1.2999999523162842,1.2999999523162842
2026-03-30,A,澳洲,757.96448,6277,30.31,11,12.14,2912.1548200000007,8153,6098.685808284051,627.7277602947042,631.3215942382812,618.8741455078125,-23.246195014022707,518.2824056205446,518.4577693382688,375.7621843252005,370.2777157944622,1.16,9449.322809797693,95.05273062101409,4244.950994193079,7.50662899017334,40.375,60,60,50,50,1.5,1.5,1.5,1.5
2026-03-30,B,印尼,792.43325,6131,38.73,14.89,4.1,2912.1548200000007,8153,6098.685808284051,627.7277602947042,631.3215942382812,618.8741455078125,-23.246195014022707,518.2824056205446,518.4577693382688,375.7621843252005,370.2777157944622,1.16,9449.322809797693,95.05273062101409,4244.950994193079,7.50662899017334,40.375,60,60,50,50,1.5,1.5,1.5,1.5
2026-03-30,C,印尼,622.5269700000001,6131,38.73,14.89,4.1,2912.1548200000007,8153,6098.685808284051,627.7277602947042,631.3215942382812,618.8741455078125,-23.246195014022707,518.2824056205446,518.4577693382688,375.7621843252005,370.2777157944622,1.16,9449.322809797693,95.05273062101409,4244.950994193079,7.50662899017334,40.375,60,60,50,50,1.5,1.5,1.5,1.5
2026-03-30,D,印尼,739.2301199999999,5854,38.76,15.82,4.77,2912.1548200000007,8153,6098.685808284051,627.7277602947042,631.3215942382812,618.8741455078125,-23.246195014022707,518.2824056205446,518.4577693382688,375.7621843252005,370.2777157944622,1.16,9449.322809797693,95.05273062101409,4244.950994193079,7.50662899017334,40.375,60,60,50,50,1.5,1.5,1.5,1.5
2026-03-31,A,澳洲,757.96448,6277,30.31,11,12.14,2912.1548200000007,8114,6098.685808284051,621.4938108634461,626.0075073242188,618.580810546875,-16.88392773552624,528.1832771789083,527.9777171727642,380.51038093274207,372.9243263330152,1.35,9516.867612001348,92.12879813113786,3598.023332288503,7.38671875,40,60,60,50,50,1,1,1,1
2026-03-31,B,印尼,792.43325,6131,38.73,14.89,4.1,2912.1548200000007,8114,6098.685808284051,621.4938108634461,626.0075073242188,618.580810546875,-16.88392773552624,528.1832771789083,527.9777171727642,380.51038093274207,372.9243263330152,1.35,9516.867612001348,92.12879813113786,3598.023332288503,7.38671875,40,60,60,50,50,1,1,1,1
2026-03-31,C,印尼,622.5269700000001,6131,38.73,14.89,4.1,2912.1548200000007,8114,6098.685808284051,621.4938108634461,626.0075073242188,618.580810546875,-16.88392773552624,528.1832771789083,527.9777171727642,380.51038093274207,372.9243263330152,1.35,9516.867612001348,92.12879813113786,3598.023332288503,7.38671875,40,60,60,50,50,1,1,1,1
2026-03-31,D,印尼,739.2301199999999,5854,38.76,15.82,4.77,2912.1548200000007,8114,6098.685808284051,621.4938108634461,626.0075073242188,618.580810546875,-16.88392773552624,528.1832771789083,527.9777171727642,380.51038093274207,372.9243263330152,1.35,9516.867612001348,92.12879813113786,3598.023332288503,7.38671875,40,60,60,50,50,1,1,1,1
2026-04-01,A,澳洲,664.125,6277,30.31,11,12.14,2883.3125,8067,6093.176663126179,621.1080496317286,627.5831298828125,617.5319213867188,-22.091669950948653,524.6369104409766,524.4076209104884,385.0597231735659,359.3002494532531,1.4930244851546224,9162.520604223619,88.12106717395051,984.2877522636862,7.268233776092529,40,60,60,50,50,1,1,1,1
2026-04-01,B,印尼,799.3125,6131,38.73,14.89,4.1,2883.3125,8067,6093.176663126179,621.1080496317286,627.5831298828125,617.5319213867188,-22.091669950948653,524.6369104409766,524.4076209104884,385.0597231735659,359.3002494532531,1.4930244851546224,9162.520604223619,88.12106717395051,984.2877522636862,7.268233776092529,40,60,60,50,50,1,1,1,1
2026-04-01,C,印尼,676.125,6131,38.73,14.89,4.1,2883.3125,8067,6093.176663126179,621.1080496317286,627.5831298828125,617.5319213867188,-22.091669950948653,524.6369104409766,524.4076209104884,385.0597231735659,359.3002494532531,1.4930244851546224,9162.520604223619,88.12106717395051,984.2877522636862,7.268233776092529,40,60,60,50,50,1,1,1,1
2026-04-01,D,印尼,743.75,5854,38.76,15.82,4.77,2883.3125,8067,6093.176663126179,621.1080496317286,627.5831298828125,617.5319213867188,-22.091669950948653,524.6369104409766,524.4076209104884,385.0597231735659,359.3002494532531,1.4930244851546224,9162.520604223619,88.12106717395051,984.2877522636862,7.268233776092529,40,60,60,50,50,1,1,1,1
2026-04-02,A,印尼,708.40625,5854,38.76,15.82,4.77,2879.8125,8033,6062.86065716084,618.2391660256154,623.4229125976562,608.287109375,-19.380351578792954,521.7339335097681,521.4752377951542,383.3189711314638,359.3962758714597,1.0875019679660844,9117.817547691993,87.42109808958399,1391.1888507930823,7.6875,40.71875,60,60,50,50,1.5,1.5,1.5,1.5
2026-04-02,B,印尼,799.84375,6131,38.73,14.89,4.1,2879.8125,8033,6062.86065716084,618.2391660256154,623.4229125976562,608.287109375,-19.380351578792954,521.7339335097681,521.4752377951542,383.3189711314638,359.3962758714597,1.0875019679660844,9117.817547691993,87.42109808958399,1391.1888507930823,7.6875,40.71875,60,60,50,50,1.5,1.5,1.5,1.5
2026-04-02,C,印尼,663.46875,6131,38.73,14.89,4.1,2879.8125,8033,6062.86065716084,618.2391660256154,623.4229125976562,608.287109375,-19.380351578792954,521.7339335097681,521.4752377951542,383.3189711314638,359.3962758714597,1.0875019679660844,9117.817547691993,87.42109808958399,1391.1888507930823,7.6875,40.71875,60,60,50,50,1.5,1.5,1.5,1.5
2026-04-02,D,印尼,708.09375,6131,38.73,14.89,4.1,2879.8125,8033,6062.86065716084,618.2391660256154,623.4229125976562,608.287109375,-19.380351578792954,521.7339335097681,521.4752377951542,383.3189711314638,359.3962758714597,1.0875019679660844,9117.817547691993,87.42109808958399,1391.1888507930823,7.6875,40.71875,60,60,50,50,1.5,1.5,1.5,1.5
2026-04-04,A,印尼,651.96875,5992.5,38.75,15.36,4.44,2725.78125,7602,5992.5,583.0607951522788,591.8977661132812,577.2591552734375,-30,529.0102315839295,528.7673662971048,379.1031469554852,357.16155074520935,2.0961776580672686,8954.975840445351,94.56011683861618,3343.1433423717917,7.045919418334961,39.24082565307617,60,60,50,50,0.6000000238418579,0.6000000238418579,0.6000000238418579,0.6000000238418579
2026-04-04,B,印尼,735.40625,5992.5,38.75,15.36,4.44,2725.78125,7602,5992.5,583.0607951522788,591.8977661132812,577.2591552734375,-30,529.0102315839295,528.7673662971048,379.1031469554852,357.16155074520935,2.0961776580672686,8954.975840445351,94.56011683861618,3343.1433423717917,7.045919418334961,39.24082565307617,60,60,50,50,0.6000000238418579,0.6000000238418579,0.6000000238418579,0.6000000238418579
2026-04-04,C,印尼,627.9375,5992.5,38.75,15.36,4.44,2725.78125,7602,5992.5,583.0607951522788,591.8977661132812,577.2591552734375,-30,529.0102315839295,528.7673662971048,379.1031469554852,357.16155074520935,2.0961776580672686,8954.975840445351,94.56011683861618,3343.1433423717917,7.045919418334961,39.24082565307617,60,60,50,50,0.6000000238418579,0.6000000238418579,0.6000000238418579,0.6000000238418579
2026-04-04,D,印尼,710.46875,5992.5,38.75,15.36,4.44,2725.78125,7602,5992.5,583.0607951522788,591.8977661132812,577.2591552734375,-30,529.0102315839295,528.7673662971048,379.1031469554852,357.16155074520935,2.0961776580672686,8954.975840445351,94.56011683861618,3343.1433423717917,7.045919418334961,39.24082565307617,60,60,50,50,0.6000000238418579,0.6000000238418579,0.6000000238418579,0.6000000238418579
2026-04-06,A,印尼,639.40625,5905,37.21,16.3,8.01,2588.375,7146,5905,550.7072542000304,595.524658203125,489.5739440917969,-30,534.9675638730569,534.5316297916501,374.323888832346,353.81170307956154,2.746682171282453,8741.455918369249,126.84105004313047,3107.609097180769,6.643126010894775,38.10266876220703,60,60,50,50,0.6000000238418579,0.6000000238418579,0.6000000238418579,0.6000000238418579
2026-04-06,B,印尼,688.78125,5905,37.21,16.3,8.01,2588.375,7146,5905,550.7072542000304,595.524658203125,489.5739440917969,-30,534.9675638730569,534.5316297916501,374.323888832346,353.81170307956154,2.746682171282453,8741.455918369249,126.84105004313047,3107.609097180769,6.643126010894775,38.10266876220703,60,60,50,50,0.6000000238418579,0.6000000238418579,0.6000000238418579,0.6000000238418579
2026-04-06,C,印尼,617.96875,5905,37.21,16.3,8.01,2588.375,7146,5905,550.7072542000304,595.524658203125,489.5739440917969,-30,534.9675638730569,534.5316297916501,374.323888832346,353.81170307956154,2.746682171282453,8741.455918369249,126.84105004313047,3107.609097180769,6.643126010894775,38.10266876220703,60,60,50,50,0.6000000238418579,0.6000000238418579,0.6000000238418579,0.6000000238418579
2026-04-06,D,印尼,642.21875,5905,37.21,16.3,8.01,2588.375,7146,5905,550.7072542000304,595.524658203125,489.5739440917969,-30,534.9675638730569,534.5316297916501,374.323888832346,353.81170307956154,2.746682171282453,8741.455918369249,126.84105004313047,3107.609097180769,6.643126010894775,38.10266876220703,60,60,50,50,0.6000000238418579,0.6000000238418579,0.6000000238418579,0.6000000238418579
2026-04-07,A,印尼,717.53125,5905,37.21,16.3,8.01,2916.25,7701,5905,591.4686168465773,617.51171875,543.3272705078125,-30,525.8547252059898,525.6926739782933,382.0882337331162,376.20677233429393,1.3305583703494053,9294.760144812679,119.03474173582423,913.6458226567339,7.1885857582092285,39.50447463989258,60,60,50,50,0.6000000238418579,0.6000000238418579,0.6000000238418579,0.6000000238418579
2026-04-07,B,印尼,810.1875,5905,37.21,16.3,8.01,2916.25,7701,5905,591.4686168465773,617.51171875,543.3272705078125,-30,525.8547252059898,525.6926739782933,382.0882337331162,376.20677233429393,1.3305583703494053,9294.760144812679,119.03474173582423,913.6458226567339,7.1885857582092285,39.50447463989258,60,60,50,50,0.6000000238418579,0.6000000238418579,0.6000000238418579,0.6000000238418579
2026-04-07,C,印尼,630.4375,5905,37.21,16.3,8.01,2916.25,7701,5905,591.4686168465773,617.51171875,543.3272705078125,-30,525.8547252059898,525.6926739782933,382.0882337331162,376.20677233429393,1.3305583703494053,9294.760144812679,119.03474173582423,913.6458226567339,7.1885857582092285,39.50447463989258,60,60,50,50,0.6000000238418579,0.6000000238418579,0.6000000238418579,0.6000000238418579
2026-04-07,D,印尼,758.09375,5905,37.21,16.3,8.01,2916.25,7701,5905,591.4686168465773,617.51171875,543.3272705078125,-30,525.8547252059898,525.6926739782933,382.0882337331162,376.20677233429393,1.3305583703494053,9294.760144812679,119.03474173582423,913.6458226567339,7.1885857582092285,39.50447463989258,60,60,50,50,0.6000000238418579,0.6000000238418579,0.6000000238418579,0.6000000238418579
2026-04-08,A,印尼,735.21875,5854,38.76,15.82,4.77,2864.5625,7894,5854,604.1414688773777,611.46875,597.3367309570312,-30,524.1772171761984,523.9817634836182,384.36616129765423,367.0782831760898,3.31440254849045,8990.89831247848,100.71866298392605,3652.9747549188714,7.704367637634277,40.78125,60,60,50,50,0.6000000238418579,0.6000000238418579,0.6000000238418579,0.6000000238418579
2026-04-08,B,印尼,789.71875,5854,38.76,15.82,4.77,2864.5625,7894,5854,604.1414688773777,611.46875,597.3367309570312,-30,524.1772171761984,523.9817634836182,384.36616129765423,367.0782831760898,3.31440254849045,8990.89831247848,100.71866298392605,3652.9747549188714,7.704367637634277,40.78125,60,60,50,50,0.6000000238418579,0.6000000238418579,0.6000000238418579,0.6000000238418579
2026-04-08,C,印尼,638.6875,5854,38.76,15.82,4.77,2864.5625,7894,5854,604.1414688773777,611.46875,597.3367309570312,-30,524.1772171761984,523.9817634836182,384.36616129765423,367.0782831760898,3.31440254849045,8990.89831247848,100.71866298392605,3652.9747549188714,7.704367637634277,40.78125,60,60,50,50,0.6000000238418579,0.6000000238418579,0.6000000238418579,0.6000000238418579
2026-04-08,D,印尼,700.9375,5854,38.76,15.82,4.77,2864.5625,7894,5854,604.1414688773777,611.46875,597.3367309570312,-30,524.1772171761984,523.9817634836182,384.36616129765423,367.0782831760898,3.31440254849045,8990.89831247848,100.71866298392605,3652.9747549188714,7.704367637634277,40.78125,60,60,50,50,0.6000000238418579,0.6000000238418579,0.6000000238418579,0.6000000238418579
2026-04-09,A,印尼+澳洲,761.96875,6065.5,34.54,13.41,8.46,2893.90625,7902,6065.5,606.8528574287434,613.7999267578125,596.6014404296875,-30,529.2775042209479,528.9045119809982,383.79827904274396,360.4794720903022,2.65848224151215,9148.266787640236,104.53291797881846,3396.904370300605,7.614212989807129,40.5,60,60,50,50,0.6000000238418579,0.6000000238418579,0.6000000238418579,0.6000000238418579
2026-04-09,B,印尼+澳洲,779.40625,6065.5,34.54,13.41,8.46,2893.90625,7902,6065.5,606.8528574287434,613.7999267578125,596.6014404296875,-30,529.2775042209479,528.9045119809982,383.79827904274396,360.4794720903022,2.65848224151215,9148.266787640236,104.53291797881846,3396.904370300605,7.614212989807129,40.5,60,60,50,50,0.6000000238418579,0.6000000238418579,0.6000000238418579,0.6000000238418579
2026-04-09,C,印尼+澳洲,661.25,6065.5,34.54,13.41,8.46,2893.90625,7902,6065.5,606.8528574287434,613.7999267578125,596.6014404296875,-30,529.2775042209479,528.9045119809982,383.79827904274396,360.4794720903022,2.65848224151215,9148.266787640236,104.53291797881846,3396.904370300605,7.614212989807129,40.5,60,60,50,50,0.6000000238418579,0.6000000238418579,0.6000000238418579,0.6000000238418579
2026-04-09,D,印尼+澳洲,691.28125,6065.5,34.54,13.41,8.46,2893.90625,7902,6065.5,606.8528574287434,613.7999267578125,596.6014404296875,-30,529.2775042209479,528.9045119809982,383.79827904274396,360.4794720903022,2.65848224151215,9148.266787640236,104.53291797881846,3396.904370300605,7.614212989807129,40.5,60,60,50,50,0.6000000238418579,0.6000000238418579,0.6000000238418579,0.6000000238418579
2026-04-10,A,澳洲,747.0625,6277,30.31,11,12.14,2742.78125,8029,6006.32315510032,616.4147334184183,626.3369750976562,608.0731811523438,-30,531.158302872992,530.8882487655601,386.1511043929078,346.9037674735765,2.5682865337960505,8714.811365922265,117.5946649419682,2227.5647404468273,7.579413890838623,40.51344299316406,60,60,50,50,0.800000011920929,0.800000011920929,0.800000011920929,0.800000011920929
2026-04-10,B,印尼,737.84375,5905,37.21,16.3,8.01,2742.78125,8029,6006.32315510032,616.4147334184183,626.3369750976562,608.0731811523438,-30,531.158302872992,530.8882487655601,386.1511043929078,346.9037674735765,2.5682865337960505,8714.811365922265,117.5946649419682,2227.5647404468273,7.579413890838623,40.51344299316406,60,60,50,50,0.800000011920929,0.800000011920929,0.800000011920929,0.800000011920929
2026-04-10,C,印尼,613.125,5905,37.21,16.3,8.01,2742.78125,8029,6006.32315510032,616.4147334184183,626.3369750976562,608.0731811523438,-30,531.158302872992,530.8882487655601,386.1511043929078,346.9037674735765,2.5682865337960505,8714.811365922265,117.5946649419682,2227.5647404468273,7.579413890838623,40.51344299316406,60,60,50,50,0.800000011920929,0.800000011920929,0.800000011920929,0.800000011920929
2026-04-10,D,印尼,644.75,5905,37.21,16.3,8.01,2742.78125,8029,6006.32315510032,616.4147334184183,626.3369750976562,608.0731811523438,-30,531.158302872992,530.8882487655601,386.1511043929078,346.9037674735765,2.5682865337960505,8714.811365922265,117.5946649419682,2227.5647404468273,7.579413890838623,40.51344299316406,60,60,50,50,0.800000011920929,0.800000011920929,0.800000011920929,0.800000011920929
2026-05-16,A,澳洲,677.8365478515625,6257,26.2,9.4,13.85,2581.0663986206055,8094,6206.596439487755,620.877211314638,660.0035400390625,490.1167297363281,-30,530.8523430007193,531.4052703154971,373.4133565370994,322.98507788927003,1.7916928457045986,8357.555526721273,116.61242373337221,684.5783443060677,8,41.15625,60,60,50,50,0.800000011920929,0.800000011920929,0.800000011920929,0.800000011920929
2026-05-16,B,澳洲,625.5713500976562,6257,26.2,9.4,13.85,2581.0663986206055,8094,6206.596439487755,620.877211314638,660.0035400390625,490.1167297363281,-30,530.8523430007193,531.4052703154971,373.4133565370994,322.98507788927003,1.7916928457045986,8357.555526721273,116.61242373337221,684.5783443060677,8,41.15625,60,60,50,50,0.800000011920929,0.800000011920929,0.800000011920929,0.800000011920929
2026-05-16,C,澳洲,581.9636535644531,6257,26.2,9.4,13.85,2581.0663986206055,8094,6206.596439487755,620.877211314638,660.0035400390625,490.1167297363281,-30,530.8523430007193,531.4052703154971,373.4133565370994,322.98507788927003,1.7916928457045986,8357.555526721273,116.61242373337221,684.5783443060677,8,41.15625,60,60,50,50,0.800000011920929,0.800000011920929,0.800000011920929,0.800000011920929
2026-05-16,D,印尼,695.6948471069336,6070,37.46,15.9,4.78,2581.0663986206055,8094,6206.596439487755,620.877211314638,660.0035400390625,490.1167297363281,-30,530.8523430007193,531.4052703154971,373.4133565370994,322.98507788927003,1.7916928457045986,8357.555526721273,116.61242373337221,684.5783443060677,8,41.15625,60,60,50,50,0.800000011920929,0.800000011920929,0.800000011920929,0.800000011920929
2026-05-18,A,澳洲,754.153564453125,6257,26.2,9.4,13.85,2878.463134765625,8400,6206.894810301958,648.3742992664542,657.1611938476562,638.8796997070312,-30,529.8905074565916,530.3262799743496,383.52279608450885,341.69691644155205,2.316999138308512,8875.220589813822,126.18929359065298,407.5056799964222,9.20544147491455,43.96875,60,60,50,50,0.6000000238418579,0.6000000238418579,0.6000000238418579,0.6000000238418579
2026-05-18,B,澳洲,682.140625,6257,26.2,9.4,13.85,2878.463134765625,8400,6206.894810301958,648.3742992664542,657.1611938476562,638.8796997070312,-30,529.8905074565916,530.3262799743496,383.52279608450885,341.69691644155205,2.316999138308512,8875.220589813822,126.18929359065298,407.5056799964222,9.20544147491455,43.96875,60,60,50,50,0.6000000238418579,0.6000000238418579,0.6000000238418579,0.6000000238418579
2026-05-18,C,澳洲,670.9072265625,6257,26.2,9.4,13.85,2878.463134765625,8400,6206.894810301958,648.3742992664542,657.1611938476562,638.8796997070312,-30,529.8905074565916,530.3262799743496,383.52279608450885,341.69691644155205,2.316999138308512,8875.220589813822,126.18929359065298,407.5056799964222,9.20544147491455,43.96875,60,60,50,50,0.6000000238418579,0.6000000238418579,0.6000000238418579,0.6000000238418579
2026-05-18,D,印尼,771.26171875,6070,37.46,15.9,4.78,2878.463134765625,8400,6206.894810301958,648.3742992664542,657.1611938476562,638.8796997070312,-30,529.8905074565916,530.3262799743496,383.52279608450885,341.69691644155205,2.316999138308512,8875.220589813822,126.18929359065298,407.5056799964222,9.20544147491455,43.96875,60,60,50,50,0.6000000238418579,0.6000000238418579,0.6000000238418579,0.6000000238418579
2026-05-19,A,澳洲,814.233642578125,6257,26.2,9.4,13.85,2984.0234375,8437,6208.688662849681,648.5506830630095,660.5357666015625,639.099609375,-30,526.5341484674713,526.9618968914842,383.7903771754116,355.4620960027156,8.373235335414567,9226.423361324012,120.61687931929099,779.6175344813511,9.097014427185059,43.77669906616211,60,60,50,50,0.6000000238418579,0.6000000238418579,0.6000000238418579,0.6000000238418579
2026-05-19,B,澳洲,739.78173828125,6257,26.2,9.4,13.85,2984.0234375,8437,6208.688662849681,648.5506830630095,660.5357666015625,639.099609375,-30,526.5341484674713,526.9618968914842,383.7903771754116,355.4620960027156,8.373235335414567,9226.423361324012,120.61687931929099,779.6175344813511,9.097014427185059,43.77669906616211,60,60,50,50,0.6000000238418579,0.6000000238418579,0.6000000238418579,0.6000000238418579
2026-05-19,C,澳洲,659.08740234375,6257,26.2,9.4,13.85,2984.0234375,8437,6208.688662849681,648.5506830630095,660.5357666015625,639.099609375,-30,526.5341484674713,526.9618968914842,383.7903771754116,355.4620960027156,8.373235335414567,9226.423361324012,120.61687931929099,779.6175344813511,9.097014427185059,43.77669906616211,60,60,50,50,0.6000000238418579,0.6000000238418579,0.6000000238418579,0.6000000238418579
2026-05-19,D,印尼,770.920654296875,6070,37.46,15.9,4.78,2984.0234375,8437,6208.688662849681,648.5506830630095,660.5357666015625,639.099609375,-30,526.5341484674713,526.9618968914842,383.7903771754116,355.4620960027156,8.373235335414567,9226.423361324012,120.61687931929099,779.6175344813511,9.097014427185059,43.77669906616211,60,60,50,50,0.6000000238418579,0.6000000238418579,0.6000000238418579,0.6000000238418579
2026-05-20,A,澳洲,875.7255859375,6387,29.79,9.8,12.4,3122.62109375,8437,6236.742975121061,648.4485924762229,661.62060546875,639.9246826171875,-30,526.5022003876279,526.8790511889836,380.34681026527034,370.7371386661391,2.052317219445356,9648.577552755662,107.87148386377203,1080.9419801326665,9.062929153442383,43.75437545776367,60,60,50,50,0.6000000238418579,0.6000000238418579,0.6000000238418579,0.6000000238418579
2026-05-20,B,澳洲,766.78271484375,6387,29.79,9.8,12.4,3122.62109375,8437,6236.742975121061,648.4485924762229,661.62060546875,639.9246826171875,-30,526.5022003876279,526.8790511889836,380.34681026527034,370.7371386661391,2.052317219445356,9648.577552755662,107.87148386377203,1080.9419801326665,9.062929153442383,43.75437545776367,60,60,50,50,0.6000000238418579,0.6000000238418579,0.6000000238418579,0.6000000238418579
2026-05-20,C,印尼,714.49462890625,6070,37.46,15.9,4.78,3122.62109375,8437,6236.742975121061,648.4485924762229,661.62060546875,639.9246826171875,-30,526.5022003876279,526.8790511889836,380.34681026527034,370.7371386661391,2.052317219445356,9648.577552755662,107.87148386377203,1080.9419801326665,9.062929153442383,43.75437545776367,60,60,50,50,0.6000000238418579,0.6000000238418579,0.6000000238418579,0.6000000238418579
2026-05-20,D,印尼,765.6181640625,6070,37.46,15.9,4.78,3122.62109375,8437,6236.742975121061,648.4485924762229,661.62060546875,639.9246826171875,-30,526.5022003876279,526.8790511889836,380.34681026527034,370.7371386661391,2.052317219445356,9648.577552755662,107.87148386377203,1080.9419801326665,9.062929153442383,43.75437545776367,60,60,50,50,0.6000000238418579,0.6000000238418579,0.6000000238418579,0.6000000238418579
2026-05-21,A,澳洲,772.73681640625,6387,29.79,9.8,12.4,3032.54638671875,8373,6230.436481981369,642.6323648047874,661.6031494140625,632.8261108398438,-30,524.1598694159857,524.6333068691556,376.7039551795901,363.6627667320738,4.15636441642718,9477.871805902107,113.36051415055609,478.3489844183178,9.000271797180176,43.65625,60,60,50,50,0.6000000238418579,0.6000000238418579,0.6000000238418579,0.6000000238418579
2026-05-21,B,澳洲,762.0615234375,6387,29.79,9.8,12.4,3032.54638671875,8373,6230.436481981369,642.6323648047874,661.6031494140625,632.8261108398438,-30,524.1598694159857,524.6333068691556,376.7039551795901,363.6627667320738,4.15636441642718,9477.871805902107,113.36051415055609,478.3489844183178,9.000271797180176,43.65625,60,60,50,50,0.6000000238418579,0.6000000238418579,0.6000000238418579,0.6000000238418579
2026-05-21,C,印尼,726.572265625,6070,37.46,15.9,4.78,3032.54638671875,8373,6230.436481981369,642.6323648047874,661.6031494140625,632.8261108398438,-30,524.1598694159857,524.6333068691556,376.7039551795901,363.6627667320738,4.15636441642718,9477.871805902107,113.36051415055609,478.3489844183178,9.000271797180176,43.65625,60,60,50,50,0.6000000238418579,0.6000000238418579,0.6000000238418579,0.6000000238418579
2026-05-21,D,印尼,771.17578125,6070,37.46,15.9,4.78,3032.54638671875,8373,6230.436481981369,642.6323648047874,661.6031494140625,632.8261108398438,-30,524.1598694159857,524.6333068691556,376.7039551795901,363.6627667320738,4.15636441642718,9477.871805902107,113.36051415055609,478.3489844183178,9.000271797180176,43.65625,60,60,50,50,0.6000000238418579,0.6000000238418579,0.6000000238418579,0.6000000238418579
2026-05-22,A,澳洲,812.1572265625,6387,29.79,9.8,12.4,3076.666015625,8402,6232.314457106256,646.7590085393023,659.2711181640625,631.7725219726562,-30,527.0571228963945,527.4692267298393,376.9069880805052,366.20809121815233,3.063740759590316,9548.79569256779,110.77150095088403,767.2967469491008,8.97265625,43.49106216430664,60,60,50,50,0.6000000238418579,0.6000000238418579,0.6000000238418579,0.6000000238418579
2026-05-22,B,澳洲,763.197265625,6387,29.79,9.8,12.4,3076.666015625,8402,6232.314457106256,646.7590085393023,659.2711181640625,631.7725219726562,-30,527.0571228963945,527.4692267298393,376.9069880805052,366.20809121815233,3.063740759590316,9548.79569256779,110.77150095088403,767.2967469491008,8.97265625,43.49106216430664,60,60,50,50,0.6000000238418579,0.6000000238418579,0.6000000238418579,0.6000000238418579
2026-05-22,C,印尼,735.2666015625,6070,37.46,15.9,4.78,3076.666015625,8402,6232.314457106256,646.7590085393023,659.2711181640625,631.7725219726562,-30,527.0571228963945,527.4692267298393,376.9069880805052,366.20809121815233,3.063740759590316,9548.79569256779,110.77150095088403,767.2967469491008,8.97265625,43.49106216430664,60,60,50,50,0.6000000238418579,0.6000000238418579,0.6000000238418579,0.6000000238418579
2026-05-22,D,印尼,766.044921875,6070,37.46,15.9,4.78,3076.666015625,8402,6232.314457106256,646.7590085393023,659.2711181640625,631.7725219726562,-30,527.0571228963945,527.4692267298393,376.9069880805052,366.20809121815233,3.063740759590316,9548.79569256779,110.77150095088403,767.2967469491008,8.97265625,43.49106216430664,60,60,50,50,0.6000000238418579,0.6000000238418579,0.6000000238418579,0.6000000238418579
2026-05-23,A,澳洲,816.30078125,6387,29.79,9.8,12.4,3096.3818359375,8437,6233.94625594704,648.2770005638337,657.8917236328125,638.0271606445312,-30,524.104824212506,524.5805100540981,376.03396067899814,365.53871185101946,5.183218408943069,9534.799365835286,102.67774178000057,1294.83028553331,9.03548526763916,43.84834671020508,60,60,50,50,0.6000000238418579,0.6000000238418579,0.6000000238418579,0.6000000238418579
2026-05-23,B,澳洲,785.087890625,6387,29.79,9.8,12.4,3096.3818359375,8437,6233.94625594704,648.2770005638337,657.8917236328125,638.0271606445312,-30,524.104824212506,524.5805100540981,376.03396067899814,365.53871185101946,5.183218408943069,9534.799365835286,102.67774178000057,1294.83028553331,9.03548526763916,43.84834671020508,60,60,50,50,0.6000000238418579,0.6000000238418579,0.6000000238418579,0.6000000238418579
2026-05-23,C,印尼,740.3095703125,6070,37.46,15.9,4.78,3096.3818359375,8437,6233.94625594704,648.2770005638337,657.8917236328125,638.0271606445312,-30,524.104824212506,524.5805100540981,376.03396067899814,365.53871185101946,5.183218408943069,9534.799365835286,102.67774178000057,1294.83028553331,9.03548526763916,43.84834671020508,60,60,50,50,0.6000000238418579,0.6000000238418579,0.6000000238418579,0.6000000238418579
2026-05-23,D,印尼,754.68359375,6070,37.46,15.9,4.78,3096.3818359375,8437,6233.94625594704,648.2770005638337,657.8917236328125,638.0271606445312,-30,524.104824212506,524.5805100540981,376.03396067899814,365.53871185101946,5.183218408943069,9534.799365835286,102.67774178000057,1294.83028553331,9.03548526763916,43.84834671020508,60,60,50,50,0.6000000238418579,0.6000000238418579,0.6000000238418579,0.6000000238418579
2026-05-25,A,澳洲,770.171875,6387,29.79,9.8,12.4,3078.1064453125,8424,6231.1985893950505,649.4223732716592,658.939697265625,642.048828125,-30,523.4366386394062,523.9907927452145,376.7501549684178,367.4699212234153,2.8917696794110634,9551.067002786069,111.11102088089184,555.6409739326028,9.3125,44.20978927612305,60,60,50,50,0.800000011920929,0.800000011920929,0.800000011920929,0.800000011920929
2026-05-25,B,澳洲,795.0849609375,6387,29.79,9.8,12.4,3078.1064453125,8424,6231.1985893950505,649.4223732716592,658.939697265625,642.048828125,-30,523.4366386394062,523.9907927452145,376.7501549684178,367.4699212234153,2.8917696794110634,9551.067002786069,111.11102088089184,555.6409739326028,9.3125,44.20978927612305,60,60,50,50,0.800000011920929,0.800000011920929,0.800000011920929,0.800000011920929
2026-05-25,C,印尼,733.732421875,6070,37.46,15.9,4.78,3078.1064453125,8424,6231.1985893950505,649.4223732716592,658.939697265625,642.048828125,-30,523.4366386394062,523.9907927452145,376.7501549684178,367.4699212234153,2.8917696794110634,9551.067002786069,111.11102088089184,555.6409739326028,9.3125,44.20978927612305,60,60,50,50,0.800000011920929,0.800000011920929,0.800000011920929,0.800000011920929
2026-05-25,D,印尼,779.1171875,6070,37.46,15.9,4.78,3078.1064453125,8424,6231.1985893950505,649.4223732716592,658.939697265625,642.048828125,-30,523.4366386394062,523.9907927452145,376.7501549684178,367.4699212234153,2.8917696794110634,9551.067002786069,111.11102088089184,555.6409739326028,9.3125,44.20978927612305,60,60,50,50,0.800000011920929,0.800000011920929,0.800000011920929,0.800000011920929
2026-05-26,A,澳洲,753.3720703125,6387,29.79,9.8,12.4,3077.8662109375,8428,6251.686918157777,648.757261310392,660.8546142578125,638.5650024414062,-30,524.608662012593,525.0805109906989,374.195947281235,364.1672436896293,4.171779102067449,9479.463375665402,113.56102087308683,744.1480222541048,9.062654495239258,43.839378356933594,60,60,50,50,0.6000000238418579,0.6000000238418579,0.6000000238418579,0.6000000238418579
2026-05-26,B,澳洲,793.333984375,6387,29.79,9.8,12.4,3077.8662109375,8428,6251.686918157777,648.757261310392,660.8546142578125,638.5650024414062,-30,524.608662012593,525.0805109906989,374.195947281235,364.1672436896293,4.171779102067449,9479.463375665402,113.56102087308683,744.1480222541048,9.062654495239258,43.839378356933594,60,60,50,50,0.6000000238418579,0.6000000238418579,0.6000000238418579,0.6000000238418579
2026-05-26,C,印尼,757.5673828125,6115,38.18,16,4.25,3077.8662109375,8428,6251.686918157777,648.757261310392,660.8546142578125,638.5650024414062,-30,524.608662012593,525.0805109906989,374.195947281235,364.1672436896293,4.171779102067449,9479.463375665402,113.56102087308683,744.1480222541048,9.062654495239258,43.839378356933594,60,60,50,50,0.6000000238418579,0.6000000238418579,0.6000000238418579,0.6000000238418579
2026-05-26,D,印尼,773.5927734375,6115,38.18,16,4.25,3077.8662109375,8428,6251.686918157777,648.757261310392,660.8546142578125,638.5650024414062,-30,524.608662012593,525.0805109906989,374.195947281235,364.1672436896293,4.171779102067449,9479.463375665402,113.56102087308683,744.1480222541048,9.062654495239258,43.839378356933594,60,60,50,50,0.6000000238418579,0.6000000238418579,0.6000000238418579,0.6000000238418579
2026-05-27,A,澳洲,738.8134765625,6387,29.79,9.8,12.4,3018.55078125,8437,6250.833684676396,647.4825785995445,657.677734375,634.9556884765625,-30,525.1576481109385,525.6235844838955,373.1643129626808,353.0990151447317,5.068769711728623,9190.558429454999,121.86422572416417,293.69823774352403,9.28515625,44.214088439941406,60,60,50,50,0.6000000238418579,0.6000000238418579,0.6000000238418579,0.6000000238418579
2026-05-27,B,澳洲,768.6162109375,6387,29.79,9.8,12.4,3018.55078125,8437,6250.833684676396,647.4825785995445,657.677734375,634.9556884765625,-30,525.1576481109385,525.6235844838955,373.1643129626808,353.0990151447317,5.068769711728623,9190.558429454999,121.86422572416417,293.69823774352403,9.28515625,44.214088439941406,60,60,50,50,0.6000000238418579,0.6000000238418579,0.6000000238418579,0.6000000238418579
2026-05-27,C,印尼,766.0048828125,6115,38.18,16,4.25,3018.55078125,8437,6250.833684676396,647.4825785995445,657.677734375,634.9556884765625,-30,525.1576481109385,525.6235844838955,373.1643129626808,353.0990151447317,5.068769711728623,9190.558429454999,121.86422572416417,293.69823774352403,9.28515625,44.214088439941406,60,60,50,50,0.6000000238418579,0.6000000238418579,0.6000000238418579,0.6000000238418579
2026-05-27,D,印尼,745.1162109375,6115,38.18,16,4.25,3018.55078125,8437,6250.833684676396,647.4825785995445,657.677734375,634.9556884765625,-30,525.1576481109385,525.6235844838955,373.1643129626808,353.0990151447317,5.068769711728623,9190.558429454999,121.86422572416417,293.69823774352403,9.28515625,44.214088439941406,60,60,50,50,0.6000000238418579,0.6000000238418579,0.6000000238418579,0.6000000238418579
2026-05-28,A,澳洲,741.181640625,6387,29.79,9.8,12.4,3055.958984375,8416,6251.032160526533,647.4454788247033,662.0430297851562,633.621337890625,-30,525.2737864618716,525.7987571774846,371.33259028364023,361.698902677226,8.81699934009771,9407.347603721264,103.74277355847761,1416.6546884034296,9.41015625,44.432945251464844,60,60,50,50,0.8999999761581421,0.8999999761581421,0.8999999761581421,0.8999999761581421
2026-05-28,B,澳洲,787.1591796875,6387,29.79,9.8,12.4,3055.958984375,8416,6251.032160526533,647.4454788247033,662.0430297851562,633.621337890625,-30,525.2737864618716,525.7987571774846,371.33259028364023,361.698902677226,8.81699934009771,9407.347603721264,103.74277355847761,1416.6546884034296,9.41015625,44.432945251464844,60,60,50,50,0.8999999761581421,0.8999999761581421,0.8999999761581421,0.8999999761581421
2026-05-28,C,印尼,761.7626953125,6115,38.18,16,4.25,3055.958984375,8416,6251.032160526533,647.4454788247033,662.0430297851562,633.621337890625,-30,525.2737864618716,525.7987571774846,371.33259028364023,361.698902677226,8.81699934009771,9407.347603721264,103.74277355847761,1416.6546884034296,9.41015625,44.432945251464844,60,60,50,50,0.8999999761581421,0.8999999761581421,0.8999999761581421,0.8999999761581421
2026-05-28,D,印尼,765.85546875,6115,38.18,16,4.25,3055.958984375,8416,6251.032160526533,647.4454788247033,662.0430297851562,633.621337890625,-30,525.2737864618716,525.7987571774846,371.33259028364023,361.698902677226,8.81699934009771,9407.347603721264,103.74277355847761,1416.6546884034296,9.41015625,44.432945251464844,60,60,50,50,0.8999999761581421,0.8999999761581421,0.8999999761581421,0.8999999761581421
2026-05-29,A,澳洲,736.271484375,6387,29.79,9.8,12.4,3048.751953125,8437,6239.815938706989,648.2975269522508,656.2908935546875,639.106201171875,-30,524.4718497586067,524.9839870130925,372.17971411507455,356.68768641208686,3.9305564671289113,9267.491566740113,114.92538458002193,295.9179140076308,9.562060356140137,44.6920280456543,60,60,50,50,0.800000011920929,0.800000011920929,0.800000011920929,0.800000011920929
2026-05-29,B,澳洲,788.787109375,6387,29.79,9.8,12.4,3048.751953125,8437,6239.815938706989,648.2975269522508,656.2908935546875,639.106201171875,-30,524.4718497586067,524.9839870130925,372.17971411507455,356.68768641208686,3.9305564671289113,9267.491566740113,114.92538458002193,295.9179140076308,9.562060356140137,44.6920280456543,60,60,50,50,0.800000011920929,0.800000011920929,0.800000011920929,0.800000011920929
2026-05-29,C,印尼,765.3984375,6092.5,37.82,15.95,4.52,3048.751953125,8437,6239.815938706989,648.2975269522508,656.2908935546875,639.106201171875,-30,524.4718497586067,524.9839870130925,372.17971411507455,356.68768641208686,3.9305564671289113,9267.491566740113,114.92538458002193,295.9179140076308,9.562060356140137,44.6920280456543,60,60,50,50,0.800000011920929,0.800000011920929,0.800000011920929,0.800000011920929
2026-05-29,D,印尼,758.294921875,6092.5,37.82,15.95,4.52,3048.751953125,8437,6239.815938706989,648.2975269522508,656.2908935546875,639.106201171875,-30,524.4718497586067,524.9839870130925,372.17971411507455,356.68768641208686,3.9305564671289113,9267.491566740113,114.92538458002193,295.9179140076308,9.562060356140137,44.6920280456543,60,60,50,50,0.800000011920929,0.800000011920929,0.800000011920929,0.800000011920929
2026-05-30,A,澳洲,729.798828125,6387,29.79,9.8,12.4,3002.35546875,8428,6242.465282467021,647.5013257585218,656.5814819335938,634.419677734375,-30,522.1221965975163,522.651326991713,371.55294393944314,357.87280244703805,6.71528190878557,9300.1519413189,114.1637867881209,1505.626929012406,9.47265625,44.5625,60,60,50,50,0.699999988079071,0.699999988079071,0.699999988079071,0.699999988079071
2026-05-30,B,澳洲,799.060546875,6387,29.79,9.8,12.4,3002.35546875,8428,6242.465282467021,647.5013257585218,656.5814819335938,634.419677734375,-30,522.1221965975163,522.651326991713,371.55294393944314,357.87280244703805,6.71528190878557,9300.1519413189,114.1637867881209,1505.626929012406,9.47265625,44.5625,60,60,50,50,0.699999988079071,0.699999988079071,0.699999988079071,0.699999988079071
2026-05-30,C,印尼,752.884765625,6092.5,37.82,15.95,4.52,3002.35546875,8428,6242.465282467021,647.5013257585218,656.5814819335938,634.419677734375,-30,522.1221965975163,522.651326991713,371.55294393944314,357.87280244703805,6.71528190878557,9300.1519413189,114.1637867881209,1505.626929012406,9.47265625,44.5625,60,60,50,50,0.699999988079071,0.699999988079071,0.699999988079071,0.699999988079071
2026-05-30,D,印尼,720.611328125,6092.5,37.82,15.95,4.52,3002.35546875,8428,6242.465282467021,647.5013257585218,656.5814819335938,634.419677734375,-30,522.1221965975163,522.651326991713,371.55294393944314,357.87280244703805,6.71528190878557,9300.1519413189,114.1637867881209,1505.626929012406,9.47265625,44.5625,60,60,50,50,0.699999988079071,0.699999988079071,0.699999988079071,0.699999988079071
2026-06-01,A,澳洲,942.7417187500032,6387,29.79,9.8,12.4,3565.350000000002,9735,6245.796143501865,648.3216334194174,655.5570678710938,638.8663940429688,-30,524.2738911360171,524.7869136835677,369.42988627025665,364.2157309218659,7.5167734648972475,9477.947594887819,105.55154256545784,5405.699547016964,9.7232666015625,45.16086196899414,60,60,50,50,1,1,1,1
2026-06-01,B,澳洲,913.130624999998,6387,29.79,9.8,12.4,3565.350000000002,9735,6245.796143501865,648.3216334194174,655.5570678710938,638.8663940429688,-30,524.2738911360171,524.7869136835677,369.42988627025665,364.2157309218659,7.5167734648972475,9477.947594887819,105.55154256545784,5405.699547016964,9.7232666015625,45.16086196899414,60,60,50,50,1,1,1,1
2026-06-01,C,印尼,838.4861718749999,6092.5,37.82,15.95,4.52,3565.350000000002,9735,6245.796143501865,648.3216334194174,655.5570678710938,638.8663940429688,-30,524.2738911360171,524.7869136835677,369.42988627025665,364.2157309218659,7.5167734648972475,9477.947594887819,105.55154256545784,5405.699547016964,9.7232666015625,45.16086196899414,60,60,50,50,1,1,1,1
2026-06-01,D,印尼,870.9914843750012,6092.5,37.82,15.95,4.52,3565.350000000002,9735,6245.796143501865,648.3216334194174,655.5570678710938,638.8663940429688,-30,524.2738911360171,524.7869136835677,369.42988627025665,364.2157309218659,7.5167734648972475,9477.947594887819,105.55154256545784,5405.699547016964,9.7232666015625,45.16086196899414,60,60,50,50,1,1,1,1
2026-06-02,A,澳洲,929.2599999999984,6434,30.49,10.2,11.88,3548.010000000002,9735,6266.8887742706465,647.0574204232687,657.6825561523438,620.0806884765625,-30,531.2196513850514,531.560697500563,370.0903967880621,362.4327668164358,2.528195382885997,9452.618408545948,107.42076572663504,3598.918518776904,9.796875,45.15625,60,60,50,50,0.6000000238418579,0.6000000238418579,0.6000000238418579,0.6000000238418579
2026-06-02,B,澳洲,882.5499999999993,6434,30.49,10.2,11.88,3548.010000000002,9735,6266.8887742706465,647.0574204232687,657.6825561523438,620.0806884765625,-30,531.2196513850514,531.560697500563,370.0903967880621,362.4327668164358,2.528195382885997,9452.618408545948,107.42076572663504,3598.918518776904,9.796875,45.15625,60,60,50,50,0.6000000238418579,0.6000000238418579,0.6000000238418579,0.6000000238418579
2026-06-02,C,印尼,852.0300000000025,6092.5,37.82,15.95,4.52,3548.010000000002,9735,6266.8887742706465,647.0574204232687,657.6825561523438,620.0806884765625,-30,531.2196513850514,531.560697500563,370.0903967880621,362.4327668164358,2.528195382885997,9452.618408545948,107.42076572663504,3598.918518776904,9.796875,45.15625,60,60,50,50,0.6000000238418579,0.6000000238418579,0.6000000238418579,0.6000000238418579
2026-06-02,D,印尼,884.1700000000019,6092.5,37.82,15.95,4.52,3548.010000000002,9735,6266.8887742706465,647.0574204232687,657.6825561523438,620.0806884765625,-30,531.2196513850514,531.560697500563,370.0903967880621,362.4327668164358,2.528195382885997,9452.618408545948,107.42076572663504,3598.918518776904,9.796875,45.15625,60,60,50,50,0.6000000238418579,0.6000000238418579,0.6000000238418579,0.6000000238418579
2026-06-03,A,澳洲,889.9800000000032,6434,30.49,10.2,11.88,3552.670000000002,9728,6265.448856775327,648.2191212061421,656.6167602539062,621.3328247070312,-30,522.9323273720075,523.2921443017253,369.53347507654433,363.28119908765086,2.8952176581614584,9466.599396624311,101.97119807985564,2872.366382167503,9.922651290893555,45.53125,60,60,50,50,0.699999988079071,0.699999988079071,0.699999988079071,0.699999988079071
2026-06-03,B,澳洲,909.2299999999996,6434,30.49,10.2,11.88,3552.670000000002,9728,6265.448856775327,648.2191212061421,656.6167602539062,621.3328247070312,-30,522.9323273720075,523.2921443017253,369.53347507654433,363.28119908765086,2.8952176581614584,9466.599396624311,101.97119807985564,2872.366382167503,9.922651290893555,45.53125,60,60,50,50,0.699999988079071,0.699999988079071,0.699999988079071,0.699999988079071
2026-06-03,C,印尼,843.7000000000007,6092.5,37.82,15.95,4.52,3552.670000000002,9728,6265.448856775327,648.2191212061421,656.6167602539062,621.3328247070312,-30,522.9323273720075,523.2921443017253,369.53347507654433,363.28119908765086,2.8952176581614584,9466.599396624311,101.97119807985564,2872.366382167503,9.922651290893555,45.53125,60,60,50,50,0.699999988079071,0.699999988079071,0.699999988079071,0.699999988079071
2026-06-03,D,印尼,909.7599999999984,6092.5,37.82,15.95,4.52,3552.670000000002,9728,6265.448856775327,648.2191212061421,656.6167602539062,621.3328247070312,-30,522.9323273720075,523.2921443017253,369.53347507654433,363.28119908765086,2.8952176581614584,9466.599396624311,101.97119807985564,2872.366382167503,9.922651290893555,45.53125,60,60,50,50,0.699999988079071,0.699999988079071,0.699999988079071,0.699999988079071
2026-06-04,A,澳洲,925.4399999999987,6434,30.49,10.2,11.88,3525.6399999999885,9663,6262.070387220477,643.4757375107397,660.3348388671875,623.255859375,-30,522.8027910795022,523.252264593763,369.3168475707196,363.7014983969112,4.0214158464638,9475.088765357576,102.65432113342962,2514.15710598085,9.59765625,44.620521545410156,60,60,50,50,0.6000000238418579,0.6000000238418579,0.6000000238418579,0.6000000238418579
2026-06-04,B,澳洲,934.9199999999946,6434,30.49,10.2,11.88,3525.6399999999885,9663,6262.070387220477,643.4757375107397,660.3348388671875,623.255859375,-30,522.8027910795022,523.252264593763,369.3168475707196,363.7014983969112,4.0214158464638,9475.088765357576,102.65432113342962,2514.15710598085,9.59765625,44.620521545410156,60,60,50,50,0.6000000238418579,0.6000000238418579,0.6000000238418579,0.6000000238418579
2026-06-04,C,印尼,871.2999999999956,6070,37.46,15.9,4.78,3525.6399999999885,9663,6262.070387220477,643.4757375107397,660.3348388671875,623.255859375,-30,522.8027910795022,523.252264593763,369.3168475707196,363.7014983969112,4.0214158464638,9475.088765357576,102.65432113342962,2514.15710598085,9.59765625,44.620521545410156,60,60,50,50,0.6000000238418579,0.6000000238418579,0.6000000238418579,0.6000000238418579
2026-06-04,D,印尼,793.9799999999996,6070,37.46,15.9,4.78,3525.6399999999885,9663,6262.070387220477,643.4757375107397,660.3348388671875,623.255859375,-30,522.8027910795022,523.252264593763,369.3168475707196,363.7014983969112,4.0214158464638,9475.088765357576,102.65432113342962,2514.15710598085,9.59765625,44.620521545410156,60,60,50,50,0.6000000238418579,0.6000000238418579,0.6000000238418579,0.6000000238418579
2026-06-05,A,澳洲,900.9700000000012,6434,30.49,10.2,11.88,3560.0300000000025,9735,6255.179349612223,648.3653153909746,658.411376953125,640.4597778320312,-30,522.5027008394973,522.9245342922845,369.4537947965567,364.8532569792415,3.55292126341428,9507.567701115384,102.6053331125602,856.2033724478238,9.09765625,43.9375,60,60,50,50,0.6000000238418579,0.6000000238418579,0.6000000238418579,0.6000000238418579
2026-06-05,B,澳洲,910.1399999999994,6434,30.49,10.2,11.88,3560.0300000000025,9735,6255.179349612223,648.3653153909746,658.411376953125,640.4597778320312,-30,522.5027008394973,522.9245342922845,369.4537947965567,364.8532569792415,3.55292126341428,9507.567701115384,102.6053331125602,856.2033724478238,9.09765625,43.9375,60,60,50,50,0.6000000238418579,0.6000000238418579,0.6000000238418579,0.6000000238418579
2026-06-05,C,印尼,844.890000000003,6070,37.46,15.9,4.78,3560.0300000000025,9735,6255.179349612223,648.3653153909746,658.411376953125,640.4597778320312,-30,522.5027008394973,522.9245342922845,369.4537947965567,364.8532569792415,3.55292126341428,9507.567701115384,102.6053331125602,856.2033724478238,9.09765625,43.9375,60,60,50,50,0.6000000238418579,0.6000000238418579,0.6000000238418579,0.6000000238418579
2026-06-05,D,印尼,904.0299999999988,6070,37.46,15.9,4.78,3560.0300000000025,9735,6255.179349612223,648.3653153909746,658.411376953125,640.4597778320312,-30,522.5027008394973,522.9245342922845,369.4537947965567,364.8532569792415,3.55292126341428,9507.567701115384,102.6053331125602,856.2033724478238,9.09765625,43.9375,60,60,50,50,0.6000000238418579,0.6000000238418579,0.6000000238418579,0.6000000238418579
2026-06-06,A,澳洲,932.0200000000004,6434,30.49,10.2,11.88,3567.9300000000003,9735,6256.705669674012,648.3627611243206,657.3504638671875,640.4511108398438,-30,523.8146669510463,524.247278048564,370.66380668690886,362.23045427958635,3.572615461655489,9438.157905338265,102.66891303559365,1418.3853373220913,8.699540138244629,43.09375,60,60,50,50,0.6000000238418579,0.6000000238418579,0.6000000238418579,0.6000000238418579
2026-06-06,B,澳洲,898.0699999999997,6434,30.49,10.2,11.88,3567.9300000000003,9735,6256.705669674012,648.3627611243206,657.3504638671875,640.4511108398438,-30,523.8146669510463,524.247278048564,370.66380668690886,362.23045427958635,3.572615461655489,9438.157905338265,102.66891303559365,1418.3853373220913,8.699540138244629,43.09375,60,60,50,50,0.6000000238418579,0.6000000238418579,0.6000000238418579,0.6000000238418579
2026-06-06,C,印尼,848.9400000000023,6070,37.46,15.9,4.78,3567.9300000000003,9735,6256.705669674012,648.3627611243206,657.3504638671875,640.4511108398438,-30,523.8146669510463,524.247278048564,370.66380668690886,362.23045427958635,3.572615461655489,9438.157905338265,102.66891303559365,1418.3853373220913,8.699540138244629,43.09375,60,60,50,50,0.6000000238418579,0.6000000238418579,0.6000000238418579,0.6000000238418579
2026-06-06,D,印尼,888.8999999999978,6070,37.46,15.9,4.78,3567.9300000000003,9735,6256.705669674012,648.3627611243206,657.3504638671875,640.4511108398438,-30,523.8146669510463,524.247278048564,370.66380668690886,362.23045427958635,3.572615461655489,9438.157905338265,102.66891303559365,1418.3853373220913,8.699540138244629,43.09375,60,60,50,50,0.6000000238418579,0.6000000238418579,0.6000000238418579,0.6000000238418579
2026-06-08,A,澳洲,870.5800000000017,6434,30.49,10.2,11.88,3558.779999999999,9725,6270.706542691597,648.2256724169797,659.8125,640.983642578125,-30,522.140258721396,522.6417382487701,371.08239644594045,366.8293000260212,3.0430148820379905,9568.524998888888,101.22823036007765,1789.8887424849618,9.09816837310791,43.74562454223633,60,60,50,50,0.699999988079071,0.699999988079071,0.699999988079071,0.699999988079071
2026-06-08,B,澳洲,866.489999999998,6434,30.49,10.2,11.88,3558.779999999999,9725,6270.706542691597,648.2256724169797,659.8125,640.983642578125,-30,522.140258721396,522.6417382487701,371.08239644594045,366.8293000260212,3.0430148820379905,9568.524998888888,101.22823036007765,1789.8887424849618,9.09816837310791,43.74562454223633,60,60,50,50,0.699999988079071,0.699999988079071,0.699999988079071,0.699999988079071
2026-06-08,C,印尼,877.8400000000001,6115,38.18,16,4.25,3558.779999999999,9725,6270.706542691597,648.2256724169797,659.8125,640.983642578125,-30,522.140258721396,522.6417382487701,371.08239644594045,366.8293000260212,3.0430148820379905,9568.524998888888,101.22823036007765,1789.8887424849618,9.09816837310791,43.74562454223633,60,60,50,50,0.699999988079071,0.699999988079071,0.699999988079071,0.699999988079071
2026-06-08,D,印尼,943.869999999999,6115,38.18,16,4.25,3558.779999999999,9725,6270.706542691597,648.2256724169797,659.8125,640.983642578125,-30,522.140258721396,522.6417382487701,371.08239644594045,366.8293000260212,3.0430148820379905,9568.524998888888,101.22823036007765,1789.8887424849618,9.09816837310791,43.74562454223633,60,60,50,50,0.699999988079071,0.699999988079071,0.699999988079071,0.699999988079071
2026-06-09,A,澳洲,901.859999999997,6434,30.49,10.2,11.88,3585.650000000005,9735,6265.060050478992,648.4494293290941,657.8937377929688,641.5150146484375,-30,519.371926453584,519.9883535854568,368.1041993608496,366.62811850311846,4.278107314282917,9563.306848692828,95.15265664821717,1546.1485544953273,8.733616828918457,43.026649475097656,60,60,50,50,1,1,1,1
2026-06-09,B,澳洲,909.9700000000012,6434,30.49,10.2,11.88,3585.650000000005,9735,6265.060050478992,648.4494293290941,657.8937377929688,641.5150146484375,-30,519.371926453584,519.9883535854568,368.1041993608496,366.62811850311846,4.278107314282917,9563.306848692828,95.15265664821717,1546.1485544953273,8.733616828918457,43.026649475097656,60,60,50,50,1,1,1,1
2026-06-09,C,印尼,860.7000000000007,6092.5,37.82,15.95,4.52,3585.650000000005,9735,6265.060050478992,648.4494293290941,657.8937377929688,641.5150146484375,-30,519.371926453584,519.9883535854568,368.1041993608496,366.62811850311846,4.278107314282917,9563.306848692828,95.15265664821717,1546.1485544953273,8.733616828918457,43.026649475097656,60,60,50,50,1,1,1,1
2026-06-09,D,印尼,913.1200000000063,6092.5,37.82,15.95,4.52,3585.650000000005,9735,6265.060050478992,648.4494293290941,657.8937377929688,641.5150146484375,-30,519.371926453584,519.9883535854568,368.1041993608496,366.62811850311846,4.278107314282917,9563.306848692828,95.15265664821717,1546.1485544953273,8.733616828918457,43.026649475097656,60,60,50,50,1,1,1,1
2026-06-10,A,澳洲,896.8199999999997,6434,30.49,10.2,11.88,3582.1100000000006,9735,6276.498809360963,648.4943215450668,656.6162109375,640.986328125,-30,519.6532462853814,520.2968620418709,370.13586053615666,367.9448849603539,3.213407114443041,9619.851500148194,104.26206517695323,904.7085589220677,8.76171875,43.13848876953125,60,60,50,50,0.800000011920929,0.800000011920929,0.800000011920929,0.800000011920929
2026-06-10,B,澳洲,916.6800000000003,6434,30.49,10.2,11.88,3582.1100000000006,9735,6276.498809360963,648.4943215450668,656.6162109375,640.986328125,-30,519.6532462853814,520.2968620418709,370.13586053615666,367.9448849603539,3.213407114443041,9619.851500148194,104.26206517695323,904.7085589220677,8.76171875,43.13848876953125,60,60,50,50,0.800000011920929,0.800000011920929,0.800000011920929,0.800000011920929
2026-06-10,C,印尼,864.3600000000006,6115,38.18,16,4.25,3582.1100000000006,9735,6276.498809360963,648.4943215450668,656.6162109375,640.986328125,-30,519.6532462853814,520.2968620418709,370.13586053615666,367.9448849603539,3.213407114443041,9619.851500148194,104.26206517695323,904.7085589220677,8.76171875,43.13848876953125,60,60,50,50,0.800000011920929,0.800000011920929,0.800000011920929,0.800000011920929
2026-06-10,D,印尼,904.25,6115,38.18,16,4.25,3582.1100000000006,9735,6276.498809360963,648.4943215450668,656.6162109375,640.986328125,-30,519.6532462853814,520.2968620418709,370.13586053615666,367.9448849603539,3.213407114443041,9619.851500148194,104.26206517695323,904.7085589220677,8.76171875,43.13848876953125,60,60,50,50,0.800000011920929,0.800000011920929,0.800000011920929,0.800000011920929
2026-06-11,A,澳洲,888.7400000000052,6434,30.49,10.2,11.88,3556.070000000007,9720,6276.984401319433,648.4024972744915,657.143310546875,640.9979858398438,-30,524.2047742348817,524.77719671076,369.0899778987775,363.2529020477372,3.02127945440178,9497.111885707583,99.19644457696546,1180.1176926471178,8.921875,43.428375244140625,60,60,50,50,0.6000000238418579,0.6000000238418579,0.6000000238418579,0.6000000238418579
2026-06-11,B,澳洲,916.989999999998,6434,30.49,10.2,11.88,3556.070000000007,9720,6276.984401319433,648.4024972744915,657.143310546875,640.9979858398438,-30,524.2047742348817,524.77719671076,369.0899778987775,363.2529020477372,3.02127945440178,9497.111885707583,99.19644457696546,1180.1176926471178,8.921875,43.428375244140625,60,60,50,50,0.6000000238418579,0.6000000238418579,0.6000000238418579,0.6000000238418579
2026-06-11,C,印尼,851.7200000000012,6115,38.18,16,4.25,3556.070000000007,9720,6276.984401319433,648.4024972744915,657.143310546875,640.9979858398438,-30,524.2047742348817,524.77719671076,369.0899778987775,363.2529020477372,3.02127945440178,9497.111885707583,99.19644457696546,1180.1176926471178,8.921875,43.428375244140625,60,60,50,50,0.6000000238418579,0.6000000238418579,0.6000000238418579,0.6000000238418579
2026-06-11,D,印尼,898.6200000000026,6115,38.18,16,4.25,3556.070000000007,9720,6276.984401319433,648.4024972744915,657.143310546875,640.9979858398438,-30,524.2047742348817,524.77719671076,369.0899778987775,363.2529020477372,3.02127945440178,9497.111885707583,99.19644457696546,1180.1176926471178,8.921875,43.428375244140625,60,60,50,50,0.6000000238418579,0.6000000238418579,0.6000000238418579,0.6000000238418579
2026-06-12,A,澳洲,891.8499999999985,6434,30.49,10.2,11.88,3542.5599999999904,9665,6275.229387787363,644.550920101078,655.7578735351562,594.236328125,-30,524.0821774434091,524.6679332251031,366.9616344984778,365.4343566296531,3.7689273783384722,9551.125705457853,98.39533076318034,1116.1148779418675,8.972443580627441,43.46875,60,60,50,50,1,1,1,1
2026-06-12,B,澳洲,887.5299999999916,6434,30.49,10.2,11.88,3542.5599999999904,9665,6275.229387787363,644.550920101078,655.7578735351562,594.236328125,-30,524.0821774434091,524.6679332251031,366.9616344984778,365.4343566296531,3.7689273783384722,9551.125705457853,98.39533076318034,1116.1148779418675,8.972443580627441,43.46875,60,60,50,50,1,1,1,1
2026-06-12,C,印尼,860.4700000000012,6115,38.18,16,4.25,3542.5599999999904,9665,6275.229387787363,644.550920101078,655.7578735351562,594.236328125,-30,524.0821774434091,524.6679332251031,366.9616344984778,365.4343566296531,3.7689273783384722,9551.125705457853,98.39533076318034,1116.1148779418675,8.972443580627441,43.46875,60,60,50,50,1,1,1,1
2026-06-12,D,印尼,902.7099999999991,6115,38.18,16,4.25,3542.5599999999904,9665,6275.229387787363,644.550920101078,655.7578735351562,594.236328125,-30,524.0821774434091,524.6679332251031,366.9616344984778,365.4343566296531,3.7689273783384722,9551.125705457853,98.39533076318034,1116.1148779418675,8.972443580627441,43.46875,60,60,50,50,1,1,1,1
2026-06-13,A,澳洲,905.8799999999974,6434,30.49,10.2,11.88,3539.0600000000195,9700,6278.556161805677,645.4731150283228,655.7526245117188,606.5442504882812,-30,522.6094928749914,523.2034257097943,366.70890940055085,363.4617393575359,2.7201993664413973,9502.800775090136,98.56677750208954,1494.5089230378821,8.921875,43.495628356933594,60,60,50,50,0.8999999761581421,0.8999999761581421,0.8999999761581421,0.8999999761581421
2026-06-13,B,澳洲,908.6500000000087,6434,30.49,10.2,11.88,3539.0600000000195,9700,6278.556161805677,645.4731150283228,655.7526245117188,606.5442504882812,-30,522.6094928749914,523.2034257097943,366.70890940055085,363.4617393575359,2.7201993664413973,9502.800775090136,98.56677750208954,1494.5089230378821,8.921875,43.495628356933594,60,60,50,50,0.8999999761581421,0.8999999761581421,0.8999999761581421,0.8999999761581421
2026-06-13,C,印尼,853.7100000000064,6115,38.18,16,4.25,3539.0600000000195,9700,6278.556161805677,645.4731150283228,655.7526245117188,606.5442504882812,-30,522.6094928749914,523.2034257097943,366.70890940055085,363.4617393575359,2.7201993664413973,9502.800775090136,98.56677750208954,1494.5089230378821,8.921875,43.495628356933594,60,60,50,50,0.8999999761581421,0.8999999761581421,0.8999999761581421,0.8999999761581421
2026-06-13,D,印尼,870.820000000007,6115,38.18,16,4.25,3539.0600000000195,9700,6278.556161805677,645.4731150283228,655.7526245117188,606.5442504882812,-30,522.6094928749914,523.2034257097943,366.70890940055085,363.4617393575359,2.7201993664413973,9502.800775090136,98.56677750208954,1494.5089230378821,8.921875,43.495628356933594,60,60,50,50,0.8999999761581421,0.8999999761581421,0.8999999761581421,0.8999999761581421
2026-06-15,A,澳洲,899.4700000000012,6434,30.49,10.2,11.88,3540.5800000000017,9735,6276.542526930616,648.4186047800362,657.1404418945312,641.75,-30,522.6793170937414,523.2455593878836,366.7432471230924,361.67675584195763,3.6884785594909846,9377.647061495794,108.79654457616701,1087.2712786520135,8.94921875,43.46875,60,60,50,50,0.6000000238418579,0.6000000238418579,0.6000000238418579,0.6000000238418579
2026-06-15,B,澳洲,893.4900000000052,6434,30.49,10.2,11.88,3540.5800000000017,9735,6276.542526930616,648.4186047800362,657.1404418945312,641.75,-30,522.6793170937414,523.2455593878836,366.7432471230924,361.67675584195763,3.6884785594909846,9377.647061495794,108.79654457616701,1087.2712786520135,8.94921875,43.46875,60,60,50,50,0.6000000238418579,0.6000000238418579,0.6000000238418579,0.6000000238418579
2026-06-15,C,印尼,856.739999999998,6115,38.18,16,4.25,3540.5800000000017,9735,6276.542526930616,648.4186047800362,657.1404418945312,641.75,-30,522.6793170937414,523.2455593878836,366.7432471230924,361.67675584195763,3.6884785594909846,9377.647061495794,108.79654457616701,1087.2712786520135,8.94921875,43.46875,60,60,50,50,0.6000000238418579,0.6000000238418579,0.6000000238418579,0.6000000238418579
2026-06-15,D,印尼,890.8799999999974,6115,38.18,16,4.25,3540.5800000000017,9735,6276.542526930616,648.4186047800362,657.1404418945312,641.75,-30,522.6793170937414,523.2455593878836,366.7432471230924,361.67675584195763,3.6884785594909846,9377.647061495794,108.79654457616701,1087.2712786520135,8.94921875,43.46875,60,60,50,50,0.6000000238418579,0.6000000238418579,0.6000000238418579,0.6000000238418579
2026-06-16,A,澳洲,900.4700000000012,6434,30.49,10.2,11.88,3539.550000000003,9723,6278.472235171138,648.3595146315787,657.9027709960938,639.9334716796875,-29.895830518126225,518.8962603989831,519.4923333212436,366.8673150512966,361.35549038774894,4.721057311211228,9386.09424145456,111.6389544840134,1073.730356558992,8.972929000854492,43.59828567504883,60,60,50,50,0.6000000238418579,0.6000000238418579,0.6000000238418579,0.6000000238418579
2026-06-16,B,澳洲,913.3799999999974,6434,30.49,10.2,11.88,3539.550000000003,9723,6278.472235171138,648.3595146315787,657.9027709960938,639.9334716796875,-29.895830518126225,518.8962603989831,519.4923333212436,366.8673150512966,361.35549038774894,4.721057311211228,9386.09424145456,111.6389544840134,1073.730356558992,8.972929000854492,43.59828567504883,60,60,50,50,0.6000000238418579,0.6000000238418579,0.6000000238418579,0.6000000238418579
2026-06-16,C,印尼,849.5500000000029,6115,38.18,16,4.25,3539.550000000003,9723,6278.472235171138,648.3595146315787,657.9027709960938,639.9334716796875,-29.895830518126225,518.8962603989831,519.4923333212436,366.8673150512966,361.35549038774894,4.721057311211228,9386.09424145456,111.6389544840134,1073.730356558992,8.972929000854492,43.59828567504883,60,60,50,50,0.6000000238418579,0.6000000238418579,0.6000000238418579,0.6000000238418579
2026-06-16,D,印尼,876.1500000000015,6115,38.18,16,4.25,3539.550000000003,9723,6278.472235171138,648.3595146315787,657.9027709960938,639.9334716796875,-29.895830518126225,518.8962603989831,519.4923333212436,366.8673150512966,361.35549038774894,4.721057311211228,9386.09424145456,111.6389544840134,1073.730356558992,8.972929000854492,43.59828567504883,60,60,50,50,0.6000000238418579,0.6000000238418579,0.6000000238418579,0.6000000238418579
2026-06-17,A,澳洲,863.1100000000006,6434,30.49,10.2,11.88,3553.6400000000067,9735,6273.947034589885,648.0696419718321,655.3204956054688,639.931640625,-30,518.9683033336293,519.5681873668324,366.9301701310997,360.5782224532227,5.930840694682326,9359.772935280673,99.17748064265282,1241.4177462880205,8.999859809875488,43.504390716552734,60,60,50,50,0.8999999761581421,0.8999999761581421,0.8999999761581421,0.8999999761581421
2026-06-17,B,澳洲,907.5500000000029,6434,30.49,10.2,11.88,3553.6400000000067,9735,6273.947034589885,648.0696419718321,655.3204956054688,639.931640625,-30,518.9683033336293,519.5681873668324,366.9301701310997,360.5782224532227,5.930840694682326,9359.772935280673,99.17748064265282,1241.4177462880205,8.999859809875488,43.504390716552734,60,60,50,50,0.8999999761581421,0.8999999761581421,0.8999999761581421,0.8999999761581421
2026-06-17,C,印尼,850.3600000000006,6115,38.18,16,4.25,3553.6400000000067,9735,6273.947034589885,648.0696419718321,655.3204956054688,639.931640625,-30,518.9683033336293,519.5681873668324,366.9301701310997,360.5782224532227,5.930840694682326,9359.772935280673,99.17748064265282,1241.4177462880205,8.999859809875488,43.504390716552734,60,60,50,50,0.8999999761581421,0.8999999761581421,0.8999999761581421,0.8999999761581421
2026-06-17,D,印尼,932.6200000000026,6115,38.18,16,4.25,3553.6400000000067,9735,6273.947034589885,648.0696419718321,655.3204956054688,639.931640625,-30,518.9683033336293,519.5681873668324,366.9301701310997,360.5782224532227,5.930840694682326,9359.772935280673,99.17748064265282,1241.4177462880205,8.999859809875488,43.504390716552734,60,60,50,50,0.8999999761581421,0.8999999761581421,0.8999999761581421,0.8999999761581421
2026-06-18,A,澳洲,865.5599999999977,6434,30.49,10.2,11.88,3545.0599999999904,9723,6273.322104562405,648.0281820858227,656.2792358398438,640.4531860351562,-30,520.1249039136121,520.752386596409,367.568510000563,361.1825780331719,4.499989263116465,9335.74930691915,97.11244614425625,1331.195487231743,8.94921875,43.490806579589844,60,60,50,50,1.100000023841858,1.100000023841858,1.100000023841858,1.100000023841858
2026-06-18,B,澳洲,893.8799999999974,6434,30.49,10.2,11.88,3545.0599999999904,9723,6273.322104562405,648.0281820858227,656.2792358398438,640.4531860351562,-30,520.1249039136121,520.752386596409,367.568510000563,361.1825780331719,4.499989263116465,9335.74930691915,97.11244614425625,1331.195487231743,8.94921875,43.490806579589844,60,60,50,50,1.100000023841858,1.100000023841858,1.100000023841858,1.100000023841858
2026-06-18,C,印尼,862.0499999999956,6115,38.18,16,4.25,3545.0599999999904,9723,6273.322104562405,648.0281820858227,656.2792358398438,640.4531860351562,-30,520.1249039136121,520.752386596409,367.568510000563,361.1825780331719,4.499989263116465,9335.74930691915,97.11244614425625,1331.195487231743,8.94921875,43.490806579589844,60,60,50,50,1.100000023841858,1.100000023841858,1.100000023841858,1.100000023841858
2026-06-18,D,印尼,923.5699999999997,6115,38.18,16,4.25,3545.0599999999904,9723,6273.322104562405,648.0281820858227,656.2792358398438,640.4531860351562,-30,520.1249039136121,520.752386596409,367.568510000563,361.1825780331719,4.499989263116465,9335.74930691915,97.11244614425625,1331.195487231743,8.94921875,43.490806579589844,60,60,50,50,1.100000023841858,1.100000023841858,1.100000023841858,1.100000023841858
2026-06-19,A,澳洲,930.9000000000087,6434,30.49,10.2,11.88,3596.610000000015,9735,6164.537634049843,647.9803318501738,659.2675170898438,630.6002197265625,-30,518.49355926852,519.1545835101683,367.4499867644384,366.08689979123204,4.672240137351917,9361.23178670669,94.83032977660321,2410.924898117979,9.0625,43.74559783935547,60,60,50,50,0.8999999761581421,0.8999999761581421,0.8999999761581421,0.8999999761581421
2026-06-19,B,澳洲,971.3900000000067,6434,30.49,10.2,11.88,3596.610000000015,9735,6164.537634049843,647.9803318501738,659.2675170898438,630.6002197265625,-30,518.49355926852,519.1545835101683,367.4499867644384,366.08689979123204,4.672240137351917,9361.23178670669,94.83032977660321,2410.924898117979,9.0625,43.74559783935547,60,60,50,50,0.8999999761581421,0.8999999761581421,0.8999999761581421,0.8999999761581421
2026-06-19,C,印尼,831.3300000000017,5862,38.6,15.8,8.16,3596.610000000015,9735,6164.537634049843,647.9803318501738,659.2675170898438,630.6002197265625,-30,518.49355926852,519.1545835101683,367.4499867644384,366.08689979123204,4.672240137351917,9361.23178670669,94.83032977660321,2410.924898117979,9.0625,43.74559783935547,60,60,50,50,0.8999999761581421,0.8999999761581421,0.8999999761581421,0.8999999761581421
2026-06-19,D,印尼,862.989999999998,5862,38.6,15.8,8.16,3596.610000000015,9735,6164.537634049843,647.9803318501738,659.2675170898438,630.6002197265625,-30,518.49355926852,519.1545835101683,367.4499867644384,366.08689979123204,4.672240137351917,9361.23178670669,94.83032977660321,2410.924898117979,9.0625,43.74559783935547,60,60,50,50,0.8999999761581421,0.8999999761581421,0.8999999761581421,0.8999999761581421
2026-06-22,A,澳洲,981.4799999999959,6283,26.33,9.6,13.35,3605.090000000004,9691,6077.887614456226,647.9384383960148,655.5671997070312,639.3843383789062,-30,517.3596760819598,518.1159277533216,367.37486500539165,368.8037871367942,7.29607096054139,9338.726162778981,98.62977437698127,5351.482935378926,8.546875,42.65625,60,60,50,50,0.6000000238418579,0.6000000238418579,0.6000000238418579,0.6000000238418579
2026-06-22,B,澳洲,867.2000000000044,6283,26.33,9.6,13.35,3605.090000000004,9691,6077.887614456226,647.9384383960148,655.5671997070312,639.3843383789062,-30,517.3596760819598,518.1159277533216,367.37486500539165,368.8037871367942,7.29607096054139,9338.726162778981,98.62977437698127,5351.482935378926,8.546875,42.65625,60,60,50,50,0.6000000238418579,0.6000000238418579,0.6000000238418579,0.6000000238418579
2026-06-22,C,印尼,823.9700000000012,5862,38.6,15.8,8.16,3605.090000000004,9691,6077.887614456226,647.9384383960148,655.5671997070312,639.3843383789062,-30,517.3596760819598,518.1159277533216,367.37486500539165,368.8037871367942,7.29607096054139,9338.726162778981,98.62977437698127,5351.482935378926,8.546875,42.65625,60,60,50,50,0.6000000238418579,0.6000000238418579,0.6000000238418579,0.6000000238418579
2026-06-22,D,印尼,932.4400000000023,5862,38.6,15.8,8.16,3605.090000000004,9691,6077.887614456226,647.9384383960148,655.5671997070312,639.3843383789062,-30,517.3596760819598,518.1159277533216,367.37486500539165,368.8037871367942,7.29607096054139,9338.726162778981,98.62977437698127,5351.482935378926,8.546875,42.65625,60,60,50,50,0.6000000238418579,0.6000000238418579,0.6000000238418579,0.6000000238418579
2026-06-23,A,澳洲,985.8099999999977,6434,30.49,10.2,11.88,3647.409999999989,9735,6156.710767366432,648.083156497887,657.8701171875,636.298828125,-30,518.2609214021467,519.0236699343257,366.9188935814834,372.47603521356314,3.7787964524245896,9557.611288592094,104.0596963243844,5621.375470518801,8.69943904876709,42.9375,60,60,50,50,0.6000000238418579,0.6000000238418579,0.6000000238418579,0.6000000238418579
2026-06-23,B,澳洲,893.439999999995,6434,30.49,10.2,11.88,3647.409999999989,9735,6156.710767366432,648.083156497887,657.8701171875,636.298828125,-30,518.2609214021467,519.0236699343257,366.9188935814834,372.47603521356314,3.7787964524245896,9557.611288592094,104.0596963243844,5621.375470518801,8.69943904876709,42.9375,60,60,50,50,0.6000000238418579,0.6000000238418579,0.6000000238418579,0.6000000238418579
2026-06-23,C,印尼,833.7699999999968,5862,38.6,15.8,8.16,3647.409999999989,9735,6156.710767366432,648.083156497887,657.8701171875,636.298828125,-30,518.2609214021467,519.0236699343257,366.9188935814834,372.47603521356314,3.7787964524245896,9557.611288592094,104.0596963243844,5621.375470518801,8.69943904876709,42.9375,60,60,50,50,0.6000000238418579,0.6000000238418579,0.6000000238418579,0.6000000238418579
2026-06-23,D,印尼,934.3899999999994,5862,38.6,15.8,8.16,3647.409999999989,9735,6156.710767366432,648.083156497887,657.8701171875,636.298828125,-30,518.2609214021467,519.0236699343257,366.9188935814834,372.47603521356314,3.7787964524245896,9557.611288592094,104.0596963243844,5621.375470518801,8.69943904876709,42.9375,60,60,50,50,0.6000000238418579,0.6000000238418579,0.6000000238418579,0.6000000238418579
2026-06-24,A,澳洲,1032.8899999999994,6434,30.49,10.2,11.88,3703.9400000000023,9721,6161.5744099526455,648.113267200987,656.625,631.5335083007812,-30,516.8390454209829,517.697061339926,367.1743698627616,376.5383111806103,3.914972002428822,9669.278396361751,104.17368840219704,5330.36894061983,8.421875,42.52272033691406,60,60,50,50,0.800000011920929,0.800000011920929,0.800000011920929,0.800000011920929
2026-06-24,B,澳洲,906.9800000000032,6434,30.49,10.2,11.88,3703.9400000000023,9721,6161.5744099526455,648.113267200987,656.625,631.5335083007812,-30,516.8390454209829,517.697061339926,367.1743698627616,376.5383111806103,3.914972002428822,9669.278396361751,104.17368840219704,5330.36894061983,8.421875,42.52272033691406,60,60,50,50,0.800000011920929,0.800000011920929,0.800000011920929,0.800000011920929
2026-06-24,C,印尼,832.3600000000006,5862,38.6,15.8,8.16,3703.9400000000023,9721,6161.5744099526455,648.113267200987,656.625,631.5335083007812,-30,516.8390454209829,517.697061339926,367.1743698627616,376.5383111806103,3.914972002428822,9669.278396361751,104.17368840219704,5330.36894061983,8.421875,42.52272033691406,60,60,50,50,0.800000011920929,0.800000011920929,0.800000011920929,0.800000011920929
2026-06-24,D,印尼,931.7099999999991,5862,38.6,15.8,8.16,3703.9400000000023,9721,6161.5744099526455,648.113267200987,656.625,631.5335083007812,-30,516.8390454209829,517.697061339926,367.1743698627616,376.5383111806103,3.914972002428822,9669.278396361751,104.17368840219704,5330.36894061983,8.421875,42.52272033691406,60,60,50,50,0.800000011920929,0.800000011920929,0.800000011920929,0.800000011920929
2026-06-25,A,俄羅斯,975.3500000000058,6397,30.55,7.2,12.09,3652.8399999999965,9592,6139.307054237252,636.3586346950677,653.72509765625,624.8555297851562,-19.97447377139343,501.81956292467476,502.7500111649676,365.7558281807572,378.3619897624362,3.3790775637665433,9654.493711521203,89.85637789977892,4172.907312329751,9.159971237182617,43.9375,60,60,50,50,0.800000011920929,0.800000011920929,0.800000011920929,0.800000011920929
2026-06-25,B,俄羅斯,918.0299999999988,6397,30.55,7.2,12.09,3652.8399999999965,9592,6139.307054237252,636.3586346950677,653.72509765625,624.8555297851562,-19.97447377139343,501.81956292467476,502.7500111649676,365.7558281807572,378.3619897624362,3.3790775637665433,9654.493711521203,89.85637789977892,4172.907312329751,9.159971237182617,43.9375,60,60,50,50,0.800000011920929,0.800000011920929,0.800000011920929,0.800000011920929
2026-06-25,C,印尼,844.8899999999921,5862,38.6,15.8,8.16,3652.8399999999965,9592,6139.307054237252,636.3586346950677,653.72509765625,624.8555297851562,-19.97447377139343,501.81956292467476,502.7500111649676,365.7558281807572,378.3619897624362,3.3790775637665433,9654.493711521203,89.85637789977892,4172.907312329751,9.159971237182617,43.9375,60,60,50,50,0.800000011920929,0.800000011920929,0.800000011920929,0.800000011920929
2026-06-25,D,印尼,914.5699999999997,5862,38.6,15.8,8.16,3652.8399999999965,9592,6139.307054237252,636.3586346950677,653.72509765625,624.8555297851562,-19.97447377139343,501.81956292467476,502.7500111649676,365.7558281807572,378.3619897624362,3.3790775637665433,9654.493711521203,89.85637789977892,4172.907312329751,9.159971237182617,43.9375,60,60,50,50,0.800000011920929,0.800000011920929,0.800000011920929,0.800000011920929
2026-06-26,A,俄羅斯,944.6399999999994,6397,30.55,7.2,12.09,3575.590000000004,9627,6234.818620143807,642.3579825086666,657.3469848632812,621.1356201171875,-23.145722320497434,503.82902706171615,504.76251278219627,366.4020173269471,368.37563118893047,3.3613225942187173,9605.905444642929,89.27570271967784,3316.499785767955,8.797188758850098,43.21875,60,60,50,50,1.5,1.5,1.5,1.5
2026-06-26,B,俄羅斯,824.5299999999988,6283,26.33,9.6,13.35,3575.590000000004,9627,6234.818620143807,642.3579825086666,657.3469848632812,621.1356201171875,-23.145722320497434,503.82902706171615,504.76251278219627,366.4020173269471,368.37563118893047,3.3613225942187173,9605.905444642929,89.27570271967784,3316.499785767955,8.797188758850098,43.21875,60,60,50,50,1.5,1.5,1.5,1.5
2026-06-26,C,俄羅斯,898.1999999999971,6397,30.55,7.2,12.09,3575.590000000004,9627,6234.818620143807,642.3579825086666,657.3469848632812,621.1356201171875,-23.145722320497434,503.82902706171615,504.76251278219627,366.4020173269471,368.37563118893047,3.3613225942187173,9605.905444642929,89.27570271967784,3316.499785767955,8.797188758850098,43.21875,60,60,50,50,1.5,1.5,1.5,1.5
2026-06-26,D,印尼,908.2200000000084,5862,38.6,15.8,8.16,3575.590000000004,9627,6234.818620143807,642.3579825086666,657.3469848632812,621.1356201171875,-23.145722320497434,503.82902706171615,504.76251278219627,366.4020173269471,368.37563118893047,3.3613225942187173,9605.905444642929,89.27570271967784,3316.499785767955,8.797188758850098,43.21875,60,60,50,50,1.5,1.5,1.5,1.5
2026-06-27,A,俄羅斯,1016.5400000000081,6397,30.55,7.2,12.09,3519.4300000000003,9430,6233.297801064377,627.0708866363291,636.28173828125,613.7951049804688,-16.56807376857343,500.84303909606257,501.7814009300621,362.69631765158374,369.924746936601,4.570950834864063,9740.520630580717,89.1222301829945,1912.797030336841,9.284863471984863,44.15625,60,60,50,50,1.5,1.5,1.5,1.5
2026-06-27,B,俄羅斯,818.5699999999997,6283,26.33,9.6,13.35,3519.4300000000003,9430,6233.297801064377,627.0708866363291,636.28173828125,613.7951049804688,-16.56807376857343,500.84303909606257,501.7814009300621,362.69631765158374,369.924746936601,4.570950834864063,9740.520630580717,89.1222301829945,1912.797030336841,9.284863471984863,44.15625,60,60,50,50,1.5,1.5,1.5,1.5
2026-06-27,C,俄羅斯,781.8499999999985,6397,30.55,7.2,12.09,3519.4300000000003,9430,6233.297801064377,627.0708866363291,636.28173828125,613.7951049804688,-16.56807376857343,500.84303909606257,501.7814009300621,362.69631765158374,369.924746936601,4.570950834864063,9740.520630580717,89.1222301829945,1912.797030336841,9.284863471984863,44.15625,60,60,50,50,1.5,1.5,1.5,1.5
2026-06-27,D,印尼,902.4699999999939,5862,38.6,15.8,8.16,3519.4300000000003,9430,6233.297801064377,627.0708866363291,636.28173828125,613.7951049804688,-16.56807376857343,500.84303909606257,501.7814009300621,362.69631765158374,369.924746936601,4.570950834864063,9740.520630580717,89.1222301829945,1912.797030336841,9.284863471984863,44.15625,60,60,50,50,1.5,1.5,1.5,1.5
2026-06-29,A,俄羅斯,914.8500000000058,6397,30.55,7.2,12.09,3434.1199999999953,9373,6242.9871699299965,625.3540399653832,638.3278198242188,610.173828125,-23.6317361241698,505.98527015973616,506.88016697784224,362.2671799754885,366.68284135328184,4.442333410925699,9558.744216735402,92.95254823638172,5328.2486269289,9.472315788269043,44.5625,60,60,50,50,0.6000000238418579,0.6000000238418579,0.6000000238418579,0.6000000238418579
2026-06-29,B,澳洲,872.3099999999977,6283,26.33,9.6,13.35,3434.1199999999953,9373,6242.9871699299965,625.3540399653832,638.3278198242188,610.173828125,-23.6317361241698,505.98527015973616,506.88016697784224,362.2671799754885,366.68284135328184,4.442333410925699,9558.744216735402,92.95254823638172,5328.2486269289,9.472315788269043,44.5625,60,60,50,50,0.6000000238418579,0.6000000238418579,0.6000000238418579,0.6000000238418579
2026-06-29,C,俄羅斯,844.2399999999907,6397,30.55,7.2,12.09,3434.1199999999953,9373,6242.9871699299965,625.3540399653832,638.3278198242188,610.173828125,-23.6317361241698,505.98527015973616,506.88016697784224,362.2671799754885,366.68284135328184,4.442333410925699,9558.744216735402,92.95254823638172,5328.2486269289,9.472315788269043,44.5625,60,60,50,50,0.6000000238418579,0.6000000238418579,0.6000000238418579,0.6000000238418579
2026-06-29,D,印尼,802.7200000000012,5862,38.6,15.8,8.16,3434.1199999999953,9373,6242.9871699299965,625.3540399653832,638.3278198242188,610.173828125,-23.6317361241698,505.98527015973616,506.88016697784224,362.2671799754885,366.68284135328184,4.442333410925699,9558.744216735402,92.95254823638172,5328.2486269289,9.472315788269043,44.5625,60,60,50,50,0.6000000238418579,0.6000000238418579,0.6000000238418579,0.6000000238418579
2026-06-30,A,澳洲,902.6800000000003,6283,26.33,9.6,13.35,3385.040000000001,9621,6208.754410583037,642.2058045370195,657.1595458984375,623.7680053710938,-30,515.8893522613592,516.5629976530562,368.2972141105161,353.38722554890245,0,9177.947374727884,96.8885517247236,3007.1983759810287,9.09765625,43.8125,60,60,50,50,1.2999999523162842,1.2999999523162842,1.2999999523162842,1.2999999523162842
2026-06-30,B,澳洲,793.5199999999968,6283,26.33,9.6,13.35,3385.040000000001,9621,6208.754410583037,642.2058045370195,657.1595458984375,623.7680053710938,-30,515.8893522613592,516.5629976530562,368.2972141105161,353.38722554890245,0,9177.947374727884,96.8885517247236,3007.1983759810287,9.09765625,43.8125,60,60,50,50,1.2999999523162842,1.2999999523162842,1.2999999523162842,1.2999999523162842
2026-06-30,C,俄羅斯,859.2100000000064,6397,30.55,7.2,12.09,3385.040000000001,9621,6208.754410583037,642.2058045370195,657.1595458984375,623.7680053710938,-30,515.8893522613592,516.5629976530562,368.2972141105161,353.38722554890245,0,9177.947374727884,96.8885517247236,3007.1983759810287,9.09765625,43.8125,60,60,50,50,1.2999999523162842,1.2999999523162842,1.2999999523162842,1.2999999523162842
2026-06-30,D,印尼,829.6299999999974,5862,38.6,15.8,8.16,3385.040000000001,9621,6208.754410583037,642.2058045370195,657.1595458984375,623.7680053710938,-30,515.8893522613592,516.5629976530562,368.2972141105161,353.38722554890245,0,9177.947374727884,96.8885517247236,3007.1983759810287,9.09765625,43.8125,60,60,50,50,1.2999999523162842,1.2999999523162842,1.2999999523162842,1.2999999523162842
2026-07-01,A,澳洲,939.8125,6283,26.33,9.6,13.35,3405.77734375,9735,6211.532627807299,647.664263322835,655.5711059570312,639.091064453125,-29.933819601646814,513.0679970210513,513.7811517144519,368.4828309864797,350.5302574199427,4.0191657329195385,9089.784714474583,103.15934040382537,4080.9345727146597,8.97301959991455,43.66081619262695,60,60,50,50,0.8999999761581421,0.8999999761581421,0.8999999761581421,0.8999999761581421
2026-07-01,B,澳洲,812.0546875,6283,26.33,9.6,13.35,3405.77734375,9735,6211.532627807299,647.664263322835,655.5711059570312,639.091064453125,-29.933819601646814,513.0679970210513,513.7811517144519,368.4828309864797,350.5302574199427,4.0191657329195385,9089.784714474583,103.15934040382537,4080.9345727146597,8.97301959991455,43.66081619262695,60,60,50,50,0.8999999761581421,0.8999999761581421,0.8999999761581421,0.8999999761581421
2026-07-01,C,俄羅斯,846.53125,6397,30.55,7.2,12.09,3405.77734375,9735,6211.532627807299,647.664263322835,655.5711059570312,639.091064453125,-29.933819601646814,513.0679970210513,513.7811517144519,368.4828309864797,350.5302574199427,4.0191657329195385,9089.784714474583,103.15934040382537,4080.9345727146597,8.97301959991455,43.66081619262695,60,60,50,50,0.8999999761581421,0.8999999761581421,0.8999999761581421,0.8999999761581421
2026-07-01,D,印尼,807.37890625,5862,38.6,15.8,8.16,3405.77734375,9735,6211.532627807299,647.664263322835,655.5711059570312,639.091064453125,-29.933819601646814,513.0679970210513,513.7811517144519,368.4828309864797,350.5302574199427,4.0191657329195385,9089.784714474583,103.15934040382537,4080.9345727146597,8.97301959991455,43.66081619262695,60,60,50,50,0.8999999761581421,0.8999999761581421,0.8999999761581421,0.8999999761581421
2026-07-02,A,南非,964.640625,6216,26.86,8,13.43,3462.578125,9727,6176.323332054782,646.5717842121563,659.817626953125,634.726806640625,-30,513.8194805745803,514.3848748386831,370.9210266654613,354.9492558748861,3.243411321781707,9173.151106905434,107.14845494103272,3447.6353581971975,9.16015625,43.977840423583984,60,60,50,50,0.8999999761581421,0.8999999761581421,0.8999999761581421,0.8999999761581421
2026-07-02,B,南非,849.05859375,6216,26.86,8,13.43,3462.578125,9727,6176.323332054782,646.5717842121563,659.817626953125,634.726806640625,-30,513.8194805745803,514.3848748386831,370.9210266654613,354.9492558748861,3.243411321781707,9173.151106905434,107.14845494103272,3447.6353581971975,9.16015625,43.977840423583984,60,60,50,50,0.8999999761581421,0.8999999761581421,0.8999999761581421,0.8999999761581421
2026-07-02,C,俄羅斯,834.2421875,6397,30.55,7.2,12.09,3462.578125,9727,6176.323332054782,646.5717842121563,659.817626953125,634.726806640625,-30,513.8194805745803,514.3848748386831,370.9210266654613,354.9492558748861,3.243411321781707,9173.151106905434,107.14845494103272,3447.6353581971975,9.16015625,43.977840423583984,60,60,50,50,0.8999999761581421,0.8999999761581421,0.8999999761581421,0.8999999761581421
2026-07-02,D,印尼,814.63671875,5862,38.6,15.8,8.16,3462.578125,9727,6176.323332054782,646.5717842121563,659.817626953125,634.726806640625,-30,513.8194805745803,514.3848748386831,370.9210266654613,354.9492558748861,3.243411321781707,9173.151106905434,107.14845494103272,3447.6353581971975,9.16015625,43.977840423583984,60,60,50,50,0.8999999761581421,0.8999999761581421,0.8999999761581421,0.8999999761581421
2026-07-03,A,南非,983.1640625,6216,26.86,8,13.43,3466.7734375,9735,6174.979955920829,647.4216435034866,654.599609375,637.8081665039062,-30,512.8110371185776,513.3567027495865,371.2280937245574,352.2997315799842,3.4975523945213665,9128.712971604527,104.67988603342398,4186.662529211615,9.097787857055664,43.87937927246094,60,60,50,50,0.8999999761581421,0.8999999761581421,0.8999999761581421,0.8999999761581421
2026-07-03,B,南非,813.15234375,6216,26.86,8,13.43,3466.7734375,9735,6174.979955920829,647.4216435034866,654.599609375,637.8081665039062,-30,512.8110371185776,513.3567027495865,371.2280937245574,352.2997315799842,3.4975523945213665,9128.712971604527,104.67988603342398,4186.662529211615,9.097787857055664,43.87937927246094,60,60,50,50,0.8999999761581421,0.8999999761581421,0.8999999761581421,0.8999999761581421
2026-07-03,C,俄羅斯,839.50390625,6397,30.55,7.2,12.09,3466.7734375,9735,6174.979955920829,647.4216435034866,654.599609375,637.8081665039062,-30,512.8110371185776,513.3567027495865,371.2280937245574,352.2997315799842,3.4975523945213665,9128.712971604527,104.67988603342398,4186.662529211615,9.097787857055664,43.87937927246094,60,60,50,50,0.8999999761581421,0.8999999761581421,0.8999999761581421,0.8999999761581421
2026-07-03,D,印尼,830.953125,5862,38.6,15.8,8.16,3466.7734375,9735,6174.979955920829,647.4216435034866,654.599609375,637.8081665039062,-30,512.8110371185776,513.3567027495865,371.2280937245574,352.2997315799842,3.4975523945213665,9128.712971604527,104.67988603342398,4186.662529211615,9.097787857055664,43.87937927246094,60,60,50,50,0.8999999761581421,0.8999999761581421,0.8999999761581421,0.8999999761581421
2026-07-04,A,南非,966.5546875,6216,26.86,8,13.43,3445.4921875,9728,6173.067681277394,647.4829660401015,657.1439819335938,638.35595703125,-30,514.3116789350488,514.9688786677933,370.8071758667804,353.6470841009277,3.428818351958686,9135.684614688877,102.31478109592345,5578.0606618065,8.922410011291504,43.59830856323242,60,60,50,50,0.8999999761581421,0.8999999761581421,0.8999999761581421,0.8999999761581421
2026-07-04,B,南非,815.8125,6216,26.86,8,13.43,3445.4921875,9728,6173.067681277394,647.4829660401015,657.1439819335938,638.35595703125,-30,514.3116789350488,514.9688786677933,370.8071758667804,353.6470841009277,3.428818351958686,9135.684614688877,102.31478109592345,5578.0606618065,8.922410011291504,43.59830856323242,60,60,50,50,0.8999999761581421,0.8999999761581421,0.8999999761581421,0.8999999761581421
2026-07-04,C,俄羅斯,823.96875,6397,30.55,7.2,12.09,3445.4921875,9728,6173.067681277394,647.4829660401015,657.1439819335938,638.35595703125,-30,514.3116789350488,514.9688786677933,370.8071758667804,353.6470841009277,3.428818351958686,9135.684614688877,102.31478109592345,5578.0606618065,8.922410011291504,43.59830856323242,60,60,50,50,0.8999999761581421,0.8999999761581421,0.8999999761581421,0.8999999761581421
2026-07-04,D,印尼,839.15625,5862,38.6,15.8,8.16,3445.4921875,9728,6173.067681277394,647.4829660401015,657.1439819335938,638.35595703125,-30,514.3116789350488,514.9688786677933,370.8071758667804,353.6470841009277,3.428818351958686,9135.684614688877,102.31478109592345,5578.0606618065,8.922410011291504,43.59830856323242,60,60,50,50,0.8999999761581421,0.8999999761581421,0.8999999761581421,0.8999999761581421
2026-07-06,A,南非,939.9921875,6216,26.86,8,13.43,3417.296875,9609,6171.42731828428,641.7220873430257,655.76171875,619.7528686523438,-8.08065817102856,513.1445154837124,513.992139016974,366.85839444517825,354.3422711886905,2.769036257381104,9177.26564630069,93.3322549976425,6098.122090240276,9.222407341003418,43.75,60,60,50,50,0.8999999761581421,0.8999999761581421,0.8999999761581421,0.8999999761581421
2026-07-06,B,南非,813.984375,6216,26.86,8,13.43,3417.296875,9609,6171.42731828428,641.7220873430257,655.76171875,619.7528686523438,-8.08065817102856,513.1445154837124,513.992139016974,366.85839444517825,354.3422711886905,2.769036257381104,9177.26564630069,93.3322549976425,6098.122090240276,9.222407341003418,43.75,60,60,50,50,0.8999999761581421,0.8999999761581421,0.8999999761581421,0.8999999761581421
2026-07-06,C,俄羅斯,815.8828125,6397,30.55,7.2,12.09,3417.296875,9609,6171.42731828428,641.7220873430257,655.76171875,619.7528686523438,-8.08065817102856,513.1445154837124,513.992139016974,366.85839444517825,354.3422711886905,2.769036257381104,9177.26564630069,93.3322549976425,6098.122090240276,9.222407341003418,43.75,60,60,50,50,0.8999999761581421,0.8999999761581421,0.8999999761581421,0.8999999761581421
2026-07-06,D,印尼,847.4375,5862,38.6,15.8,8.16,3417.296875,9609,6171.42731828428,641.7220873430257,655.76171875,619.7528686523438,-8.08065817102856,513.1445154837124,513.992139016974,366.85839444517825,354.3422711886905,2.769036257381104,9177.26564630069,93.3322549976425,6098.122090240276,9.222407341003418,43.75,60,60,50,50,0.8999999761581421,0.8999999761581421,0.8999999761581421,0.8999999761581421
2026-07-07,A,南非,968.890625,6216,26.86,8,13.43,3484.53125,9707,6171.750766781759,645.8993765984654,652.657958984375,639.392578125,2.9575915402689423,514.6047451247662,515.4936537985791,366.87663468659053,358.08665494333724,3.3072275689380755,9275.429203737625,92.34387603725932,7277.992975002382,9.0625,43.72800064086914,60,60,50,50,0.8999999761581421,0.8999999761581421,0.8999999761581421,0.8999999761581421
2026-07-07,B,南非,851.2890625,6216,26.86,8,13.43,3484.53125,9707,6171.750766781759,645.8993765984654,652.657958984375,639.392578125,2.9575915402689423,514.6047451247662,515.4936537985791,366.87663468659053,358.08665494333724,3.3072275689380755,9275.429203737625,92.34387603725932,7277.992975002382,9.0625,43.72800064086914,60,60,50,50,0.8999999761581421,0.8999999761581421,0.8999999761581421,0.8999999761581421
2026-07-07,C,俄羅斯,813.0703125,6397,30.55,7.2,12.09,3484.53125,9707,6171.750766781759,645.8993765984654,652.657958984375,639.392578125,2.9575915402689423,514.6047451247662,515.4936537985791,366.87663468659053,358.08665494333724,3.3072275689380755,9275.429203737625,92.34387603725932,7277.992975002382,9.0625,43.72800064086914,60,60,50,50,0.8999999761581421,0.8999999761581421,0.8999999761581421,0.8999999761581421
2026-07-07,D,印尼,851.28125,5862,38.6,15.8,8.16,3484.53125,9707,6171.750766781759,645.8993765984654,652.657958984375,639.392578125,2.9575915402689423,514.6047451247662,515.4936537985791,366.87663468659053,358.08665494333724,3.3072275689380755,9275.429203737625,92.34387603725932,7277.992975002382,9.0625,43.72800064086914,60,60,50,50,0.8999999761581421,0.8999999761581421,0.8999999761581421,0.8999999761581421
2026-07-08,A,南非,973.7109375,6216,26.86,8,13.43,3417.6171875,9547,6176.992792401504,633.188252428277,651.6190185546875,590.849609375,3.0923873211249924,512.0582926725839,512.9065828143425,365.3203615787688,357.6032945480915,6.886313884809222,9270.900891349133,84.33183256162125,6282.625893511333,9.34765625,44.40625,60,60,50,50,0.8999999761581421,0.8999999761581421,0.8999999761581421,0.8999999761581421
2026-07-08,B,南非,844.8671875,6216,26.86,8,13.43,3417.6171875,9547,6176.992792401504,633.188252428277,651.6190185546875,590.849609375,3.0923873211249924,512.0582926725839,512.9065828143425,365.3203615787688,357.6032945480915,6.886313884809222,9270.900891349133,84.33183256162125,6282.625893511333,9.34765625,44.40625,60,60,50,50,0.8999999761581421,0.8999999761581421,0.8999999761581421,0.8999999761581421
2026-07-08,C,俄羅斯,808.875,6397,30.55,7.2,12.09,3417.6171875,9547,6176.992792401504,633.188252428277,651.6190185546875,590.849609375,3.0923873211249924,512.0582926725839,512.9065828143425,365.3203615787688,357.6032945480915,6.886313884809222,9270.900891349133,84.33183256162125,6282.625893511333,9.34765625,44.40625,60,60,50,50,0.8999999761581421,0.8999999761581421,0.8999999761581421,0.8999999761581421
2026-07-08,D,印尼,790.1640625,5862,38.6,15.8,8.16,3417.6171875,9547,6176.992792401504,633.188252428277,651.6190185546875,590.849609375,3.0923873211249924,512.0582926725839,512.9065828143425,365.3203615787688,357.6032945480915,6.886313884809222,9270.900891349133,84.33183256162125,6282.625893511333,9.34765625,44.40625,60,60,50,50,0.8999999761581421,0.8999999761581421,0.8999999761581421,0.8999999761581421
2026-07-09,A,南非,944.0546875,6216,26.86,8,13.43,3413.984375,9655,6174.545708139774,642.6778364644941,654.5933227539062,624.3235473632812,-17.58196557916189,513.7212263221487,514.6432176408113,367.6293942605841,355.1100493572084,4.561242543892527,9243.338603236092,93.04800376976672,6117.457251910359,9.372733116149902,44.348411560058594,60,60,50,50,0.8999999761581421,0.8999999761581421,0.8999999761581421,0.8999999761581421
2026-07-09,B,南非,852.9453125,6216,26.86,8,13.43,3413.984375,9655,6174.545708139774,642.6778364644941,654.5933227539062,624.3235473632812,-17.58196557916189,513.7212263221487,514.6432176408113,367.6293942605841,355.1100493572084,4.561242543892527,9243.338603236092,93.04800376976672,6117.457251910359,9.372733116149902,44.348411560058594,60,60,50,50,0.8999999761581421,0.8999999761581421,0.8999999761581421,0.8999999761581421
2026-07-09,C,俄羅斯,805.3984375,6397,30.55,7.2,12.09,3413.984375,9655,6174.545708139774,642.6778364644941,654.5933227539062,624.3235473632812,-17.58196557916189,513.7212263221487,514.6432176408113,367.6293942605841,355.1100493572084,4.561242543892527,9243.338603236092,93.04800376976672,6117.457251910359,9.372733116149902,44.348411560058594,60,60,50,50,0.8999999761581421,0.8999999761581421,0.8999999761581421,0.8999999761581421
2026-07-09,D,印尼,811.5859375,5862,38.6,15.8,8.16,3413.984375,9655,6174.545708139774,642.6778364644941,654.5933227539062,624.3235473632812,-17.58196557916189,513.7212263221487,514.6432176408113,367.6293942605841,355.1100493572084,4.561242543892527,9243.338603236092,93.04800376976672,6117.457251910359,9.372733116149902,44.348411560058594,60,60,50,50,0.8999999761581421,0.8999999761581421,0.8999999761581421,0.8999999761581421
2026-07-10,A,南非,965.984375,6216,26.86,8,13.43,3417.8828125,9713,6303.809341492015,645.8274119345429,659.4841918945312,613.361328125,-18.31563225395135,511.17918328329625,512.3026784148291,368.61234190405867,350.45513519767286,,9243.191818834292,65.11304978170574,2787.9617044825245,9.53515625,44.6875,60,60,50,50,0.8999999761581421,0.8999999761581421,0.8999999761581421,0.8999999761581421
2026-07-10,B,南非,793.765625,6216,26.86,8,13.43,3417.8828125,9713,6303.809341492015,645.8274119345429,659.4841918945312,613.361328125,-18.31563225395135,511.17918328329625,512.3026784148291,368.61234190405867,350.45513519767286,,9243.191818834292,65.11304978170574,2787.9617044825245,9.53515625,44.6875,60,60,50,50,0.8999999761581421,0.8999999761581421,0.8999999761581421,0.8999999761581421
2026-07-10,C,俄羅斯,824.0390625,6397,30.55,7.2,12.09,3417.8828125,9713,6303.809341492015,645.8274119345429,659.4841918945312,613.361328125,-18.31563225395135,511.17918328329625,512.3026784148291,368.61234190405867,350.45513519767286,,9243.191818834292,65.11304978170574,2787.9617044825245,9.53515625,44.6875,60,60,50,50,0.8999999761581421,0.8999999761581421,0.8999999761581421,0.8999999761581421
2026-07-10,D,俄羅斯,834.09375,6397,30.55,7.2,12.09,3417.8828125,9713,6303.809341492015,645.8274119345429,659.4841918945312,613.361328125,-18.31563225395135,511.17918328329625,512.3026784148291,368.61234190405867,350.45513519767286,,9243.191818834292,65.11304978170574,2787.9617044825245,9.53515625,44.6875,60,60,50,50,0.8999999761581421,0.8999999761581421,0.8999999761581421,0.8999999761581421
2026-07-11,A,南非,799.9296875,6216,26.86,8,13.43,2496.765625,6846,6285.764510961056,450.7706283608361,652.1234130859375,366.3394470214844,-29.000058011310855,513.6538055487588,514.905767910232,346.1952449688626,356.0324952880991,,9243.316052072116,111.93586548257561,1475.442207505592,9.285296440124512,44.46875,60,60,50,50,0.8999999761581421,0.8999999761581421,0.8999999761581421,0.8999999761581421
2026-07-11,B,南非,734.484375,6216,26.86,8,13.43,2496.765625,6846,6285.764510961056,450.7706283608361,652.1234130859375,366.3394470214844,-29.000058011310855,513.6538055487588,514.905767910232,346.1952449688626,356.0324952880991,,9243.316052072116,111.93586548257561,1475.442207505592,9.285296440124512,44.46875,60,60,50,50,0.8999999761581421,0.8999999761581421,0.8999999761581421,0.8999999761581421
2026-07-11,C,俄羅斯,703.7265625,6397,30.55,7.2,12.09,2496.765625,6846,6285.764510961056,450.7706283608361,652.1234130859375,366.3394470214844,-29.000058011310855,513.6538055487588,514.905767910232,346.1952449688626,356.0324952880991,,9243.316052072116,111.93586548257561,1475.442207505592,9.285296440124512,44.46875,60,60,50,50,0.8999999761581421,0.8999999761581421,0.8999999761581421,0.8999999761581421
2026-07-11,D,俄羅斯,258.625,6397,30.55,7.2,12.09,2496.765625,6846,6285.764510961056,450.7706283608361,652.1234130859375,366.3394470214844,-29.000058011310855,513.6538055487588,514.905767910232,346.1952449688626,356.0324952880991,,9243.316052072116,111.93586548257561,1475.442207505592,9.285296440124512,44.46875,60,60,50,50,0.8999999761581421,0.8999999761581421,0.8999999761581421,0.8999999761581421
2026-07-13,A,南非,985.140625,6216,26.86,8,13.43,3497.4296875,9645,6050.429239329776,641.1304668611882,649.5748291015625,633.3590087890625,-30,521.1032712475424,521.6660127153418,375.0601775852381,362.69538958689645,3.7794701062709253,9181.196593203198,103.01390627165327,3526.8274899670923,9.471821784973145,44.61616897583008,60,60,50,50,0.8999999761581421,0.8999999761581421,0.8999999761581421,0.8999999761581421
2026-07-13,B,南非,876.4921875,6216,26.86,8,13.43,3497.4296875,9645,6050.429239329776,641.1304668611882,649.5748291015625,633.3590087890625,-30,521.1032712475424,521.6660127153418,375.0601775852381,362.69538958689645,3.7794701062709253,9181.196593203198,103.01390627165327,3526.8274899670923,9.471821784973145,44.61616897583008,60,60,50,50,0.8999999761581421,0.8999999761581421,0.8999999761581421,0.8999999761581421
2026-07-13,C,印尼,812.8984375,5862,38.6,15.8,8.16,3497.4296875,9645,6050.429239329776,641.1304668611882,649.5748291015625,633.3590087890625,-30,521.1032712475424,521.6660127153418,375.0601775852381,362.69538958689645,3.7794701062709253,9181.196593203198,103.01390627165327,3526.8274899670923,9.471821784973145,44.61616897583008,60,60,50,50,0.8999999761581421,0.8999999761581421,0.8999999761581421,0.8999999761581421
2026-07-13,D,印尼,822.8984375,5862,38.6,15.8,8.16,3497.4296875,9645,6050.429239329776,641.1304668611882,649.5748291015625,633.3590087890625,-30,521.1032712475424,521.6660127153418,375.0601775852381,362.69538958689645,3.7794701062709253,9181.196593203198,103.01390627165327,3526.8274899670923,9.471821784973145,44.61616897583008,60,60,50,50,0.8999999761581421,0.8999999761581421,0.8999999761581421,0.8999999761581421
2026-07-14,A,南非,991.390625,6216,26.86,8,13.43,3574,9694,6050.026904378848,645.7564383504335,656.1064453125,634.707763671875,-30,520.0431666067593,520.7123477369084,374.33726278165494,366.84162879283286,3.5200644448294636,9247.159261415281,103.9398165531539,4774.923200323947,9.1875,44,60,60,50,50,0.800000011920929,0.800000011920929,0.800000011920929,0.800000011920929
2026-07-14,B,南非,906.9375,6216,26.86,8,13.43,3574,9694,6050.026904378848,645.7564383504335,656.1064453125,634.707763671875,-30,520.0431666067593,520.7123477369084,374.33726278165494,366.84162879283286,3.5200644448294636,9247.159261415281,103.9398165531539,4774.923200323947,9.1875,44,60,60,50,50,0.800000011920929,0.800000011920929,0.800000011920929,0.800000011920929
2026-07-14,C,印尼,821.5,5862,38.6,15.8,8.16,3574,9694,6050.026904378848,645.7564383504335,656.1064453125,634.707763671875,-30,520.0431666067593,520.7123477369084,374.33726278165494,366.84162879283286,3.5200644448294636,9247.159261415281,103.9398165531539,4774.923200323947,9.1875,44,60,60,50,50,0.800000011920929,0.800000011920929,0.800000011920929,0.800000011920929
2026-07-14,D,印尼,854.171875,5862,38.6,15.8,8.16,3574,9694,6050.026904378848,645.7564383504335,656.1064453125,634.707763671875,-30,520.0431666067593,520.7123477369084,374.33726278165494,366.84162879283286,3.5200644448294636,9247.159261415281,103.9398165531539,4774.923200323947,9.1875,44,60,60,50,50,0.800000011920929,0.800000011920929,0.800000011920929,0.800000011920929
2026-07-15,A,澳洲,918.3515625,6174,26.53,11.1,13.13,3453.3203125,9712,6017.014291046887,647.8860290995644,656.8101196289062,639.392578125,-30,518.6270224831321,519.352454614745,373.83705081643654,358.32775892449257,3.84455293439693,9003.57529988824,103.73299393579859,2908.6027999505764,9.472944259643555,44.68294143676758,60,60,50,50,0.6000000238418579,0.6000000238418579,0.6000000238418579,0.6000000238418579
2026-07-15,B,澳洲,797.3984375,6174,26.53,11.1,13.13,3453.3203125,9712,6017.014291046887,647.8860290995644,656.8101196289062,639.392578125,-30,518.6270224831321,519.352454614745,373.83705081643654,358.32775892449257,3.84455293439693,9003.57529988824,103.73299393579859,2908.6027999505764,9.472944259643555,44.68294143676758,60,60,50,50,0.6000000238418579,0.6000000238418579,0.6000000238418579,0.6000000238418579
2026-07-15,C,印尼,811.859375,5862,38.6,15.8,8.16,3453.3203125,9712,6017.014291046887,647.8860290995644,656.8101196289062,639.392578125,-30,518.6270224831321,519.352454614745,373.83705081643654,358.32775892449257,3.84455293439693,9003.57529988824,103.73299393579859,2908.6027999505764,9.472944259643555,44.68294143676758,60,60,50,50,0.6000000238418579,0.6000000238418579,0.6000000238418579,0.6000000238418579
2026-07-15,D,印尼,925.7109375,5862,38.6,15.8,8.16,3453.3203125,9712,6017.014291046887,647.8860290995644,656.8101196289062,639.392578125,-30,518.6270224831321,519.352454614745,373.83705081643654,358.32775892449257,3.84455293439693,9003.57529988824,103.73299393579859,2908.6027999505764,9.472944259643555,44.68294143676758,60,60,50,50,0.6000000238418579,0.6000000238418579,0.6000000238418579,0.6000000238418579
2026-07-16,A,澳洲,891.2421875,6174,26.53,11.1,13.13,3461.125,9722,6014.498465094442,647.8339460524147,655.1279296875,640.6892700195312,-30,519.3584376163864,520.1411434266626,372.4625334813695,358.500592126756,5.743435684883963,8993.136436777197,105.53220873238506,3446.891488627161,8.921875,43.47337341308594,60,60,50,50,0.6000000238418579,0.6000000238418579,0.6000000238418579,0.6000000238418579
2026-07-16,B,澳洲,800.4765625,6174,26.53,11.1,13.13,3461.125,9722,6014.498465094442,647.8339460524147,655.1279296875,640.6892700195312,-30,519.3584376163864,520.1411434266626,372.4625334813695,358.500592126756,5.743435684883963,8993.136436777197,105.53220873238506,3446.891488627161,8.921875,43.47337341308594,60,60,50,50,0.6000000238418579,0.6000000238418579,0.6000000238418579,0.6000000238418579
2026-07-16,C,印尼,836.3046875,5862,38.6,15.8,8.16,3461.125,9722,6014.498465094442,647.8339460524147,655.1279296875,640.6892700195312,-30,519.3584376163864,520.1411434266626,372.4625334813695,358.500592126756,5.743435684883963,8993.136436777197,105.53220873238506,3446.891488627161,8.921875,43.47337341308594,60,60,50,50,0.6000000238418579,0.6000000238418579,0.6000000238418579,0.6000000238418579
2026-07-16,D,印尼,933.1015625,5862,38.6,15.8,8.16,3461.125,9722,6014.498465094442,647.8339460524147,655.1279296875,640.6892700195312,-30,519.3584376163864,520.1411434266626,372.4625334813695,358.500592126756,5.743435684883963,8993.136436777197,105.53220873238506,3446.891488627161,8.921875,43.47337341308594,60,60,50,50,0.6000000238418579,0.6000000238418579,0.6000000238418579,0.6000000238418579
2026-07-17,A,澳洲,861,6174,26.53,11.1,13.13,3438.125,9735,6171.306092074168,648.047056154217,654.068359375,641.0021362304688,-30,521.4749081224666,522.1761039852303,373.02493905281017,353.48092255125283,5.683347757573145,9007.062981845917,108.32660313879043,3349.8192085553696,9.437911987304688,44.5625,60,60,50,50,0.800000011920929,0.800000011920929,0.800000011920929,0.800000011920929
2026-07-17,B,澳洲,724.7265625,6174,26.53,11.1,13.13,3438.125,9735,6171.306092074168,648.047056154217,654.068359375,641.0021362304688,-30,521.4749081224666,522.1761039852303,373.02493905281017,353.48092255125283,5.683347757573145,9007.062981845917,108.32660313879043,3349.8192085553696,9.437911987304688,44.5625,60,60,50,50,0.800000011920929,0.800000011920929,0.800000011920929,0.800000011920929
2026-07-17,C,印尼,901.046875,6169,38.08,16.14,4.84,3438.125,9735,6171.306092074168,648.047056154217,654.068359375,641.0021362304688,-30,521.4749081224666,522.1761039852303,373.02493905281017,353.48092255125283,5.683347757573145,9007.062981845917,108.32660313879043,3349.8192085553696,9.437911987304688,44.5625,60,60,50,50,0.800000011920929,0.800000011920929,0.800000011920929,0.800000011920929
2026-07-17,D,印尼,951.3515625,6169,38.08,16.14,4.84,3438.125,9735,6171.306092074168,648.047056154217,654.068359375,641.0021362304688,-30,521.4749081224666,522.1761039852303,373.02493905281017,353.48092255125283,5.683347757573145,9007.062981845917,108.32660313879043,3349.8192085553696,9.437911987304688,44.5625,60,60,50,50,0.800000011920929,0.800000011920929,0.800000011920929,0.800000011920929
2026-07-18,A,澳洲,855.890625,6174,26.53,11.1,13.13,3350.3828125,9724,6171.3514337214265,648.0193081828944,654.267578125,643.1406860351562,-30,526.2993105192671,526.9369586682373,372.6502875351324,343.5235285974855,2.9350657977731807,8748.321905169045,120.64803719361976,7177.225551326101,9.47265625,44.59375,60,60,50,50,0.6000000238418579,0.6000000238418579,0.6000000238418579,0.6000000238418579
2026-07-18,B,澳洲,719.75,6174,26.53,11.1,13.13,3350.3828125,9724,6171.3514337214265,648.0193081828944,654.267578125,643.1406860351562,-30,526.2993105192671,526.9369586682373,372.6502875351324,343.5235285974855,2.9350657977731807,8748.321905169045,120.64803719361976,7177.225551326101,9.47265625,44.59375,60,60,50,50,0.6000000238418579,0.6000000238418579,0.6000000238418579,0.6000000238418579
2026-07-18,C,印尼,878.6484375,6169,38.08,16.14,4.84,3350.3828125,9724,6171.3514337214265,648.0193081828944,654.267578125,643.1406860351562,-30,526.2993105192671,526.9369586682373,372.6502875351324,343.5235285974855,2.9350657977731807,8748.321905169045,120.64803719361976,7177.225551326101,9.47265625,44.59375,60,60,50,50,0.6000000238418579,0.6000000238418579,0.6000000238418579,0.6000000238418579
2026-07-18,D,印尼,896.09375,6169,38.08,16.14,4.84,3350.3828125,9724,6171.3514337214265,648.0193081828944,654.267578125,643.1406860351562,-30,526.2993105192671,526.9369586682373,372.6502875351324,343.5235285974855,2.9350657977731807,8748.321905169045,120.64803719361976,7177.225551326101,9.47265625,44.59375,60,60,50,50,0.6000000238418579,0.6000000238418579,0.6000000238418579,0.6000000238418579
2026-07-20,A,澳洲,873.6171875,6174,26.53,11.1,13.13,3432.6328125,9699,6171.371699019293,648.1956555300661,655.7598876953125,641.7417602539062,-30,527.1487188571837,527.8704321749194,374.51715998004653,351.5954684821311,3.533216282161817,9078.540589179744,110.80187962906324,6988.616900594166,9.898171424865723,45.37055587768555,60,60,50,50,0.6000000238418579,0.6000000238418579,0.6000000238418579,0.6000000238418579
2026-07-20,B,澳洲,754.6171875,6174,26.53,11.1,13.13,3432.6328125,9699,6171.371699019293,648.1956555300661,655.7598876953125,641.7417602539062,-30,527.1487188571837,527.8704321749194,374.51715998004653,351.5954684821311,3.533216282161817,9078.540589179744,110.80187962906324,6988.616900594166,9.898171424865723,45.37055587768555,60,60,50,50,0.6000000238418579,0.6000000238418579,0.6000000238418579,0.6000000238418579
2026-07-20,C,印尼,878.453125,6169,38.08,16.14,4.84,3432.6328125,9699,6171.371699019293,648.1956555300661,655.7598876953125,641.7417602539062,-30,527.1487188571837,527.8704321749194,374.51715998004653,351.5954684821311,3.533216282161817,9078.540589179744,110.80187962906324,6988.616900594166,9.898171424865723,45.37055587768555,60,60,50,50,0.6000000238418579,0.6000000238418579,0.6000000238418579,0.6000000238418579
2026-07-20,D,印尼,925.9453125,6169,38.08,16.14,4.84,3432.6328125,9699,6171.371699019293,648.1956555300661,655.7598876953125,641.7417602539062,-30,527.1487188571837,527.8704321749194,374.51715998004653,351.5954684821311,3.533216282161817,9078.540589179744,110.80187962906324,6988.616900594166,9.898171424865723,45.37055587768555,60,60,50,50,0.6000000238418579,0.6000000238418579,0.6000000238418579,0.6000000238418579
2026-07-21,A,澳洲,857.9140625,6174,26.53,11.1,13.13,3400.15625,9735,6171.3538899866735,647.9749485806126,658.410888671875,638.8391723632812,-30,529.4834908698984,530.1147619953705,376.4157691498818,344.3449151706451,3.047725702438741,8891.303851667817,113.24827491100505,4190.085870476361,9.79662799835205,45.37044143676758,60,60,50,50,0.6000000238418579,0.6000000238418579,0.6000000238418579,0.6000000238418579
2026-07-21,B,澳洲,742.8046875,6174,26.53,11.1,13.13,3400.15625,9735,6171.3538899866735,647.9749485806126,658.410888671875,638.8391723632812,-30,529.4834908698984,530.1147619953705,376.4157691498818,344.3449151706451,3.047725702438741,8891.303851667817,113.24827491100505,4190.085870476361,9.79662799835205,45.37044143676758,60,60,50,50,0.6000000238418579,0.6000000238418579,0.6000000238418579,0.6000000238418579
2026-07-21,C,印尼,891.4765625,6169,38.08,16.14,4.84,3400.15625,9735,6171.3538899866735,647.9749485806126,658.410888671875,638.8391723632812,-30,529.4834908698984,530.1147619953705,376.4157691498818,344.3449151706451,3.047725702438741,8891.303851667817,113.24827491100505,4190.085870476361,9.79662799835205,45.37044143676758,60,60,50,50,0.6000000238418579,0.6000000238418579,0.6000000238418579,0.6000000238418579
2026-07-21,D,印尼,907.9609375,6169,38.08,16.14,4.84,3400.15625,9735,6171.3538899866735,647.9749485806126,658.410888671875,638.8391723632812,-30,529.4834908698984,530.1147619953705,376.4157691498818,344.3449151706451,3.047725702438741,8891.303851667817,113.24827491100505,4190.085870476361,9.79662799835205,45.37044143676758,60,60,50,50,0.6000000238418579,0.6000000238418579,0.6000000238418579,0.6000000238418579
2026-07-22,A,澳洲,834.265625,6174,26.53,11.1,13.13,3403.4453125,9735,6171.315254992069,648.327792974994,660.8580932617188,640.6848754882812,-30,530.7782334287521,531.4258675924161,376.9479428648684,347.0837160477628,2.9301735860429936,8961.942550657723,114.21038869109228,4402.2299046484695,9.797213554382324,45.31696319580078,60,60,50,50,0.6000000238418579,0.6000000238418579,0.6000000238418579,0.6000000238418579
2026-07-22,B,澳洲,741.703125,6174,26.53,11.1,13.13,3403.4453125,9735,6171.315254992069,648.327792974994,660.8580932617188,640.6848754882812,-30,530.7782334287521,531.4258675924161,376.9479428648684,347.0837160477628,2.9301735860429936,8961.942550657723,114.21038869109228,4402.2299046484695,9.797213554382324,45.31696319580078,60,60,50,50,0.6000000238418579,0.6000000238418579,0.6000000238418579,0.6000000238418579
2026-07-22,C,印尼,894.03125,6169,38.08,16.14,4.84,3403.4453125,9735,6171.315254992069,648.327792974994,660.8580932617188,640.6848754882812,-30,530.7782334287521,531.4258675924161,376.9479428648684,347.0837160477628,2.9301735860429936,8961.942550657723,114.21038869109228,4402.2299046484695,9.797213554382324,45.31696319580078,60,60,50,50,0.6000000238418579,0.6000000238418579,0.6000000238418579,0.6000000238418579
2026-07-22,D,印尼,933.4453125,6169,38.08,16.14,4.84,3403.4453125,9735,6171.315254992069,648.327792974994,660.8580932617188,640.6848754882812,-30,530.7782334287521,531.4258675924161,376.9479428648684,347.0837160477628,2.9301735860429936,8961.942550657723,114.21038869109228,4402.2299046484695,9.797213554382324,45.31696319580078,60,60,50,50,0.6000000238418579,0.6000000238418579,0.6000000238418579,0.6000000238418579
2026-07-23,A,澳洲,856.796875,6174,26.53,11.1,13.13,3422.9765625,9714,6171.34157497244,648.3776108529562,656.086669921875,641.23583984375,-30,526.968576638503,527.7021987813539,375.90617546538294,349.42373421861714,4.843454599314443,9022.516099248955,112.38514777984958,5452.547640189363,9.9609375,45.52671813964844,60,60,50,50,0.6000000238418579,0.6000000238418579,0.6000000238418579,0.6000000238418579
2026-07-23,B,澳洲,746.234375,6174,26.53,11.1,13.13,3422.9765625,9714,6171.34157497244,648.3776108529562,656.086669921875,641.23583984375,-30,526.968576638503,527.7021987813539,375.90617546538294,349.42373421861714,4.843454599314443,9022.516099248955,112.38514777984958,5452.547640189363,9.9609375,45.52671813964844,60,60,50,50,0.6000000238418579,0.6000000238418579,0.6000000238418579,0.6000000238418579
2026-07-23,C,印尼,878.5859375,6169,38.08,16.14,4.84,3422.9765625,9714,6171.34157497244,648.3776108529562,656.086669921875,641.23583984375,-30,526.968576638503,527.7021987813539,375.90617546538294,349.42373421861714,4.843454599314443,9022.516099248955,112.38514777984958,5452.547640189363,9.9609375,45.52671813964844,60,60,50,50,0.6000000238418579,0.6000000238418579,0.6000000238418579,0.6000000238418579
2026-07-23,D,印尼,941.359375,6169,38.08,16.14,4.84,3422.9765625,9714,6171.34157497244,648.3776108529562,656.086669921875,641.23583984375,-30,526.968576638503,527.7021987813539,375.90617546538294,349.42373421861714,4.843454599314443,9022.516099248955,112.38514777984958,5452.547640189363,9.9609375,45.52671813964844,60,60,50,50,0.6000000238418579,0.6000000238418579,0.6000000238418579,0.6000000238418579
2026-07-24,A,印尼+澳洲,970.890625,6171.5,32.31,13.62,8.99,3548.0078125,9726,6171.5,648.4921254501928,658.409423828125,640.1737670898438,-30,523.5351574679964,524.2558894189128,375.8453509548551,361.75847457627117,6.695019175838366,9341.166709745763,106.23907900385211,5288.236922219693,9.796875,45.129451751708984,60,60,50,50,0.6000000238418579,0.6000000238418579,0.6000000238418579,0.6000000238418579
2026-07-24,B,印尼+澳洲,892.9609375,6171.5,32.31,13.62,8.99,3548.0078125,9726,6171.5,648.4921254501928,658.409423828125,640.1737670898438,-30,523.5351574679964,524.2558894189128,375.8453509548551,361.75847457627117,6.695019175838366,9341.166709745763,106.23907900385211,5288.236922219693,9.796875,45.129451751708984,60,60,50,50,0.6000000238418579,0.6000000238418579,0.6000000238418579,0.6000000238418579
2026-07-24,C,印尼+澳洲,842.5234375,6171.5,32.31,13.62,8.99,3548.0078125,9726,6171.5,648.4921254501928,658.409423828125,640.1737670898438,-30,523.5351574679964,524.2558894189128,375.8453509548551,361.75847457627117,6.695019175838366,9341.166709745763,106.23907900385211,5288.236922219693,9.796875,45.129451751708984,60,60,50,50,0.6000000238418579,0.6000000238418579,0.6000000238418579,0.6000000238418579
2026-07-24,D,印尼+澳洲,841.6328125,6171.5,32.31,13.62,8.99,3548.0078125,9726,6171.5,648.4921254501928,658.409423828125,640.1737670898438,-30,523.5351574679964,524.2558894189128,375.8453509548551,361.75847457627117,6.695019175838366,9341.166709745763,106.23907900385211,5288.236922219693,9.796875,45.129451751708984,60,60,50,50,0.6000000238418579,0.6000000238418579,0.6000000238418579,0.6000000238418579
2026-07-25,A,印尼+澳洲,987.4140625,6171.5,32.31,13.62,8.99,3585.796875,9735,6171.5,648.4541309093271,659.2785034179688,639.6356811523438,-30,526.2586043330359,526.9148248981213,376.8037306622761,365.4996897857889,8.410794964830298,9437.770707786376,103.73639146927455,5548.464171246785,9.897195816040039,45.50440979003906,60,60,50,50,0.6000000238418579,0.6000000238418579,0.6000000238418579,0.6000000238418579
2026-07-25,B,印尼+澳洲,897.4453125,6171.5,32.31,13.62,8.99,3585.796875,9735,6171.5,648.4541309093271,659.2785034179688,639.6356811523438,-30,526.2586043330359,526.9148248981213,376.8037306622761,365.4996897857889,8.410794964830298,9437.770707786376,103.73639146927455,5548.464171246785,9.897195816040039,45.50440979003906,60,60,50,50,0.6000000238418579,0.6000000238418579,0.6000000238418579,0.6000000238418579
2026-07-25,C,印尼+澳洲,855.3046875,6171.5,32.31,13.62,8.99,3585.796875,9735,6171.5,648.4541309093271,659.2785034179688,639.6356811523438,-30,526.2586043330359,526.9148248981213,376.8037306622761,365.4996897857889,8.410794964830298,9437.770707786376,103.73639146927455,5548.464171246785,9.897195816040039,45.50440979003906,60,60,50,50,0.6000000238418579,0.6000000238418579,0.6000000238418579,0.6000000238418579
2026-07-25,D,印尼+澳洲,845.6328125,6171.5,32.31,13.62,8.99,3585.796875,9735,6171.5,648.4541309093271,659.2785034179688,639.6356811523438,-30,526.2586043330359,526.9148248981213,376.8037306622761,365.4996897857889,8.410794964830298,9437.770707786376,103.73639146927455,5548.464171246785,9.897195816040039,45.50440979003906,60,60,50,50,0.6000000238418579,0.6000000238418579,0.6000000238418579,0.6000000238418579
2026-07-27,A,印尼+澳洲,950.6796875,6171.5,32.31,13.62,8.99,3500.125,9699,6171.5,646.1547772731927,657.6875,603.0718994140625,-30,527.6267270174893,528.2505130810114,376.9149408107851,358.37513113034356,4.166570240893131,9258.7486314821,106.46069082188237,4693.895861538974,9.562999725341797,45.03125,60,60,50,50,0.6000000238418579,0.6000000238418579,0.6000000238418579,0.6000000238418579
2026-07-27,B,印尼+澳洲,849.75,6171.5,32.31,13.62,8.99,3500.125,9699,6171.5,646.1547772731927,657.6875,603.0718994140625,-30,527.6267270174893,528.2505130810114,376.9149408107851,358.37513113034356,4.166570240893131,9258.7486314821,106.46069082188237,4693.895861538974,9.562999725341797,45.03125,60,60,50,50,0.6000000238418579,0.6000000238418579,0.6000000238418579,0.6000000238418579
2026-07-27,C,印尼+澳洲,849.2578125,6171.5,32.31,13.62,8.99,3500.125,9699,6171.5,646.1547772731927,657.6875,603.0718994140625,-30,527.6267270174893,528.2505130810114,376.9149408107851,358.37513113034356,4.166570240893131,9258.7486314821,106.46069082188237,4693.895861538974,9.562999725341797,45.03125,60,60,50,50,0.6000000238418579,0.6000000238418579,0.6000000238418579,0.6000000238418579
2026-07-27,D,印尼+澳洲,850.4375,6171.5,32.31,13.62,8.99,3500.125,9699,6171.5,646.1547772731927,657.6875,603.0718994140625,-30,527.6267270174893,528.2505130810114,376.9149408107851,358.37513113034356,4.166570240893131,9258.7486314821,106.46069082188237,4693.895861538974,9.562999725341797,45.03125,60,60,50,50,0.6000000238418579,0.6000000238418579,0.6000000238418579,0.6000000238418579
2026-07-28,A,印尼+澳洲,933.765625,6192,32.33,13.15,8.64,3530.0625,9735,6192,647.8234643180048,655.554931640625,640.9815673828125,-30,530.6333360354811,531.153666900161,376.1455018578506,362.29877433426657,2.933190925482733,9379.913855059494,100.0631119840161,3092.4026257330984,9.8984375,45.31694412231445,60,60,50,50,0.6000000238418579,0.6000000238418579,0.6000000238418579,0.6000000238418579
2026-07-28,B,印尼+澳洲,861.2734375,6192,32.33,13.15,8.64,3530.0625,9735,6192,647.8234643180048,655.554931640625,640.9815673828125,-30,530.6333360354811,531.153666900161,376.1455018578506,362.29877433426657,2.933190925482733,9379.913855059494,100.0631119840161,3092.4026257330984,9.8984375,45.31694412231445,60,60,50,50,0.6000000238418579,0.6000000238418579,0.6000000238418579,0.6000000238418579
2026-07-28,C,印尼+澳洲,873.3046875,6192,32.33,13.15,8.64,3530.0625,9735,6192,647.8234643180048,655.554931640625,640.9815673828125,-30,530.6333360354811,531.153666900161,376.1455018578506,362.29877433426657,2.933190925482733,9379.913855059494,100.0631119840161,3092.4026257330984,9.8984375,45.31694412231445,60,60,50,50,0.6000000238418579,0.6000000238418579,0.6000000238418579,0.6000000238418579
2026-07-28,D,印尼+澳洲,861.71875,6192,32.33,13.15,8.64,3530.0625,9735,6192,647.8234643180048,655.554931640625,640.9815673828125,-30,530.6333360354811,531.153666900161,376.1455018578506,362.29877433426657,2.933190925482733,9379.913855059494,100.0631119840161,3092.4026257330984,9.8984375,45.31694412231445,60,60,50,50,0.6000000238418579,0.6000000238418579,0.6000000238418579,0.6000000238418579
2026-07-29,A,印尼+澳洲,,,,,,,,,,,, ,,,,,,, ,,,,,,,,,,,
2026-07-29,B,印尼+澳洲,,,,,,,,,,,, ,,,,,,, ,,,,,,,,,,,
2026-07-29,C,印尼+澳洲,,,,,,,,,,,, ,,,,,,, ,,,,,,,,,,,
2026-07-29,D,印尼+澳洲,,,,,,,,,,,, ,,,,,,, ,,,,,,,,,,,
